-22,-19,0+PbxIRMXdA06x66hK4Un6MfTIU=,2G5OtsGM7nIIem6OcqZcdr1FJKc=
-21,-19,0+PbxIRMXdA06x66hK4Un6MfTIU=,2G5OtsGM7nIIem6OcqZcdr1FJKc=
-23,-19,0+PbxIRMXdA06x66hK4Un6MfTIU=,2G5OtsGM7nIIem6OcqZcdr1FJKc=
-21,-20,0+PbxIRMXdA06x66hK4Un6MfTIU=,2G5OtsGM7nIIem6OcqZcdr1FJKc=
-22,-20,0+PbxIRMXdA06x66hK4Un6MfTIU=,2G5OtsGM7nIIem6OcqZcdr1FJKc=
-17,-23,0+PbxIRMXdA06x66hK4Un6MfTIU=,2G5OtsGM7nIIem6OcqZcdr1FJKc=
-23,-23,0+PbxIRMXdA06x66hK4Un6MfTIU=,2G5OtsGM7nIIem6OcqZcdr1FJKc=
-21,-24,0+PbxIRMXdA06x66hK4Un6MfTIU=,2G5OtsGM7nIIem6OcqZcdr1FJKc=
-18,-23,0+PbxIRMXdA06x66hK4Un6MfTIU=,2G5OtsGM7nIIem6OcqZcdr1FJKc=
-24,-23,0+PbxIRMXdA06x66hK4Un6MfTIU=,2G5OtsGM7nIIem6OcqZcdr1FJKc=
-17,-24,0+PbxIRMXdA06x66hK4Un6MfTIU=,2G5OtsGM7nIIem6OcqZcdr1FJKc=
-22,-24,0+PbxIRMXdA06x66hK4Un6MfTIU=,2G5OtsGM7nIIem6OcqZcdr1FJKc=
-23,-20,0+PbxIRMXdA06x66hK4Un6MfTIU=,2G5OtsGM7nIIem6OcqZcdr1FJKc=
-24,-20,0+PbxIRMXdA06x66hK4Un6MfTIU=,2G5OtsGM7nIIem6OcqZcdr1FJKc=
-17,-21,0+PbxIRMXdA06x66hK4Un6MfTIU=,2G5OtsGM7nIIem6OcqZcdr1FJKc=
-18,-24,0+PbxIRMXdA06x66hK4Un6MfTIU=,2G5OtsGM7nIIem6OcqZcdr1FJKc=
-17,-22,0+PbxIRMXdA06x66hK4Un6MfTIU=,2G5OtsGM7nIIem6OcqZcdr1FJKc=
-19,-21,0+PbxIRMXdA06x66hK4Un6MfTIU=,2G5OtsGM7nIIem6OcqZcdr1FJKc=
-20,-21,0+PbxIRMXdA06x66hK4Un6MfTIU=,2G5OtsGM7nIIem6OcqZcdr1FJKc=
-21,-21,0+PbxIRMXdA06x66hK4Un6MfTIU=,2G5OtsGM7nIIem6OcqZcdr1FJKc=
-22,-21,0+PbxIRMXdA06x66hK4Un6MfTIU=,2G5OtsGM7nIIem6OcqZcdr1FJKc=
-23,-21,0+PbxIRMXdA06x66hK4Un6MfTIU=,2G5OtsGM7nIIem6OcqZcdr1FJKc=
-24,-21,0+PbxIRMXdA06x66hK4Un6MfTIU=,2G5OtsGM7nIIem6OcqZcdr1FJKc=
-19,-24,0+PbxIRMXdA06x66hK4Un6MfTIU=,2G5OtsGM7nIIem6OcqZcdr1FJKc=
-23,-24,0+PbxIRMXdA06x66hK4Un6MfTIU=,2G5OtsGM7nIIem6OcqZcdr1FJKc=
-19,-23,0+PbxIRMXdA06x66hK4Un6MfTIU=,2G5OtsGM7nIIem6OcqZcdr1FJKc=
-20,-24,0+PbxIRMXdA06x66hK4Un6MfTIU=,2G5OtsGM7nIIem6OcqZcdr1FJKc=
-20,-23,0+PbxIRMXdA06x66hK4Un6MfTIU=,2G5OtsGM7nIIem6OcqZcdr1FJKc=
-20,-20,0+PbxIRMXdA06x66hK4Un6MfTIU=,2G5OtsGM7nIIem6OcqZcdr1FJKc=
-18,-20,0+PbxIRMXdA06x66hK4Un6MfTIU=,2G5OtsGM7nIIem6OcqZcdr1FJKc=
-19,-20,0+PbxIRMXdA06x66hK4Un6MfTIU=,2G5OtsGM7nIIem6OcqZcdr1FJKc=
-17,-20,0+PbxIRMXdA06x66hK4Un6MfTIU=,2G5OtsGM7nIIem6OcqZcdr1FJKc=
-24,-19,0+PbxIRMXdA06x66hK4Un6MfTIU=,2G5OtsGM7nIIem6OcqZcdr1FJKc=
-18,-21,0+PbxIRMXdA06x66hK4Un6MfTIU=,2G5OtsGM7nIIem6OcqZcdr1FJKc=
-24,-22,0+PbxIRMXdA06x66hK4Un6MfTIU=,2G5OtsGM7nIIem6OcqZcdr1FJKc=
-23,-22,0+PbxIRMXdA06x66hK4Un6MfTIU=,2G5OtsGM7nIIem6OcqZcdr1FJKc=
-22,-22,0+PbxIRMXdA06x66hK4Un6MfTIU=,2G5OtsGM7nIIem6OcqZcdr1FJKc=
-21,-22,0+PbxIRMXdA06x66hK4Un6MfTIU=,2G5OtsGM7nIIem6OcqZcdr1FJKc=
-20,-22,0+PbxIRMXdA06x66hK4Un6MfTIU=,2G5OtsGM7nIIem6OcqZcdr1FJKc=
-19,-22,0+PbxIRMXdA06x66hK4Un6MfTIU=,2G5OtsGM7nIIem6OcqZcdr1FJKc=
-18,-22,0+PbxIRMXdA06x66hK4Un6MfTIU=,2G5OtsGM7nIIem6OcqZcdr1FJKc=
-24,-24,0+PbxIRMXdA06x66hK4Un6MfTIU=,2G5OtsGM7nIIem6OcqZcdr1FJKc=
-20,-17,0+PbxIRMXdA06x66hK4Un6MfTIU=,2G5OtsGM7nIIem6OcqZcdr1FJKc=
-21,-17,0+PbxIRMXdA06x66hK4Un6MfTIU=,2G5OtsGM7nIIem6OcqZcdr1FJKc=
-22,-17,0+PbxIRMXdA06x66hK4Un6MfTIU=,2G5OtsGM7nIIem6OcqZcdr1FJKc=
-21,-23,0+PbxIRMXdA06x66hK4Un6MfTIU=,2G5OtsGM7nIIem6OcqZcdr1FJKc=
-24,-17,0+PbxIRMXdA06x66hK4Un6MfTIU=,2G5OtsGM7nIIem6OcqZcdr1FJKc=
-20,-19,0+PbxIRMXdA06x66hK4Un6MfTIU=,2G5OtsGM7nIIem6OcqZcdr1FJKc=
-17,-17,0+PbxIRMXdA06x66hK4Un6MfTIU=,2G5OtsGM7nIIem6OcqZcdr1FJKc=
-18,-17,0+PbxIRMXdA06x66hK4Un6MfTIU=,2G5OtsGM7nIIem6OcqZcdr1FJKc=
-19,-17,0+PbxIRMXdA06x66hK4Un6MfTIU=,2G5OtsGM7nIIem6OcqZcdr1FJKc=
-20,-18,0+PbxIRMXdA06x66hK4Un6MfTIU=,2G5OtsGM7nIIem6OcqZcdr1FJKc=
-21,-18,0+PbxIRMXdA06x66hK4Un6MfTIU=,2G5OtsGM7nIIem6OcqZcdr1FJKc=
-22,-23,0+PbxIRMXdA06x66hK4Un6MfTIU=,2G5OtsGM7nIIem6OcqZcdr1FJKc=
-22,-18,0+PbxIRMXdA06x66hK4Un6MfTIU=,2G5OtsGM7nIIem6OcqZcdr1FJKc=
-23,-18,0+PbxIRMXdA06x66hK4Un6MfTIU=,2G5OtsGM7nIIem6OcqZcdr1FJKc=
-24,-18,0+PbxIRMXdA06x66hK4Un6MfTIU=,2G5OtsGM7nIIem6OcqZcdr1FJKc=
-19,-19,0+PbxIRMXdA06x66hK4Un6MfTIU=,2G5OtsGM7nIIem6OcqZcdr1FJKc=
-17,-18,0+PbxIRMXdA06x66hK4Un6MfTIU=,2G5OtsGM7nIIem6OcqZcdr1FJKc=
-19,-18,0+PbxIRMXdA06x66hK4Un6MfTIU=,2G5OtsGM7nIIem6OcqZcdr1FJKc=
-18,-18,0+PbxIRMXdA06x66hK4Un6MfTIU=,2G5OtsGM7nIIem6OcqZcdr1FJKc=
-17,-19,0+PbxIRMXdA06x66hK4Un6MfTIU=,2G5OtsGM7nIIem6OcqZcdr1FJKc=
-18,-19,0+PbxIRMXdA06x66hK4Un6MfTIU=,2G5OtsGM7nIIem6OcqZcdr1FJKc=
-23,-17,0+PbxIRMXdA06x66hK4Un6MfTIU=,2G5OtsGM7nIIem6OcqZcdr1FJKc=
-22,-3,jDiwfgMl5JNqTFSsuJWocgpRm78=,jhDLPV8GFIl/PAACDNVEJj5rJxo=
-21,-3,jDiwfgMl5JNqTFSsuJWocgpRm78=,jhDLPV8GFIl/PAACDNVEJj5rJxo=
-20,-3,jDiwfgMl5JNqTFSsuJWocgpRm78=,jhDLPV8GFIl/PAACDNVEJj5rJxo=
-19,-4,jDiwfgMl5JNqTFSsuJWocgpRm78=,jhDLPV8GFIl/PAACDNVEJj5rJxo=
-23,-3,jDiwfgMl5JNqTFSsuJWocgpRm78=,jhDLPV8GFIl/PAACDNVEJj5rJxo=
-24,-3,jDiwfgMl5JNqTFSsuJWocgpRm78=,jhDLPV8GFIl/PAACDNVEJj5rJxo=
-20,-4,jDiwfgMl5JNqTFSsuJWocgpRm78=,jhDLPV8GFIl/PAACDNVEJj5rJxo=
-21,-4,jDiwfgMl5JNqTFSsuJWocgpRm78=,jhDLPV8GFIl/PAACDNVEJj5rJxo=
-22,-4,jDiwfgMl5JNqTFSsuJWocgpRm78=,jhDLPV8GFIl/PAACDNVEJj5rJxo=
-23,-7,jDiwfgMl5JNqTFSsuJWocgpRm78=,jhDLPV8GFIl/PAACDNVEJj5rJxo=
-23,-4,jDiwfgMl5JNqTFSsuJWocgpRm78=,jhDLPV8GFIl/PAACDNVEJj5rJxo=
-24,-4,jDiwfgMl5JNqTFSsuJWocgpRm78=,jhDLPV8GFIl/PAACDNVEJj5rJxo=
-17,-4,jDiwfgMl5JNqTFSsuJWocgpRm78=,jhDLPV8GFIl/PAACDNVEJj5rJxo=
-24,-7,jDiwfgMl5JNqTFSsuJWocgpRm78=,jhDLPV8GFIl/PAACDNVEJj5rJxo=
-17,-5,jDiwfgMl5JNqTFSsuJWocgpRm78=,jhDLPV8GFIl/PAACDNVEJj5rJxo=
-18,-5,jDiwfgMl5JNqTFSsuJWocgpRm78=,jhDLPV8GFIl/PAACDNVEJj5rJxo=
-18,-4,jDiwfgMl5JNqTFSsuJWocgpRm78=,jhDLPV8GFIl/PAACDNVEJj5rJxo=
-17,-7,jDiwfgMl5JNqTFSsuJWocgpRm78=,jhDLPV8GFIl/PAACDNVEJj5rJxo=
-18,-7,jDiwfgMl5JNqTFSsuJWocgpRm78=,jhDLPV8GFIl/PAACDNVEJj5rJxo=
-20,-1,jDiwfgMl5JNqTFSsuJWocgpRm78=,jhDLPV8GFIl/PAACDNVEJj5rJxo=
-22,-1,jDiwfgMl5JNqTFSsuJWocgpRm78=,jhDLPV8GFIl/PAACDNVEJj5rJxo=
-21,-1,jDiwfgMl5JNqTFSsuJWocgpRm78=,jhDLPV8GFIl/PAACDNVEJj5rJxo=
-23,-1,jDiwfgMl5JNqTFSsuJWocgpRm78=,jhDLPV8GFIl/PAACDNVEJj5rJxo=
-24,-1,jDiwfgMl5JNqTFSsuJWocgpRm78=,jhDLPV8GFIl/PAACDNVEJj5rJxo=
-19,-5,jDiwfgMl5JNqTFSsuJWocgpRm78=,jhDLPV8GFIl/PAACDNVEJj5rJxo=
-18,-1,jDiwfgMl5JNqTFSsuJWocgpRm78=,jhDLPV8GFIl/PAACDNVEJj5rJxo=
-19,-1,jDiwfgMl5JNqTFSsuJWocgpRm78=,jhDLPV8GFIl/PAACDNVEJj5rJxo=
-17,-1,jDiwfgMl5JNqTFSsuJWocgpRm78=,jhDLPV8GFIl/PAACDNVEJj5rJxo=
-20,-2,jDiwfgMl5JNqTFSsuJWocgpRm78=,jhDLPV8GFIl/PAACDNVEJj5rJxo=
-18,-2,jDiwfgMl5JNqTFSsuJWocgpRm78=,jhDLPV8GFIl/PAACDNVEJj5rJxo=
-17,-2,jDiwfgMl5JNqTFSsuJWocgpRm78=,jhDLPV8GFIl/PAACDNVEJj5rJxo=
-19,-2,jDiwfgMl5JNqTFSsuJWocgpRm78=,jhDLPV8GFIl/PAACDNVEJj5rJxo=
-21,-6,jDiwfgMl5JNqTFSsuJWocgpRm78=,jhDLPV8GFIl/PAACDNVEJj5rJxo=
-20,-6,jDiwfgMl5JNqTFSsuJWocgpRm78=,jhDLPV8GFIl/PAACDNVEJj5rJxo=
-23,-6,jDiwfgMl5JNqTFSsuJWocgpRm78=,jhDLPV8GFIl/PAACDNVEJj5rJxo=
-18,-6,jDiwfgMl5JNqTFSsuJWocgpRm78=,jhDLPV8GFIl/PAACDNVEJj5rJxo=
-22,-6,jDiwfgMl5JNqTFSsuJWocgpRm78=,jhDLPV8GFIl/PAACDNVEJj5rJxo=
-21,-2,jDiwfgMl5JNqTFSsuJWocgpRm78=,jhDLPV8GFIl/PAACDNVEJj5rJxo=
-21,-5,jDiwfgMl5JNqTFSsuJWocgpRm78=,jhDLPV8GFIl/PAACDNVEJj5rJxo=
-22,-5,jDiwfgMl5JNqTFSsuJWocgpRm78=,jhDLPV8GFIl/PAACDNVEJj5rJxo=
-23,-5,jDiwfgMl5JNqTFSsuJWocgpRm78=,jhDLPV8GFIl/PAACDNVEJj5rJxo=
-24,-5,jDiwfgMl5JNqTFSsuJWocgpRm78=,jhDLPV8GFIl/PAACDNVEJj5rJxo=
-23,-2,jDiwfgMl5JNqTFSsuJWocgpRm78=,jhDLPV8GFIl/PAACDNVEJj5rJxo=
-22,-2,jDiwfgMl5JNqTFSsuJWocgpRm78=,jhDLPV8GFIl/PAACDNVEJj5rJxo=
-24,-2,jDiwfgMl5JNqTFSsuJWocgpRm78=,jhDLPV8GFIl/PAACDNVEJj5rJxo=
-17,-6,jDiwfgMl5JNqTFSsuJWocgpRm78=,jhDLPV8GFIl/PAACDNVEJj5rJxo=
-21,-7,jDiwfgMl5JNqTFSsuJWocgpRm78=,jhDLPV8GFIl/PAACDNVEJj5rJxo=
-20,-5,jDiwfgMl5JNqTFSsuJWocgpRm78=,jhDLPV8GFIl/PAACDNVEJj5rJxo=
-24,-6,jDiwfgMl5JNqTFSsuJWocgpRm78=,jhDLPV8GFIl/PAACDNVEJj5rJxo=
-20,-7,jDiwfgMl5JNqTFSsuJWocgpRm78=,jhDLPV8GFIl/PAACDNVEJj5rJxo=
-19,-6,jDiwfgMl5JNqTFSsuJWocgpRm78=,jhDLPV8GFIl/PAACDNVEJj5rJxo=
-22,-7,jDiwfgMl5JNqTFSsuJWocgpRm78=,jhDLPV8GFIl/PAACDNVEJj5rJxo=
-19,-7,jDiwfgMl5JNqTFSsuJWocgpRm78=,jhDLPV8GFIl/PAACDNVEJj5rJxo=
-17,-3,jDiwfgMl5JNqTFSsuJWocgpRm78=,jhDLPV8GFIl/PAACDNVEJj5rJxo=
-18,-3,jDiwfgMl5JNqTFSsuJWocgpRm78=,jhDLPV8GFIl/PAACDNVEJj5rJxo=
-19,-3,jDiwfgMl5JNqTFSsuJWocgpRm78=,jhDLPV8GFIl/PAACDNVEJj5rJxo=
-21,-8,jDiwfgMl5JNqTFSsuJWocgpRm78=,jhDLPV8GFIl/PAACDNVEJj5rJxo=
-21,-13,jDiwfgMl5JNqTFSsuJWocgpRm78=,VheX/C/HX/29l0EzBijFTo1CiT8=
-22,-13,jDiwfgMl5JNqTFSsuJWocgpRm78=,VheX/C/HX/29l0EzBijFTo1CiT8=
-23,-13,jDiwfgMl5JNqTFSsuJWocgpRm78=,VheX/C/HX/29l0EzBijFTo1CiT8=
-24,-13,jDiwfgMl5JNqTFSsuJWocgpRm78=,VheX/C/HX/29l0EzBijFTo1CiT8=
-20,-13,jDiwfgMl5JNqTFSsuJWocgpRm78=,VheX/C/HX/29l0EzBijFTo1CiT8=
-18,-14,jDiwfgMl5JNqTFSsuJWocgpRm78=,VheX/C/HX/29l0EzBijFTo1CiT8=
-17,-9,jDiwfgMl5JNqTFSsuJWocgpRm78=,VheX/C/HX/29l0EzBijFTo1CiT8=
-22,-8,jDiwfgMl5JNqTFSsuJWocgpRm78=,jhDLPV8GFIl/PAACDNVEJj5rJxo=
-21,-14,jDiwfgMl5JNqTFSsuJWocgpRm78=,VheX/C/HX/29l0EzBijFTo1CiT8=
-22,-14,jDiwfgMl5JNqTFSsuJWocgpRm78=,VheX/C/HX/29l0EzBijFTo1CiT8=
-23,-14,jDiwfgMl5JNqTFSsuJWocgpRm78=,VheX/C/HX/29l0EzBijFTo1CiT8=
-17,-14,jDiwfgMl5JNqTFSsuJWocgpRm78=,VheX/C/HX/29l0EzBijFTo1CiT8=
-24,-14,jDiwfgMl5JNqTFSsuJWocgpRm78=,VheX/C/HX/29l0EzBijFTo1CiT8=
-19,-14,jDiwfgMl5JNqTFSsuJWocgpRm78=,VheX/C/HX/29l0EzBijFTo1CiT8=
-20,-14,jDiwfgMl5JNqTFSsuJWocgpRm78=,VheX/C/HX/29l0EzBijFTo1CiT8=
-19,-13,jDiwfgMl5JNqTFSsuJWocgpRm78=,VheX/C/HX/29l0EzBijFTo1CiT8=
-17,-15,jDiwfgMl5JNqTFSsuJWocgpRm78=,VheX/C/HX/29l0EzBijFTo1CiT8=
-18,-15,jDiwfgMl5JNqTFSsuJWocgpRm78=,VheX/C/HX/29l0EzBijFTo1CiT8=
-21,-15,jDiwfgMl5JNqTFSsuJWocgpRm78=,VheX/C/HX/29l0EzBijFTo1CiT8=
-18,-9,jDiwfgMl5JNqTFSsuJWocgpRm78=,VheX/C/HX/29l0EzBijFTo1CiT8=
-22,-15,jDiwfgMl5JNqTFSsuJWocgpRm78=,VheX/C/HX/29l0EzBijFTo1CiT8=
-23,-15,jDiwfgMl5JNqTFSsuJWocgpRm78=,VheX/C/HX/29l0EzBijFTo1CiT8=
-24,-15,jDiwfgMl5JNqTFSsuJWocgpRm78=,VheX/C/HX/29l0EzBijFTo1CiT8=
-19,-15,jDiwfgMl5JNqTFSsuJWocgpRm78=,VheX/C/HX/29l0EzBijFTo1CiT8=
-18,-13,jDiwfgMl5JNqTFSsuJWocgpRm78=,VheX/C/HX/29l0EzBijFTo1CiT8=
-20,-15,jDiwfgMl5JNqTFSsuJWocgpRm78=,VheX/C/HX/29l0EzBijFTo1CiT8=
-17,-8,jDiwfgMl5JNqTFSsuJWocgpRm78=,jhDLPV8GFIl/PAACDNVEJj5rJxo=
-18,-16,jDiwfgMl5JNqTFSsuJWocgpRm78=,VheX/C/HX/29l0EzBijFTo1CiT8=
-19,-16,jDiwfgMl5JNqTFSsuJWocgpRm78=,VheX/C/HX/29l0EzBijFTo1CiT8=
-21,-9,jDiwfgMl5JNqTFSsuJWocgpRm78=,VheX/C/HX/29l0EzBijFTo1CiT8=
-22,-9,jDiwfgMl5JNqTFSsuJWocgpRm78=,VheX/C/HX/29l0EzBijFTo1CiT8=
-17,-13,jDiwfgMl5JNqTFSsuJWocgpRm78=,VheX/C/HX/29l0EzBijFTo1CiT8=
-24,-12,jDiwfgMl5JNqTFSsuJWocgpRm78=,VheX/C/HX/29l0EzBijFTo1CiT8=
-23,-12,jDiwfgMl5JNqTFSsuJWocgpRm78=,VheX/C/HX/29l0EzBijFTo1CiT8=
-22,-12,jDiwfgMl5JNqTFSsuJWocgpRm78=,VheX/C/HX/29l0EzBijFTo1CiT8=
-21,-12,jDiwfgMl5JNqTFSsuJWocgpRm78=,VheX/C/HX/29l0EzBijFTo1CiT8=
-17,-16,jDiwfgMl5JNqTFSsuJWocgpRm78=,VheX/C/HX/29l0EzBijFTo1CiT8=
-21,-16,jDiwfgMl5JNqTFSsuJWocgpRm78=,VheX/C/HX/29l0EzBijFTo1CiT8=
-20,-9,jDiwfgMl5JNqTFSsuJWocgpRm78=,VheX/C/HX/29l0EzBijFTo1CiT8=
-22,-16,jDiwfgMl5JNqTFSsuJWocgpRm78=,VheX/C/HX/29l0EzBijFTo1CiT8=
-23,-16,jDiwfgMl5JNqTFSsuJWocgpRm78=,VheX/C/HX/29l0EzBijFTo1CiT8=
-23,-9,jDiwfgMl5JNqTFSsuJWocgpRm78=,VheX/C/HX/29l0EzBijFTo1CiT8=
-24,-9,jDiwfgMl5JNqTFSsuJWocgpRm78=,VheX/C/HX/29l0EzBijFTo1CiT8=
-20,-16,jDiwfgMl5JNqTFSsuJWocgpRm78=,VheX/C/HX/29l0EzBijFTo1CiT8=
-20,-12,jDiwfgMl5JNqTFSsuJWocgpRm78=,VheX/C/HX/29l0EzBijFTo1CiT8=
-19,-9,jDiwfgMl5JNqTFSsuJWocgpRm78=,VheX/C/HX/29l0EzBijFTo1CiT8=
-17,-10,jDiwfgMl5JNqTFSsuJWocgpRm78=,VheX/C/HX/29l0EzBijFTo1CiT8=
-18,-10,jDiwfgMl5JNqTFSsuJWocgpRm78=,VheX/C/HX/29l0EzBijFTo1CiT8=
-21,-10,jDiwfgMl5JNqTFSsuJWocgpRm78=,VheX/C/HX/29l0EzBijFTo1CiT8=
-22,-10,jDiwfgMl5JNqTFSsuJWocgpRm78=,VheX/C/HX/29l0EzBijFTo1CiT8=
-23,-10,jDiwfgMl5JNqTFSsuJWocgpRm78=,VheX/C/HX/29l0EzBijFTo1CiT8=
-24,-16,jDiwfgMl5JNqTFSsuJWocgpRm78=,VheX/C/HX/29l0EzBijFTo1CiT8=
-24,-10,jDiwfgMl5JNqTFSsuJWocgpRm78=,VheX/C/HX/29l0EzBijFTo1CiT8=
-20,-10,jDiwfgMl5JNqTFSsuJWocgpRm78=,VheX/C/HX/29l0EzBijFTo1CiT8=
-23,-8,jDiwfgMl5JNqTFSsuJWocgpRm78=,jhDLPV8GFIl/PAACDNVEJj5rJxo=
-19,-10,jDiwfgMl5JNqTFSsuJWocgpRm78=,VheX/C/HX/29l0EzBijFTo1CiT8=
-24,-8,jDiwfgMl5JNqTFSsuJWocgpRm78=,jhDLPV8GFIl/PAACDNVEJj5rJxo=
-18,-8,jDiwfgMl5JNqTFSsuJWocgpRm78=,jhDLPV8GFIl/PAACDNVEJj5rJxo=
-20,-8,jDiwfgMl5JNqTFSsuJWocgpRm78=,jhDLPV8GFIl/PAACDNVEJj5rJxo=
-19,-8,jDiwfgMl5JNqTFSsuJWocgpRm78=,jhDLPV8GFIl/PAACDNVEJj5rJxo=
-17,-11,jDiwfgMl5JNqTFSsuJWocgpRm78=,VheX/C/HX/29l0EzBijFTo1CiT8=
-21,-11,jDiwfgMl5JNqTFSsuJWocgpRm78=,VheX/C/HX/29l0EzBijFTo1CiT8=
-20,-11,jDiwfgMl5JNqTFSsuJWocgpRm78=,VheX/C/HX/29l0EzBijFTo1CiT8=
-22,-11,jDiwfgMl5JNqTFSsuJWocgpRm78=,VheX/C/HX/29l0EzBijFTo1CiT8=
-24,-11,jDiwfgMl5JNqTFSsuJWocgpRm78=,VheX/C/HX/29l0EzBijFTo1CiT8=
-23,-11,jDiwfgMl5JNqTFSsuJWocgpRm78=,VheX/C/HX/29l0EzBijFTo1CiT8=
-19,-12,jDiwfgMl5JNqTFSsuJWocgpRm78=,VheX/C/HX/29l0EzBijFTo1CiT8=
-18,-11,jDiwfgMl5JNqTFSsuJWocgpRm78=,VheX/C/HX/29l0EzBijFTo1CiT8=
-19,-11,jDiwfgMl5JNqTFSsuJWocgpRm78=,VheX/C/HX/29l0EzBijFTo1CiT8=
-17,-12,jDiwfgMl5JNqTFSsuJWocgpRm78=,VheX/C/HX/29l0EzBijFTo1CiT8=
-18,-12,jDiwfgMl5JNqTFSsuJWocgpRm78=,VheX/C/HX/29l0EzBijFTo1CiT8=
-12,-5,L8nA7Lzqh0+1n9D1MsaeDA5EDWU=,v/UsV4BsuGEEYyM6NDcgWmDYD58=
-11,-5,L8nA7Lzqh0+1n9D1MsaeDA5EDWU=,v/UsV4BsuGEEYyM6NDcgWmDYD58=
-13,-5,L8nA7Lzqh0+1n9D1MsaeDA5EDWU=,v/UsV4BsuGEEYyM6NDcgWmDYD58=
-14,-5,L8nA7Lzqh0+1n9D1MsaeDA5EDWU=,v/UsV4BsuGEEYyM6NDcgWmDYD58=
-10,-5,L8nA7Lzqh0+1n9D1MsaeDA5EDWU=,v/UsV4BsuGEEYyM6NDcgWmDYD58=
-15,-4,L8nA7Lzqh0+1n9D1MsaeDA5EDWU=,v/UsV4BsuGEEYyM6NDcgWmDYD58=
-14,-4,L8nA7Lzqh0+1n9D1MsaeDA5EDWU=,v/UsV4BsuGEEYyM6NDcgWmDYD58=
-13,-4,L8nA7Lzqh0+1n9D1MsaeDA5EDWU=,v/UsV4BsuGEEYyM6NDcgWmDYD58=
-12,-4,L8nA7Lzqh0+1n9D1MsaeDA5EDWU=,v/UsV4BsuGEEYyM6NDcgWmDYD58=
-11,-4,L8nA7Lzqh0+1n9D1MsaeDA5EDWU=,v/UsV4BsuGEEYyM6NDcgWmDYD58=
-10,-4,L8nA7Lzqh0+1n9D1MsaeDA5EDWU=,v/UsV4BsuGEEYyM6NDcgWmDYD58=
-15,-3,L8nA7Lzqh0+1n9D1MsaeDA5EDWU=,v/UsV4BsuGEEYyM6NDcgWmDYD58=
-14,-3,L8nA7Lzqh0+1n9D1MsaeDA5EDWU=,v/UsV4BsuGEEYyM6NDcgWmDYD58=
-13,-3,L8nA7Lzqh0+1n9D1MsaeDA5EDWU=,v/UsV4BsuGEEYyM6NDcgWmDYD58=
-12,-3,L8nA7Lzqh0+1n9D1MsaeDA5EDWU=,v/UsV4BsuGEEYyM6NDcgWmDYD58=
-11,-3,L8nA7Lzqh0+1n9D1MsaeDA5EDWU=,v/UsV4BsuGEEYyM6NDcgWmDYD58=
-10,-3,L8nA7Lzqh0+1n9D1MsaeDA5EDWU=,v/UsV4BsuGEEYyM6NDcgWmDYD58=
-15,-2,L8nA7Lzqh0+1n9D1MsaeDA5EDWU=,v/UsV4BsuGEEYyM6NDcgWmDYD58=
-13,-2,L8nA7Lzqh0+1n9D1MsaeDA5EDWU=,v/UsV4BsuGEEYyM6NDcgWmDYD58=
-14,-2,L8nA7Lzqh0+1n9D1MsaeDA5EDWU=,v/UsV4BsuGEEYyM6NDcgWmDYD58=
-12,-2,L8nA7Lzqh0+1n9D1MsaeDA5EDWU=,v/UsV4BsuGEEYyM6NDcgWmDYD58=
-15,-5,L8nA7Lzqh0+1n9D1MsaeDA5EDWU=,v/UsV4BsuGEEYyM6NDcgWmDYD58=
-15,-7,L8nA7Lzqh0+1n9D1MsaeDA5EDWU=,v/UsV4BsuGEEYyM6NDcgWmDYD58=
-14,-7,L8nA7Lzqh0+1n9D1MsaeDA5EDWU=,v/UsV4BsuGEEYyM6NDcgWmDYD58=
-13,-7,L8nA7Lzqh0+1n9D1MsaeDA5EDWU=,v/UsV4BsuGEEYyM6NDcgWmDYD58=
-12,-7,L8nA7Lzqh0+1n9D1MsaeDA5EDWU=,v/UsV4BsuGEEYyM6NDcgWmDYD58=
-11,-7,L8nA7Lzqh0+1n9D1MsaeDA5EDWU=,v/UsV4BsuGEEYyM6NDcgWmDYD58=
-10,-7,L8nA7Lzqh0+1n9D1MsaeDA5EDWU=,v/UsV4BsuGEEYyM6NDcgWmDYD58=
-11,-2,L8nA7Lzqh0+1n9D1MsaeDA5EDWU=,v/UsV4BsuGEEYyM6NDcgWmDYD58=
-10,-2,L8nA7Lzqh0+1n9D1MsaeDA5EDWU=,v/UsV4BsuGEEYyM6NDcgWmDYD58=
-15,-6,iE6HkElCwo3eVoroJ8xm18EsX9A=,v/UsV4BsuGEEYyM6NDcgWmDYD58=
-14,-6,iE6HkElCwo3eVoroJ8xm18EsX9A=,v/UsV4BsuGEEYyM6NDcgWmDYD58=
-13,-6,iE6HkElCwo3eVoroJ8xm18EsX9A=,v/UsV4BsuGEEYyM6NDcgWmDYD58=
-12,-6,iE6HkElCwo3eVoroJ8xm18EsX9A=,v/UsV4BsuGEEYyM6NDcgWmDYD58=
-11,-6,iE6HkElCwo3eVoroJ8xm18EsX9A=,v/UsV4BsuGEEYyM6NDcgWmDYD58=
-10,-6,iE6HkElCwo3eVoroJ8xm18EsX9A=,v/UsV4BsuGEEYyM6NDcgWmDYD58=
-15,-1,iE6HkElCwo3eVoroJ8xm18EsX9A=,v/UsV4BsuGEEYyM6NDcgWmDYD58=
-14,-1,iE6HkElCwo3eVoroJ8xm18EsX9A=,v/UsV4BsuGEEYyM6NDcgWmDYD58=
-13,-1,iE6HkElCwo3eVoroJ8xm18EsX9A=,v/UsV4BsuGEEYyM6NDcgWmDYD58=
-12,-1,iE6HkElCwo3eVoroJ8xm18EsX9A=,v/UsV4BsuGEEYyM6NDcgWmDYD58=
-11,-1,iE6HkElCwo3eVoroJ8xm18EsX9A=,v/UsV4BsuGEEYyM6NDcgWmDYD58=
-10,-1,iE6HkElCwo3eVoroJ8xm18EsX9A=,v/UsV4BsuGEEYyM6NDcgWmDYD58=
-3,-3,iE6HkElCwo3eVoroJ8xm18EsX9A=,X/KDbwdquCg/JaiNBwyLBP43WtY=
-2,-2,iE6HkElCwo3eVoroJ8xm18EsX9A=,X/KDbwdquCg/JaiNBwyLBP43WtY=
-8,-4,iE6HkElCwo3eVoroJ8xm18EsX9A=,X/KDbwdquCg/JaiNBwyLBP43WtY=
-7,-5,iE6HkElCwo3eVoroJ8xm18EsX9A=,X/KDbwdquCg/JaiNBwyLBP43WtY=
-2,-3,iE6HkElCwo3eVoroJ8xm18EsX9A=,X/KDbwdquCg/JaiNBwyLBP43WtY=
-3,-2,iE6HkElCwo3eVoroJ8xm18EsX9A=,X/KDbwdquCg/JaiNBwyLBP43WtY=
-4,-3,iE6HkElCwo3eVoroJ8xm18EsX9A=,X/KDbwdquCg/JaiNBwyLBP43WtY=
-6,-5,iE6HkElCwo3eVoroJ8xm18EsX9A=,X/KDbwdquCg/JaiNBwyLBP43WtY=
-12,-11,iE6HkElCwo3eVoroJ8xm18EsX9A=,SY8NPu+dc9bxiw9HKjiZOI0yAIQ=
-8,-5,iE6HkElCwo3eVoroJ8xm18EsX9A=,X/KDbwdquCg/JaiNBwyLBP43WtY=
-9,-6,iE6HkElCwo3eVoroJ8xm18EsX9A=,v/UsV4BsuGEEYyM6NDcgWmDYD58=
-9,-5,iE6HkElCwo3eVoroJ8xm18EsX9A=,v/UsV4BsuGEEYyM6NDcgWmDYD58=
-2,-4,iE6HkElCwo3eVoroJ8xm18EsX9A=,X/KDbwdquCg/JaiNBwyLBP43WtY=
-3,-4,iE6HkElCwo3eVoroJ8xm18EsX9A=,X/KDbwdquCg/JaiNBwyLBP43WtY=
-7,-4,iE6HkElCwo3eVoroJ8xm18EsX9A=,X/KDbwdquCg/JaiNBwyLBP43WtY=
-11,-11,iE6HkElCwo3eVoroJ8xm18EsX9A=,SY8NPu+dc9bxiw9HKjiZOI0yAIQ=
-2,-6,iE6HkElCwo3eVoroJ8xm18EsX9A=,X/KDbwdquCg/JaiNBwyLBP43WtY=
-9,-1,iE6HkElCwo3eVoroJ8xm18EsX9A=,v/UsV4BsuGEEYyM6NDcgWmDYD58=
-8,-2,iE6HkElCwo3eVoroJ8xm18EsX9A=,X/KDbwdquCg/JaiNBwyLBP43WtY=
-10,-11,iE6HkElCwo3eVoroJ8xm18EsX9A=,SY8NPu+dc9bxiw9HKjiZOI0yAIQ=
-5,-3,iE6HkElCwo3eVoroJ8xm18EsX9A=,X/KDbwdquCg/JaiNBwyLBP43WtY=
-4,-2,iE6HkElCwo3eVoroJ8xm18EsX9A=,X/KDbwdquCg/JaiNBwyLBP43WtY=
-15,-10,iE6HkElCwo3eVoroJ8xm18EsX9A=,SY8NPu+dc9bxiw9HKjiZOI0yAIQ=
-13,-11,iE6HkElCwo3eVoroJ8xm18EsX9A=,SY8NPu+dc9bxiw9HKjiZOI0yAIQ=
-6,-6,iE6HkElCwo3eVoroJ8xm18EsX9A=,X/KDbwdquCg/JaiNBwyLBP43WtY=
-6,-3,iE6HkElCwo3eVoroJ8xm18EsX9A=,X/KDbwdquCg/JaiNBwyLBP43WtY=
-5,-5,iE6HkElCwo3eVoroJ8xm18EsX9A=,X/KDbwdquCg/JaiNBwyLBP43WtY=
-14,-10,iE6HkElCwo3eVoroJ8xm18EsX9A=,SY8NPu+dc9bxiw9HKjiZOI0yAIQ=
-5,-1,iE6HkElCwo3eVoroJ8xm18EsX9A=,X/KDbwdquCg/JaiNBwyLBP43WtY=
-7,-2,iE6HkElCwo3eVoroJ8xm18EsX9A=,X/KDbwdquCg/JaiNBwyLBP43WtY=
-6,-1,iE6HkElCwo3eVoroJ8xm18EsX9A=,X/KDbwdquCg/JaiNBwyLBP43WtY=
-13,-10,iE6HkElCwo3eVoroJ8xm18EsX9A=,SY8NPu+dc9bxiw9HKjiZOI0yAIQ=
-9,-7,iE6HkElCwo3eVoroJ8xm18EsX9A=,v/UsV4BsuGEEYyM6NDcgWmDYD58=
-12,-10,iE6HkElCwo3eVoroJ8xm18EsX9A=,SY8NPu+dc9bxiw9HKjiZOI0yAIQ=
-4,-5,iE6HkElCwo3eVoroJ8xm18EsX9A=,X/KDbwdquCg/JaiNBwyLBP43WtY=
-7,-1,iE6HkElCwo3eVoroJ8xm18EsX9A=,X/KDbwdquCg/JaiNBwyLBP43WtY=
-11,-10,iE6HkElCwo3eVoroJ8xm18EsX9A=,SY8NPu+dc9bxiw9HKjiZOI0yAIQ=
-6,-4,iE6HkElCwo3eVoroJ8xm18EsX9A=,X/KDbwdquCg/JaiNBwyLBP43WtY=
-8,-3,iE6HkElCwo3eVoroJ8xm18EsX9A=,X/KDbwdquCg/JaiNBwyLBP43WtY=
-7,-3,iE6HkElCwo3eVoroJ8xm18EsX9A=,X/KDbwdquCg/JaiNBwyLBP43WtY=
-9,-4,iE6HkElCwo3eVoroJ8xm18EsX9A=,v/UsV4BsuGEEYyM6NDcgWmDYD58=
-15,-15,iE6HkElCwo3eVoroJ8xm18EsX9A=,SY8NPu+dc9bxiw9HKjiZOI0yAIQ=
-8,-1,iE6HkElCwo3eVoroJ8xm18EsX9A=,X/KDbwdquCg/JaiNBwyLBP43WtY=
-2,-1,iE6HkElCwo3eVoroJ8xm18EsX9A=,X/KDbwdquCg/JaiNBwyLBP43WtY=
-4,-7,iE6HkElCwo3eVoroJ8xm18EsX9A=,X/KDbwdquCg/JaiNBwyLBP43WtY=
-14,-15,iE6HkElCwo3eVoroJ8xm18EsX9A=,SY8NPu+dc9bxiw9HKjiZOI0yAIQ=
-3,-7,iE6HkElCwo3eVoroJ8xm18EsX9A=,X/KDbwdquCg/JaiNBwyLBP43WtY=
-13,-15,iE6HkElCwo3eVoroJ8xm18EsX9A=,SY8NPu+dc9bxiw9HKjiZOI0yAIQ=
-3,-1,iE6HkElCwo3eVoroJ8xm18EsX9A=,X/KDbwdquCg/JaiNBwyLBP43WtY=
-2,-7,iE6HkElCwo3eVoroJ8xm18EsX9A=,X/KDbwdquCg/JaiNBwyLBP43WtY=
-12,-15,iE6HkElCwo3eVoroJ8xm18EsX9A=,SY8NPu+dc9bxiw9HKjiZOI0yAIQ=
-8,-6,iE6HkElCwo3eVoroJ8xm18EsX9A=,X/KDbwdquCg/JaiNBwyLBP43WtY=
-3,-6,iE6HkElCwo3eVoroJ8xm18EsX9A=,X/KDbwdquCg/JaiNBwyLBP43WtY=
-6,-2,iE6HkElCwo3eVoroJ8xm18EsX9A=,X/KDbwdquCg/JaiNBwyLBP43WtY=
-10,-15,iE6HkElCwo3eVoroJ8xm18EsX9A=,SY8NPu+dc9bxiw9HKjiZOI0yAIQ=
-1,-3,iE6HkElCwo3eVoroJ8xm18EsX9A=,X/KDbwdquCg/JaiNBwyLBP43WtY=
-11,-15,iE6HkElCwo3eVoroJ8xm18EsX9A=,SY8NPu+dc9bxiw9HKjiZOI0yAIQ=
-7,-6,iE6HkElCwo3eVoroJ8xm18EsX9A=,X/KDbwdquCg/JaiNBwyLBP43WtY=
-14,-11,iE6HkElCwo3eVoroJ8xm18EsX9A=,SY8NPu+dc9bxiw9HKjiZOI0yAIQ=
-1,-7,iE6HkElCwo3eVoroJ8xm18EsX9A=,X/KDbwdquCg/JaiNBwyLBP43WtY=
-5,-6,iE6HkElCwo3eVoroJ8xm18EsX9A=,X/KDbwdquCg/JaiNBwyLBP43WtY=
-4,-4,iE6HkElCwo3eVoroJ8xm18EsX9A=,X/KDbwdquCg/JaiNBwyLBP43WtY=
-10,-10,iE6HkElCwo3eVoroJ8xm18EsX9A=,SY8NPu+dc9bxiw9HKjiZOI0yAIQ=
-4,-6,iE6HkElCwo3eVoroJ8xm18EsX9A=,X/KDbwdquCg/JaiNBwyLBP43WtY=
-15,-9,iE6HkElCwo3eVoroJ8xm18EsX9A=,SY8NPu+dc9bxiw9HKjiZOI0yAIQ=
-1,-2,iE6HkElCwo3eVoroJ8xm18EsX9A=,X/KDbwdquCg/JaiNBwyLBP43WtY=
-15,-11,iE6HkElCwo3eVoroJ8xm18EsX9A=,SY8NPu+dc9bxiw9HKjiZOI0yAIQ=
-8,-7,iE6HkElCwo3eVoroJ8xm18EsX9A=,X/KDbwdquCg/JaiNBwyLBP43WtY=
-1,-6,iE6HkElCwo3eVoroJ8xm18EsX9A=,X/KDbwdquCg/JaiNBwyLBP43WtY=
-14,-9,iE6HkElCwo3eVoroJ8xm18EsX9A=,SY8NPu+dc9bxiw9HKjiZOI0yAIQ=
-2,-5,iE6HkElCwo3eVoroJ8xm18EsX9A=,X/KDbwdquCg/JaiNBwyLBP43WtY=
-7,-7,iE6HkElCwo3eVoroJ8xm18EsX9A=,X/KDbwdquCg/JaiNBwyLBP43WtY=
-1,-5,iE6HkElCwo3eVoroJ8xm18EsX9A=,X/KDbwdquCg/JaiNBwyLBP43WtY=
-3,-5,iE6HkElCwo3eVoroJ8xm18EsX9A=,X/KDbwdquCg/JaiNBwyLBP43WtY=
-6,-7,iE6HkElCwo3eVoroJ8xm18EsX9A=,X/KDbwdquCg/JaiNBwyLBP43WtY=
-13,-9,iE6HkElCwo3eVoroJ8xm18EsX9A=,SY8NPu+dc9bxiw9HKjiZOI0yAIQ=
-4,-1,iE6HkElCwo3eVoroJ8xm18EsX9A=,X/KDbwdquCg/JaiNBwyLBP43WtY=
-12,-9,iE6HkElCwo3eVoroJ8xm18EsX9A=,SY8NPu+dc9bxiw9HKjiZOI0yAIQ=
-1,-4,iE6HkElCwo3eVoroJ8xm18EsX9A=,X/KDbwdquCg/JaiNBwyLBP43WtY=
-10,-12,iE6HkElCwo3eVoroJ8xm18EsX9A=,SY8NPu+dc9bxiw9HKjiZOI0yAIQ=
-5,-7,iE6HkElCwo3eVoroJ8xm18EsX9A=,X/KDbwdquCg/JaiNBwyLBP43WtY=
-11,-9,iE6HkElCwo3eVoroJ8xm18EsX9A=,SY8NPu+dc9bxiw9HKjiZOI0yAIQ=
-11,-12,iE6HkElCwo3eVoroJ8xm18EsX9A=,SY8NPu+dc9bxiw9HKjiZOI0yAIQ=
-9,-3,iE6HkElCwo3eVoroJ8xm18EsX9A=,v/UsV4BsuGEEYyM6NDcgWmDYD58=
-10,-9,iE6HkElCwo3eVoroJ8xm18EsX9A=,SY8NPu+dc9bxiw9HKjiZOI0yAIQ=
-5,-4,iE6HkElCwo3eVoroJ8xm18EsX9A=,X/KDbwdquCg/JaiNBwyLBP43WtY=
-5,-2,iE6HkElCwo3eVoroJ8xm18EsX9A=,X/KDbwdquCg/JaiNBwyLBP43WtY=
-12,-12,iE6HkElCwo3eVoroJ8xm18EsX9A=,SY8NPu+dc9bxiw9HKjiZOI0yAIQ=
-13,-12,iE6HkElCwo3eVoroJ8xm18EsX9A=,SY8NPu+dc9bxiw9HKjiZOI0yAIQ=
-15,-8,iE6HkElCwo3eVoroJ8xm18EsX9A=,v/UsV4BsuGEEYyM6NDcgWmDYD58=
-14,-8,iE6HkElCwo3eVoroJ8xm18EsX9A=,v/UsV4BsuGEEYyM6NDcgWmDYD58=
-13,-8,iE6HkElCwo3eVoroJ8xm18EsX9A=,v/UsV4BsuGEEYyM6NDcgWmDYD58=
-12,-8,iE6HkElCwo3eVoroJ8xm18EsX9A=,v/UsV4BsuGEEYyM6NDcgWmDYD58=
-15,-14,iE6HkElCwo3eVoroJ8xm18EsX9A=,SY8NPu+dc9bxiw9HKjiZOI0yAIQ=
-14,-12,iE6HkElCwo3eVoroJ8xm18EsX9A=,SY8NPu+dc9bxiw9HKjiZOI0yAIQ=
-15,-12,iE6HkElCwo3eVoroJ8xm18EsX9A=,SY8NPu+dc9bxiw9HKjiZOI0yAIQ=
-11,-8,iE6HkElCwo3eVoroJ8xm18EsX9A=,v/UsV4BsuGEEYyM6NDcgWmDYD58=
-11,-13,iE6HkElCwo3eVoroJ8xm18EsX9A=,SY8NPu+dc9bxiw9HKjiZOI0yAIQ=
-12,-13,iE6HkElCwo3eVoroJ8xm18EsX9A=,SY8NPu+dc9bxiw9HKjiZOI0yAIQ=
-10,-13,iE6HkElCwo3eVoroJ8xm18EsX9A=,SY8NPu+dc9bxiw9HKjiZOI0yAIQ=
-10,-8,iE6HkElCwo3eVoroJ8xm18EsX9A=,v/UsV4BsuGEEYyM6NDcgWmDYD58=
-15,-16,iE6HkElCwo3eVoroJ8xm18EsX9A=,SY8NPu+dc9bxiw9HKjiZOI0yAIQ=
-13,-13,iE6HkElCwo3eVoroJ8xm18EsX9A=,SY8NPu+dc9bxiw9HKjiZOI0yAIQ=
-14,-14,iE6HkElCwo3eVoroJ8xm18EsX9A=,SY8NPu+dc9bxiw9HKjiZOI0yAIQ=
-10,-16,iE6HkElCwo3eVoroJ8xm18EsX9A=,SY8NPu+dc9bxiw9HKjiZOI0yAIQ=
-13,-14,iE6HkElCwo3eVoroJ8xm18EsX9A=,SY8NPu+dc9bxiw9HKjiZOI0yAIQ=
-14,-13,iE6HkElCwo3eVoroJ8xm18EsX9A=,SY8NPu+dc9bxiw9HKjiZOI0yAIQ=
-15,-13,iE6HkElCwo3eVoroJ8xm18EsX9A=,SY8NPu+dc9bxiw9HKjiZOI0yAIQ=
-10,-14,iE6HkElCwo3eVoroJ8xm18EsX9A=,SY8NPu+dc9bxiw9HKjiZOI0yAIQ=
-11,-14,iE6HkElCwo3eVoroJ8xm18EsX9A=,SY8NPu+dc9bxiw9HKjiZOI0yAIQ=
-12,-16,iE6HkElCwo3eVoroJ8xm18EsX9A=,SY8NPu+dc9bxiw9HKjiZOI0yAIQ=
-11,-16,iE6HkElCwo3eVoroJ8xm18EsX9A=,SY8NPu+dc9bxiw9HKjiZOI0yAIQ=
-13,-16,iE6HkElCwo3eVoroJ8xm18EsX9A=,SY8NPu+dc9bxiw9HKjiZOI0yAIQ=
-12,-14,iE6HkElCwo3eVoroJ8xm18EsX9A=,SY8NPu+dc9bxiw9HKjiZOI0yAIQ=
-14,-16,iE6HkElCwo3eVoroJ8xm18EsX9A=,SY8NPu+dc9bxiw9HKjiZOI0yAIQ=
-4,-9,iE6HkElCwo3eVoroJ8xm18EsX9A=,5ly4o2UaT2fNrpG00VSpdUoGaCk=
-9,-2,iE6HkElCwo3eVoroJ8xm18EsX9A=,v/UsV4BsuGEEYyM6NDcgWmDYD58=
-1,-1,iE6HkElCwo3eVoroJ8xm18EsX9A=,X/KDbwdquCg/JaiNBwyLBP43WtY=
-16,-4,iE6HkElCwo3eVoroJ8xm18EsX9A=,v/UsV4BsuGEEYyM6NDcgWmDYD58=
-16,-5,iE6HkElCwo3eVoroJ8xm18EsX9A=,v/UsV4BsuGEEYyM6NDcgWmDYD58=
-3,-9,iE6HkElCwo3eVoroJ8xm18EsX9A=,5ly4o2UaT2fNrpG00VSpdUoGaCk=
-16,-1,iE6HkElCwo3eVoroJ8xm18EsX9A=,v/UsV4BsuGEEYyM6NDcgWmDYD58=
-16,-6,iE6HkElCwo3eVoroJ8xm18EsX9A=,v/UsV4BsuGEEYyM6NDcgWmDYD58=
-16,-3,iE6HkElCwo3eVoroJ8xm18EsX9A=,v/UsV4BsuGEEYyM6NDcgWmDYD58=
-2,-9,iE6HkElCwo3eVoroJ8xm18EsX9A=,5ly4o2UaT2fNrpG00VSpdUoGaCk=
-1,-9,iE6HkElCwo3eVoroJ8xm18EsX9A=,5ly4o2UaT2fNrpG00VSpdUoGaCk=
-5,-9,iE6HkElCwo3eVoroJ8xm18EsX9A=,5ly4o2UaT2fNrpG00VSpdUoGaCk=
-16,-2,iE6HkElCwo3eVoroJ8xm18EsX9A=,v/UsV4BsuGEEYyM6NDcgWmDYD58=
-6,-9,iE6HkElCwo3eVoroJ8xm18EsX9A=,5ly4o2UaT2fNrpG00VSpdUoGaCk=
-9,-11,iE6HkElCwo3eVoroJ8xm18EsX9A=,SY8NPu+dc9bxiw9HKjiZOI0yAIQ=
-16,-7,iE6HkElCwo3eVoroJ8xm18EsX9A=,v/UsV4BsuGEEYyM6NDcgWmDYD58=
-7,-9,iE6HkElCwo3eVoroJ8xm18EsX9A=,5ly4o2UaT2fNrpG00VSpdUoGaCk=
-8,-9,iE6HkElCwo3eVoroJ8xm18EsX9A=,5ly4o2UaT2fNrpG00VSpdUoGaCk=
-8,-16,iE6HkElCwo3eVoroJ8xm18EsX9A=,5ly4o2UaT2fNrpG00VSpdUoGaCk=
-1,-10,iE6HkElCwo3eVoroJ8xm18EsX9A=,5ly4o2UaT2fNrpG00VSpdUoGaCk=
-2,-10,iE6HkElCwo3eVoroJ8xm18EsX9A=,5ly4o2UaT2fNrpG00VSpdUoGaCk=
-3,-10,iE6HkElCwo3eVoroJ8xm18EsX9A=,5ly4o2UaT2fNrpG00VSpdUoGaCk=
-7,-16,iE6HkElCwo3eVoroJ8xm18EsX9A=,5ly4o2UaT2fNrpG00VSpdUoGaCk=
-4,-10,iE6HkElCwo3eVoroJ8xm18EsX9A=,5ly4o2UaT2fNrpG00VSpdUoGaCk=
-5,-10,iE6HkElCwo3eVoroJ8xm18EsX9A=,5ly4o2UaT2fNrpG00VSpdUoGaCk=
-9,-16,iE6HkElCwo3eVoroJ8xm18EsX9A=,SY8NPu+dc9bxiw9HKjiZOI0yAIQ=
-6,-10,iE6HkElCwo3eVoroJ8xm18EsX9A=,5ly4o2UaT2fNrpG00VSpdUoGaCk=
-7,-10,iE6HkElCwo3eVoroJ8xm18EsX9A=,5ly4o2UaT2fNrpG00VSpdUoGaCk=
-8,-10,iE6HkElCwo3eVoroJ8xm18EsX9A=,5ly4o2UaT2fNrpG00VSpdUoGaCk=
-1,-11,iE6HkElCwo3eVoroJ8xm18EsX9A=,5ly4o2UaT2fNrpG00VSpdUoGaCk=
-3,-11,iE6HkElCwo3eVoroJ8xm18EsX9A=,5ly4o2UaT2fNrpG00VSpdUoGaCk=
-6,-16,iE6HkElCwo3eVoroJ8xm18EsX9A=,5ly4o2UaT2fNrpG00VSpdUoGaCk=
-9,-12,iE6HkElCwo3eVoroJ8xm18EsX9A=,SY8NPu+dc9bxiw9HKjiZOI0yAIQ=
-4,-11,iE6HkElCwo3eVoroJ8xm18EsX9A=,5ly4o2UaT2fNrpG00VSpdUoGaCk=
-5,-16,iE6HkElCwo3eVoroJ8xm18EsX9A=,5ly4o2UaT2fNrpG00VSpdUoGaCk=
-5,-11,iE6HkElCwo3eVoroJ8xm18EsX9A=,5ly4o2UaT2fNrpG00VSpdUoGaCk=
-9,-15,iE6HkElCwo3eVoroJ8xm18EsX9A=,SY8NPu+dc9bxiw9HKjiZOI0yAIQ=
-9,-13,iE6HkElCwo3eVoroJ8xm18EsX9A=,SY8NPu+dc9bxiw9HKjiZOI0yAIQ=
-6,-11,iE6HkElCwo3eVoroJ8xm18EsX9A=,5ly4o2UaT2fNrpG00VSpdUoGaCk=
-7,-11,iE6HkElCwo3eVoroJ8xm18EsX9A=,5ly4o2UaT2fNrpG00VSpdUoGaCk=
-8,-11,iE6HkElCwo3eVoroJ8xm18EsX9A=,5ly4o2UaT2fNrpG00VSpdUoGaCk=
-4,-16,iE6HkElCwo3eVoroJ8xm18EsX9A=,5ly4o2UaT2fNrpG00VSpdUoGaCk=
-1,-12,iE6HkElCwo3eVoroJ8xm18EsX9A=,5ly4o2UaT2fNrpG00VSpdUoGaCk=
-2,-12,iE6HkElCwo3eVoroJ8xm18EsX9A=,5ly4o2UaT2fNrpG00VSpdUoGaCk=
-3,-12,iE6HkElCwo3eVoroJ8xm18EsX9A=,5ly4o2UaT2fNrpG00VSpdUoGaCk=
-4,-12,iE6HkElCwo3eVoroJ8xm18EsX9A=,5ly4o2UaT2fNrpG00VSpdUoGaCk=
-5,-12,iE6HkElCwo3eVoroJ8xm18EsX9A=,5ly4o2UaT2fNrpG00VSpdUoGaCk=
-6,-12,iE6HkElCwo3eVoroJ8xm18EsX9A=,5ly4o2UaT2fNrpG00VSpdUoGaCk=
-7,-12,iE6HkElCwo3eVoroJ8xm18EsX9A=,5ly4o2UaT2fNrpG00VSpdUoGaCk=
-8,-12,iE6HkElCwo3eVoroJ8xm18EsX9A=,5ly4o2UaT2fNrpG00VSpdUoGaCk=
-9,-10,iE6HkElCwo3eVoroJ8xm18EsX9A=,SY8NPu+dc9bxiw9HKjiZOI0yAIQ=
-1,-13,iE6HkElCwo3eVoroJ8xm18EsX9A=,5ly4o2UaT2fNrpG00VSpdUoGaCk=
-7,-8,iE6HkElCwo3eVoroJ8xm18EsX9A=,X/KDbwdquCg/JaiNBwyLBP43WtY=
-3,-16,iE6HkElCwo3eVoroJ8xm18EsX9A=,5ly4o2UaT2fNrpG00VSpdUoGaCk=
-2,-13,iE6HkElCwo3eVoroJ8xm18EsX9A=,5ly4o2UaT2fNrpG00VSpdUoGaCk=
-8,-8,iE6HkElCwo3eVoroJ8xm18EsX9A=,X/KDbwdquCg/JaiNBwyLBP43WtY=
-9,-14,iE6HkElCwo3eVoroJ8xm18EsX9A=,SY8NPu+dc9bxiw9HKjiZOI0yAIQ=
-3,-13,iE6HkElCwo3eVoroJ8xm18EsX9A=,5ly4o2UaT2fNrpG00VSpdUoGaCk=
-5,-13,iE6HkElCwo3eVoroJ8xm18EsX9A=,5ly4o2UaT2fNrpG00VSpdUoGaCk=
-4,-13,iE6HkElCwo3eVoroJ8xm18EsX9A=,5ly4o2UaT2fNrpG00VSpdUoGaCk=
-4,-8,iE6HkElCwo3eVoroJ8xm18EsX9A=,X/KDbwdquCg/JaiNBwyLBP43WtY=
-6,-13,iE6HkElCwo3eVoroJ8xm18EsX9A=,5ly4o2UaT2fNrpG00VSpdUoGaCk=
-7,-13,iE6HkElCwo3eVoroJ8xm18EsX9A=,5ly4o2UaT2fNrpG00VSpdUoGaCk=
-8,-13,iE6HkElCwo3eVoroJ8xm18EsX9A=,5ly4o2UaT2fNrpG00VSpdUoGaCk=
-6,-8,iE6HkElCwo3eVoroJ8xm18EsX9A=,X/KDbwdquCg/JaiNBwyLBP43WtY=
-1,-14,iE6HkElCwo3eVoroJ8xm18EsX9A=,5ly4o2UaT2fNrpG00VSpdUoGaCk=
-9,-8,iE6HkElCwo3eVoroJ8xm18EsX9A=,v/UsV4BsuGEEYyM6NDcgWmDYD58=
-2,-16,iE6HkElCwo3eVoroJ8xm18EsX9A=,5ly4o2UaT2fNrpG00VSpdUoGaCk=
-9,-9,iE6HkElCwo3eVoroJ8xm18EsX9A=,SY8NPu+dc9bxiw9HKjiZOI0yAIQ=
-3,-14,iE6HkElCwo3eVoroJ8xm18EsX9A=,5ly4o2UaT2fNrpG00VSpdUoGaCk=
-16,-16,iE6HkElCwo3eVoroJ8xm18EsX9A=,SY8NPu+dc9bxiw9HKjiZOI0yAIQ=
-2,-14,iE6HkElCwo3eVoroJ8xm18EsX9A=,5ly4o2UaT2fNrpG00VSpdUoGaCk=
-1,-16,iE6HkElCwo3eVoroJ8xm18EsX9A=,5ly4o2UaT2fNrpG00VSpdUoGaCk=
-16,-10,iE6HkElCwo3eVoroJ8xm18EsX9A=,SY8NPu+dc9bxiw9HKjiZOI0yAIQ=
-16,-12,iE6HkElCwo3eVoroJ8xm18EsX9A=,SY8NPu+dc9bxiw9HKjiZOI0yAIQ=
-16,-11,iE6HkElCwo3eVoroJ8xm18EsX9A=,SY8NPu+dc9bxiw9HKjiZOI0yAIQ=
-16,-13,iE6HkElCwo3eVoroJ8xm18EsX9A=,SY8NPu+dc9bxiw9HKjiZOI0yAIQ=
-8,-15,iE6HkElCwo3eVoroJ8xm18EsX9A=,5ly4o2UaT2fNrpG00VSpdUoGaCk=
-16,-8,iE6HkElCwo3eVoroJ8xm18EsX9A=,v/UsV4BsuGEEYyM6NDcgWmDYD58=
-16,-9,iE6HkElCwo3eVoroJ8xm18EsX9A=,SY8NPu+dc9bxiw9HKjiZOI0yAIQ=
-7,-15,iE6HkElCwo3eVoroJ8xm18EsX9A=,5ly4o2UaT2fNrpG00VSpdUoGaCk=
-16,-14,iE6HkElCwo3eVoroJ8xm18EsX9A=,SY8NPu+dc9bxiw9HKjiZOI0yAIQ=
-2,-8,iE6HkElCwo3eVoroJ8xm18EsX9A=,X/KDbwdquCg/JaiNBwyLBP43WtY=
-16,-15,iE6HkElCwo3eVoroJ8xm18EsX9A=,SY8NPu+dc9bxiw9HKjiZOI0yAIQ=
-6,-15,iE6HkElCwo3eVoroJ8xm18EsX9A=,5ly4o2UaT2fNrpG00VSpdUoGaCk=
-5,-8,iE6HkElCwo3eVoroJ8xm18EsX9A=,X/KDbwdquCg/JaiNBwyLBP43WtY=
-3,-8,iE6HkElCwo3eVoroJ8xm18EsX9A=,X/KDbwdquCg/JaiNBwyLBP43WtY=
-4,-14,iE6HkElCwo3eVoroJ8xm18EsX9A=,5ly4o2UaT2fNrpG00VSpdUoGaCk=
-5,-15,iE6HkElCwo3eVoroJ8xm18EsX9A=,5ly4o2UaT2fNrpG00VSpdUoGaCk=
-5,-14,iE6HkElCwo3eVoroJ8xm18EsX9A=,5ly4o2UaT2fNrpG00VSpdUoGaCk=
-6,-14,iE6HkElCwo3eVoroJ8xm18EsX9A=,5ly4o2UaT2fNrpG00VSpdUoGaCk=
-7,-14,iE6HkElCwo3eVoroJ8xm18EsX9A=,5ly4o2UaT2fNrpG00VSpdUoGaCk=
-4,-15,iE6HkElCwo3eVoroJ8xm18EsX9A=,5ly4o2UaT2fNrpG00VSpdUoGaCk=
-8,-14,iE6HkElCwo3eVoroJ8xm18EsX9A=,5ly4o2UaT2fNrpG00VSpdUoGaCk=
-1,-15,iE6HkElCwo3eVoroJ8xm18EsX9A=,5ly4o2UaT2fNrpG00VSpdUoGaCk=
-2,-15,iE6HkElCwo3eVoroJ8xm18EsX9A=,5ly4o2UaT2fNrpG00VSpdUoGaCk=
-2,-11,iE6HkElCwo3eVoroJ8xm18EsX9A=,5ly4o2UaT2fNrpG00VSpdUoGaCk=
-3,-15,iE6HkElCwo3eVoroJ8xm18EsX9A=,5ly4o2UaT2fNrpG00VSpdUoGaCk=
-1,-8,iE6HkElCwo3eVoroJ8xm18EsX9A=,X/KDbwdquCg/JaiNBwyLBP43WtY=
-3,-18,iE6HkElCwo3eVoroJ8xm18EsX9A=,C7xbQIAvnY9jzm6GTbchIiwjDcQ=
-4,-17,3JKACcikuKE1QxVj7qlYJF/ca7A=,C7xbQIAvnY9jzm6GTbchIiwjDcQ=
-5,-17,3JKACcikuKE1QxVj7qlYJF/ca7A=,C7xbQIAvnY9jzm6GTbchIiwjDcQ=
-12,-17,3JKACcikuKE1QxVj7qlYJF/ca7A=,JNoFs7AKjy2hW5L+L9pJTHaKI+0=
-3,-17,3JKACcikuKE1QxVj7qlYJF/ca7A=,C7xbQIAvnY9jzm6GTbchIiwjDcQ=
-14,-17,3JKACcikuKE1QxVj7qlYJF/ca7A=,JNoFs7AKjy2hW5L+L9pJTHaKI+0=
-2,-17,3JKACcikuKE1QxVj7qlYJF/ca7A=,C7xbQIAvnY9jzm6GTbchIiwjDcQ=
-6,-17,3JKACcikuKE1QxVj7qlYJF/ca7A=,C7xbQIAvnY9jzm6GTbchIiwjDcQ=
-2,-19,3JKACcikuKE1QxVj7qlYJF/ca7A=,C7xbQIAvnY9jzm6GTbchIiwjDcQ=
-11,-17,3JKACcikuKE1QxVj7qlYJF/ca7A=,JNoFs7AKjy2hW5L+L9pJTHaKI+0=
-16,-17,3JKACcikuKE1QxVj7qlYJF/ca7A=,JNoFs7AKjy2hW5L+L9pJTHaKI+0=
-10,-17,3JKACcikuKE1QxVj7qlYJF/ca7A=,JNoFs7AKjy2hW5L+L9pJTHaKI+0=
-15,-17,3JKACcikuKE1QxVj7qlYJF/ca7A=,JNoFs7AKjy2hW5L+L9pJTHaKI+0=
-1,-19,3JKACcikuKE1QxVj7qlYJF/ca7A=,C7xbQIAvnY9jzm6GTbchIiwjDcQ=
-7,-24,3JKACcikuKE1QxVj7qlYJF/ca7A=,C7xbQIAvnY9jzm6GTbchIiwjDcQ=
-8,-20,3JKACcikuKE1QxVj7qlYJF/ca7A=,C7xbQIAvnY9jzm6GTbchIiwjDcQ=
-9,-18,3JKACcikuKE1QxVj7qlYJF/ca7A=,JNoFs7AKjy2hW5L+L9pJTHaKI+0=
-8,-18,3JKACcikuKE1QxVj7qlYJF/ca7A=,C7xbQIAvnY9jzm6GTbchIiwjDcQ=
-1,-17,3JKACcikuKE1QxVj7qlYJF/ca7A=,C7xbQIAvnY9jzm6GTbchIiwjDcQ=
-6,-22,3JKACcikuKE1QxVj7qlYJF/ca7A=,C7xbQIAvnY9jzm6GTbchIiwjDcQ=
-8,-17,3JKACcikuKE1QxVj7qlYJF/ca7A=,C7xbQIAvnY9jzm6GTbchIiwjDcQ=
-5,-22,3JKACcikuKE1QxVj7qlYJF/ca7A=,C7xbQIAvnY9jzm6GTbchIiwjDcQ=
-4,-22,3JKACcikuKE1QxVj7qlYJF/ca7A=,C7xbQIAvnY9jzm6GTbchIiwjDcQ=
-3,-22,3JKACcikuKE1QxVj7qlYJF/ca7A=,C7xbQIAvnY9jzm6GTbchIiwjDcQ=
-4,-23,3JKACcikuKE1QxVj7qlYJF/ca7A=,C7xbQIAvnY9jzm6GTbchIiwjDcQ=
-4,-24,3JKACcikuKE1QxVj7qlYJF/ca7A=,C7xbQIAvnY9jzm6GTbchIiwjDcQ=
-2,-22,3JKACcikuKE1QxVj7qlYJF/ca7A=,C7xbQIAvnY9jzm6GTbchIiwjDcQ=
-1,-22,3JKACcikuKE1QxVj7qlYJF/ca7A=,C7xbQIAvnY9jzm6GTbchIiwjDcQ=
-6,-21,3JKACcikuKE1QxVj7qlYJF/ca7A=,C7xbQIAvnY9jzm6GTbchIiwjDcQ=
-7,-21,3JKACcikuKE1QxVj7qlYJF/ca7A=,C7xbQIAvnY9jzm6GTbchIiwjDcQ=
-3,-23,3JKACcikuKE1QxVj7qlYJF/ca7A=,C7xbQIAvnY9jzm6GTbchIiwjDcQ=
-5,-21,3JKACcikuKE1QxVj7qlYJF/ca7A=,C7xbQIAvnY9jzm6GTbchIiwjDcQ=
-4,-21,3JKACcikuKE1QxVj7qlYJF/ca7A=,C7xbQIAvnY9jzm6GTbchIiwjDcQ=
-2,-23,3JKACcikuKE1QxVj7qlYJF/ca7A=,C7xbQIAvnY9jzm6GTbchIiwjDcQ=
-3,-21,3JKACcikuKE1QxVj7qlYJF/ca7A=,C7xbQIAvnY9jzm6GTbchIiwjDcQ=
-3,-24,3JKACcikuKE1QxVj7qlYJF/ca7A=,C7xbQIAvnY9jzm6GTbchIiwjDcQ=
-2,-21,3JKACcikuKE1QxVj7qlYJF/ca7A=,C7xbQIAvnY9jzm6GTbchIiwjDcQ=
-2,-24,3JKACcikuKE1QxVj7qlYJF/ca7A=,C7xbQIAvnY9jzm6GTbchIiwjDcQ=
-10,-18,3JKACcikuKE1QxVj7qlYJF/ca7A=,JNoFs7AKjy2hW5L+L9pJTHaKI+0=
-11,-18,3JKACcikuKE1QxVj7qlYJF/ca7A=,JNoFs7AKjy2hW5L+L9pJTHaKI+0=
-12,-18,3JKACcikuKE1QxVj7qlYJF/ca7A=,JNoFs7AKjy2hW5L+L9pJTHaKI+0=
-9,-17,3JKACcikuKE1QxVj7qlYJF/ca7A=,JNoFs7AKjy2hW5L+L9pJTHaKI+0=
-8,-24,3JKACcikuKE1QxVj7qlYJF/ca7A=,C7xbQIAvnY9jzm6GTbchIiwjDcQ=
-7,-19,3JKACcikuKE1QxVj7qlYJF/ca7A=,C7xbQIAvnY9jzm6GTbchIiwjDcQ=
-1,-21,3JKACcikuKE1QxVj7qlYJF/ca7A=,C7xbQIAvnY9jzm6GTbchIiwjDcQ=
-6,-24,3JKACcikuKE1QxVj7qlYJF/ca7A=,C7xbQIAvnY9jzm6GTbchIiwjDcQ=
-13,-18,3JKACcikuKE1QxVj7qlYJF/ca7A=,JNoFs7AKjy2hW5L+L9pJTHaKI+0=
-14,-18,3JKACcikuKE1QxVj7qlYJF/ca7A=,JNoFs7AKjy2hW5L+L9pJTHaKI+0=
-7,-20,3JKACcikuKE1QxVj7qlYJF/ca7A=,C7xbQIAvnY9jzm6GTbchIiwjDcQ=
-15,-18,3JKACcikuKE1QxVj7qlYJF/ca7A=,JNoFs7AKjy2hW5L+L9pJTHaKI+0=
-8,-19,3JKACcikuKE1QxVj7qlYJF/ca7A=,C7xbQIAvnY9jzm6GTbchIiwjDcQ=
-8,-21,3JKACcikuKE1QxVj7qlYJF/ca7A=,C7xbQIAvnY9jzm6GTbchIiwjDcQ=
-16,-24,3JKACcikuKE1QxVj7qlYJF/ca7A=,JNoFs7AKjy2hW5L+L9pJTHaKI+0=
-15,-24,3JKACcikuKE1QxVj7qlYJF/ca7A=,JNoFs7AKjy2hW5L+L9pJTHaKI+0=
-14,-24,3JKACcikuKE1QxVj7qlYJF/ca7A=,JNoFs7AKjy2hW5L+L9pJTHaKI+0=
-13,-24,3JKACcikuKE1QxVj7qlYJF/ca7A=,JNoFs7AKjy2hW5L+L9pJTHaKI+0=
-12,-24,3JKACcikuKE1QxVj7qlYJF/ca7A=,JNoFs7AKjy2hW5L+L9pJTHaKI+0=
-11,-24,3JKACcikuKE1QxVj7qlYJF/ca7A=,JNoFs7AKjy2hW5L+L9pJTHaKI+0=
-10,-24,3JKACcikuKE1QxVj7qlYJF/ca7A=,JNoFs7AKjy2hW5L+L9pJTHaKI+0=
-9,-24,3JKACcikuKE1QxVj7qlYJF/ca7A=,JNoFs7AKjy2hW5L+L9pJTHaKI+0=
-16,-23,3JKACcikuKE1QxVj7qlYJF/ca7A=,JNoFs7AKjy2hW5L+L9pJTHaKI+0=
-15,-23,3JKACcikuKE1QxVj7qlYJF/ca7A=,JNoFs7AKjy2hW5L+L9pJTHaKI+0=
-14,-23,3JKACcikuKE1QxVj7qlYJF/ca7A=,JNoFs7AKjy2hW5L+L9pJTHaKI+0=
-13,-23,3JKACcikuKE1QxVj7qlYJF/ca7A=,JNoFs7AKjy2hW5L+L9pJTHaKI+0=
-12,-23,3JKACcikuKE1QxVj7qlYJF/ca7A=,JNoFs7AKjy2hW5L+L9pJTHaKI+0=
-11,-23,3JKACcikuKE1QxVj7qlYJF/ca7A=,JNoFs7AKjy2hW5L+L9pJTHaKI+0=
-10,-23,3JKACcikuKE1QxVj7qlYJF/ca7A=,JNoFs7AKjy2hW5L+L9pJTHaKI+0=
-9,-23,3JKACcikuKE1QxVj7qlYJF/ca7A=,JNoFs7AKjy2hW5L+L9pJTHaKI+0=
-16,-22,3JKACcikuKE1QxVj7qlYJF/ca7A=,JNoFs7AKjy2hW5L+L9pJTHaKI+0=
-15,-22,3JKACcikuKE1QxVj7qlYJF/ca7A=,JNoFs7AKjy2hW5L+L9pJTHaKI+0=
-14,-22,3JKACcikuKE1QxVj7qlYJF/ca7A=,JNoFs7AKjy2hW5L+L9pJTHaKI+0=
-13,-22,3JKACcikuKE1QxVj7qlYJF/ca7A=,JNoFs7AKjy2hW5L+L9pJTHaKI+0=
-12,-22,3JKACcikuKE1QxVj7qlYJF/ca7A=,JNoFs7AKjy2hW5L+L9pJTHaKI+0=
-8,-23,3JKACcikuKE1QxVj7qlYJF/ca7A=,C7xbQIAvnY9jzm6GTbchIiwjDcQ=
-11,-22,3JKACcikuKE1QxVj7qlYJF/ca7A=,JNoFs7AKjy2hW5L+L9pJTHaKI+0=
-10,-22,3JKACcikuKE1QxVj7qlYJF/ca7A=,JNoFs7AKjy2hW5L+L9pJTHaKI+0=
-9,-22,3JKACcikuKE1QxVj7qlYJF/ca7A=,JNoFs7AKjy2hW5L+L9pJTHaKI+0=
-16,-21,3JKACcikuKE1QxVj7qlYJF/ca7A=,JNoFs7AKjy2hW5L+L9pJTHaKI+0=
-15,-21,3JKACcikuKE1QxVj7qlYJF/ca7A=,JNoFs7AKjy2hW5L+L9pJTHaKI+0=
-14,-21,3JKACcikuKE1QxVj7qlYJF/ca7A=,JNoFs7AKjy2hW5L+L9pJTHaKI+0=
-13,-21,3JKACcikuKE1QxVj7qlYJF/ca7A=,JNoFs7AKjy2hW5L+L9pJTHaKI+0=
-12,-21,3JKACcikuKE1QxVj7qlYJF/ca7A=,JNoFs7AKjy2hW5L+L9pJTHaKI+0=
-11,-21,3JKACcikuKE1QxVj7qlYJF/ca7A=,JNoFs7AKjy2hW5L+L9pJTHaKI+0=
-10,-21,3JKACcikuKE1QxVj7qlYJF/ca7A=,JNoFs7AKjy2hW5L+L9pJTHaKI+0=
-9,-21,3JKACcikuKE1QxVj7qlYJF/ca7A=,JNoFs7AKjy2hW5L+L9pJTHaKI+0=
-6,-20,3JKACcikuKE1QxVj7qlYJF/ca7A=,C7xbQIAvnY9jzm6GTbchIiwjDcQ=
-1,-24,3JKACcikuKE1QxVj7qlYJF/ca7A=,C7xbQIAvnY9jzm6GTbchIiwjDcQ=
-16,-20,3JKACcikuKE1QxVj7qlYJF/ca7A=,JNoFs7AKjy2hW5L+L9pJTHaKI+0=
-15,-20,3JKACcikuKE1QxVj7qlYJF/ca7A=,JNoFs7AKjy2hW5L+L9pJTHaKI+0=
-16,-18,3JKACcikuKE1QxVj7qlYJF/ca7A=,JNoFs7AKjy2hW5L+L9pJTHaKI+0=
-14,-20,3JKACcikuKE1QxVj7qlYJF/ca7A=,JNoFs7AKjy2hW5L+L9pJTHaKI+0=
-9,-19,3JKACcikuKE1QxVj7qlYJF/ca7A=,JNoFs7AKjy2hW5L+L9pJTHaKI+0=
-4,-18,3JKACcikuKE1QxVj7qlYJF/ca7A=,C7xbQIAvnY9jzm6GTbchIiwjDcQ=
-13,-20,3JKACcikuKE1QxVj7qlYJF/ca7A=,JNoFs7AKjy2hW5L+L9pJTHaKI+0=
-6,-19,3JKACcikuKE1QxVj7qlYJF/ca7A=,C7xbQIAvnY9jzm6GTbchIiwjDcQ=
-7,-23,3JKACcikuKE1QxVj7qlYJF/ca7A=,C7xbQIAvnY9jzm6GTbchIiwjDcQ=
-5,-20,3JKACcikuKE1QxVj7qlYJF/ca7A=,C7xbQIAvnY9jzm6GTbchIiwjDcQ=
-12,-20,3JKACcikuKE1QxVj7qlYJF/ca7A=,JNoFs7AKjy2hW5L+L9pJTHaKI+0=
-11,-20,3JKACcikuKE1QxVj7qlYJF/ca7A=,JNoFs7AKjy2hW5L+L9pJTHaKI+0=
-10,-19,3JKACcikuKE1QxVj7qlYJF/ca7A=,JNoFs7AKjy2hW5L+L9pJTHaKI+0=
-11,-19,3JKACcikuKE1QxVj7qlYJF/ca7A=,JNoFs7AKjy2hW5L+L9pJTHaKI+0=
-8,-22,3JKACcikuKE1QxVj7qlYJF/ca7A=,C7xbQIAvnY9jzm6GTbchIiwjDcQ=
-7,-17,3JKACcikuKE1QxVj7qlYJF/ca7A=,C7xbQIAvnY9jzm6GTbchIiwjDcQ=
-10,-20,3JKACcikuKE1QxVj7qlYJF/ca7A=,JNoFs7AKjy2hW5L+L9pJTHaKI+0=
-9,-20,3JKACcikuKE1QxVj7qlYJF/ca7A=,JNoFs7AKjy2hW5L+L9pJTHaKI+0=
-7,-18,3JKACcikuKE1QxVj7qlYJF/ca7A=,C7xbQIAvnY9jzm6GTbchIiwjDcQ=
-1,-23,3JKACcikuKE1QxVj7qlYJF/ca7A=,C7xbQIAvnY9jzm6GTbchIiwjDcQ=
-6,-23,3JKACcikuKE1QxVj7qlYJF/ca7A=,C7xbQIAvnY9jzm6GTbchIiwjDcQ=
-12,-19,3JKACcikuKE1QxVj7qlYJF/ca7A=,JNoFs7AKjy2hW5L+L9pJTHaKI+0=
-4,-20,3JKACcikuKE1QxVj7qlYJF/ca7A=,C7xbQIAvnY9jzm6GTbchIiwjDcQ=
-13,-19,3JKACcikuKE1QxVj7qlYJF/ca7A=,JNoFs7AKjy2hW5L+L9pJTHaKI+0=
-14,-19,3JKACcikuKE1QxVj7qlYJF/ca7A=,JNoFs7AKjy2hW5L+L9pJTHaKI+0=
-5,-23,3JKACcikuKE1QxVj7qlYJF/ca7A=,C7xbQIAvnY9jzm6GTbchIiwjDcQ=
-16,-19,3JKACcikuKE1QxVj7qlYJF/ca7A=,JNoFs7AKjy2hW5L+L9pJTHaKI+0=
-1,-20,3JKACcikuKE1QxVj7qlYJF/ca7A=,C7xbQIAvnY9jzm6GTbchIiwjDcQ=
-7,-22,3JKACcikuKE1QxVj7qlYJF/ca7A=,C7xbQIAvnY9jzm6GTbchIiwjDcQ=
-3,-19,3JKACcikuKE1QxVj7qlYJF/ca7A=,C7xbQIAvnY9jzm6GTbchIiwjDcQ=
-6,-18,3JKACcikuKE1QxVj7qlYJF/ca7A=,C7xbQIAvnY9jzm6GTbchIiwjDcQ=
-5,-24,3JKACcikuKE1QxVj7qlYJF/ca7A=,C7xbQIAvnY9jzm6GTbchIiwjDcQ=
-3,-20,3JKACcikuKE1QxVj7qlYJF/ca7A=,C7xbQIAvnY9jzm6GTbchIiwjDcQ=
-5,-18,3JKACcikuKE1QxVj7qlYJF/ca7A=,C7xbQIAvnY9jzm6GTbchIiwjDcQ=
-15,-19,3JKACcikuKE1QxVj7qlYJF/ca7A=,JNoFs7AKjy2hW5L+L9pJTHaKI+0=
-2,-20,3JKACcikuKE1QxVj7qlYJF/ca7A=,C7xbQIAvnY9jzm6GTbchIiwjDcQ=
-2,-18,3JKACcikuKE1QxVj7qlYJF/ca7A=,C7xbQIAvnY9jzm6GTbchIiwjDcQ=
-4,-19,3JKACcikuKE1QxVj7qlYJF/ca7A=,C7xbQIAvnY9jzm6GTbchIiwjDcQ=
-1,-18,3JKACcikuKE1QxVj7qlYJF/ca7A=,C7xbQIAvnY9jzm6GTbchIiwjDcQ=
-13,-17,3JKACcikuKE1QxVj7qlYJF/ca7A=,JNoFs7AKjy2hW5L+L9pJTHaKI+0=
-5,-19,3JKACcikuKE1QxVj7qlYJF/ca7A=,C7xbQIAvnY9jzm6GTbchIiwjDcQ=
