14,14,MVIZPC+9LMZgtXZZdoZVEhfg+N0=,Qlh/l/fyd2ucQ7LZhqymWxYjmf0=
13,14,MVIZPC+9LMZgtXZZdoZVEhfg+N0=,Qlh/l/fyd2ucQ7LZhqymWxYjmf0=
11,9,I/C5JqJwSLvK3oqIQQB2rhUwOtw=,Qlh/l/fyd2ucQ7LZhqymWxYjmf0=
10,9,I/C5JqJwSLvK3oqIQQB2rhUwOtw=,Qlh/l/fyd2ucQ7LZhqymWxYjmf0=
9,9,I/C5JqJwSLvK3oqIQQB2rhUwOtw=,Qlh/l/fyd2ucQ7LZhqymWxYjmf0=
14,9,I/C5JqJwSLvK3oqIQQB2rhUwOtw=,Qlh/l/fyd2ucQ7LZhqymWxYjmf0=
14,7,I/C5JqJwSLvK3oqIQQB2rhUwOtw=,BBtdl141vN8Capp9EKIiEbGqUBM=
11,8,I/C5JqJwSLvK3oqIQQB2rhUwOtw=,Qlh/l/fyd2ucQ7LZhqymWxYjmf0=
10,8,I/C5JqJwSLvK3oqIQQB2rhUwOtw=,Qlh/l/fyd2ucQ7LZhqymWxYjmf0=
14,8,I/C5JqJwSLvK3oqIQQB2rhUwOtw=,Qlh/l/fyd2ucQ7LZhqymWxYjmf0=
13,8,I/C5JqJwSLvK3oqIQQB2rhUwOtw=,Qlh/l/fyd2ucQ7LZhqymWxYjmf0=
13,7,I/C5JqJwSLvK3oqIQQB2rhUwOtw=,BBtdl141vN8Capp9EKIiEbGqUBM=
9,8,I/C5JqJwSLvK3oqIQQB2rhUwOtw=,Qlh/l/fyd2ucQ7LZhqymWxYjmf0=
12,8,I/C5JqJwSLvK3oqIQQB2rhUwOtw=,Qlh/l/fyd2ucQ7LZhqymWxYjmf0=
9,1,I/C5JqJwSLvK3oqIQQB2rhUwOtw=,BBtdl141vN8Capp9EKIiEbGqUBM=
13,9,I/C5JqJwSLvK3oqIQQB2rhUwOtw=,Qlh/l/fyd2ucQ7LZhqymWxYjmf0=
12,7,I/C5JqJwSLvK3oqIQQB2rhUwOtw=,BBtdl141vN8Capp9EKIiEbGqUBM=
10,1,I/C5JqJwSLvK3oqIQQB2rhUwOtw=,BBtdl141vN8Capp9EKIiEbGqUBM=
11,1,I/C5JqJwSLvK3oqIQQB2rhUwOtw=,BBtdl141vN8Capp9EKIiEbGqUBM=
12,9,I/C5JqJwSLvK3oqIQQB2rhUwOtw=,Qlh/l/fyd2ucQ7LZhqymWxYjmf0=
12,1,I/C5JqJwSLvK3oqIQQB2rhUwOtw=,BBtdl141vN8Capp9EKIiEbGqUBM=
11,7,I/C5JqJwSLvK3oqIQQB2rhUwOtw=,BBtdl141vN8Capp9EKIiEbGqUBM=
13,1,I/C5JqJwSLvK3oqIQQB2rhUwOtw=,BBtdl141vN8Capp9EKIiEbGqUBM=
14,1,I/C5JqJwSLvK3oqIQQB2rhUwOtw=,BBtdl141vN8Capp9EKIiEbGqUBM=
9,10,I/C5JqJwSLvK3oqIQQB2rhUwOtw=,Qlh/l/fyd2ucQ7LZhqymWxYjmf0=
9,2,I/C5JqJwSLvK3oqIQQB2rhUwOtw=,BBtdl141vN8Capp9EKIiEbGqUBM=
10,7,I/C5JqJwSLvK3oqIQQB2rhUwOtw=,BBtdl141vN8Capp9EKIiEbGqUBM=
10,2,I/C5JqJwSLvK3oqIQQB2rhUwOtw=,BBtdl141vN8Capp9EKIiEbGqUBM=
11,2,I/C5JqJwSLvK3oqIQQB2rhUwOtw=,BBtdl141vN8Capp9EKIiEbGqUBM=
13,2,I/C5JqJwSLvK3oqIQQB2rhUwOtw=,BBtdl141vN8Capp9EKIiEbGqUBM=
14,2,I/C5JqJwSLvK3oqIQQB2rhUwOtw=,BBtdl141vN8Capp9EKIiEbGqUBM=
12,2,I/C5JqJwSLvK3oqIQQB2rhUwOtw=,BBtdl141vN8Capp9EKIiEbGqUBM=
9,7,I/C5JqJwSLvK3oqIQQB2rhUwOtw=,BBtdl141vN8Capp9EKIiEbGqUBM=
10,3,I/C5JqJwSLvK3oqIQQB2rhUwOtw=,BBtdl141vN8Capp9EKIiEbGqUBM=
11,3,I/C5JqJwSLvK3oqIQQB2rhUwOtw=,BBtdl141vN8Capp9EKIiEbGqUBM=
12,3,I/C5JqJwSLvK3oqIQQB2rhUwOtw=,BBtdl141vN8Capp9EKIiEbGqUBM=
14,6,I/C5JqJwSLvK3oqIQQB2rhUwOtw=,BBtdl141vN8Capp9EKIiEbGqUBM=
13,3,I/C5JqJwSLvK3oqIQQB2rhUwOtw=,BBtdl141vN8Capp9EKIiEbGqUBM=
8,14,I/C5JqJwSLvK3oqIQQB2rhUwOtw=,Qlh/l/fyd2ucQ7LZhqymWxYjmf0=
13,6,I/C5JqJwSLvK3oqIQQB2rhUwOtw=,BBtdl141vN8Capp9EKIiEbGqUBM=
14,3,I/C5JqJwSLvK3oqIQQB2rhUwOtw=,BBtdl141vN8Capp9EKIiEbGqUBM=
8,13,I/C5JqJwSLvK3oqIQQB2rhUwOtw=,Qlh/l/fyd2ucQ7LZhqymWxYjmf0=
10,4,I/C5JqJwSLvK3oqIQQB2rhUwOtw=,BBtdl141vN8Capp9EKIiEbGqUBM=
12,6,I/C5JqJwSLvK3oqIQQB2rhUwOtw=,BBtdl141vN8Capp9EKIiEbGqUBM=
11,4,I/C5JqJwSLvK3oqIQQB2rhUwOtw=,BBtdl141vN8Capp9EKIiEbGqUBM=
12,4,I/C5JqJwSLvK3oqIQQB2rhUwOtw=,BBtdl141vN8Capp9EKIiEbGqUBM=
8,12,I/C5JqJwSLvK3oqIQQB2rhUwOtw=,Qlh/l/fyd2ucQ7LZhqymWxYjmf0=
11,6,I/C5JqJwSLvK3oqIQQB2rhUwOtw=,BBtdl141vN8Capp9EKIiEbGqUBM=
9,4,I/C5JqJwSLvK3oqIQQB2rhUwOtw=,BBtdl141vN8Capp9EKIiEbGqUBM=
13,4,I/C5JqJwSLvK3oqIQQB2rhUwOtw=,BBtdl141vN8Capp9EKIiEbGqUBM=
14,4,I/C5JqJwSLvK3oqIQQB2rhUwOtw=,BBtdl141vN8Capp9EKIiEbGqUBM=
8,11,I/C5JqJwSLvK3oqIQQB2rhUwOtw=,Qlh/l/fyd2ucQ7LZhqymWxYjmf0=
10,6,I/C5JqJwSLvK3oqIQQB2rhUwOtw=,BBtdl141vN8Capp9EKIiEbGqUBM=
9,5,I/C5JqJwSLvK3oqIQQB2rhUwOtw=,BBtdl141vN8Capp9EKIiEbGqUBM=
10,5,I/C5JqJwSLvK3oqIQQB2rhUwOtw=,BBtdl141vN8Capp9EKIiEbGqUBM=
10,10,I/C5JqJwSLvK3oqIQQB2rhUwOtw=,Qlh/l/fyd2ucQ7LZhqymWxYjmf0=
8,10,I/C5JqJwSLvK3oqIQQB2rhUwOtw=,Qlh/l/fyd2ucQ7LZhqymWxYjmf0=
9,6,I/C5JqJwSLvK3oqIQQB2rhUwOtw=,BBtdl141vN8Capp9EKIiEbGqUBM=
11,5,I/C5JqJwSLvK3oqIQQB2rhUwOtw=,BBtdl141vN8Capp9EKIiEbGqUBM=
12,5,I/C5JqJwSLvK3oqIQQB2rhUwOtw=,BBtdl141vN8Capp9EKIiEbGqUBM=
13,5,I/C5JqJwSLvK3oqIQQB2rhUwOtw=,BBtdl141vN8Capp9EKIiEbGqUBM=
4,13,I/C5JqJwSLvK3oqIQQB2rhUwOtw=,WBus0BzTT5tHxPB8eD4l6ewFgm4=
14,5,I/C5JqJwSLvK3oqIQQB2rhUwOtw=,BBtdl141vN8Capp9EKIiEbGqUBM=
11,10,I/C5JqJwSLvK3oqIQQB2rhUwOtw=,Qlh/l/fyd2ucQ7LZhqymWxYjmf0=
12,10,I/C5JqJwSLvK3oqIQQB2rhUwOtw=,Qlh/l/fyd2ucQ7LZhqymWxYjmf0=
4,10,I/C5JqJwSLvK3oqIQQB2rhUwOtw=,WBus0BzTT5tHxPB8eD4l6ewFgm4=
6,10,I/C5JqJwSLvK3oqIQQB2rhUwOtw=,WBus0BzTT5tHxPB8eD4l6ewFgm4=
5,10,I/C5JqJwSLvK3oqIQQB2rhUwOtw=,WBus0BzTT5tHxPB8eD4l6ewFgm4=
13,10,I/C5JqJwSLvK3oqIQQB2rhUwOtw=,Qlh/l/fyd2ucQ7LZhqymWxYjmf0=
14,10,I/C5JqJwSLvK3oqIQQB2rhUwOtw=,Qlh/l/fyd2ucQ7LZhqymWxYjmf0=
9,11,I/C5JqJwSLvK3oqIQQB2rhUwOtw=,Qlh/l/fyd2ucQ7LZhqymWxYjmf0=
4,15,I/C5JqJwSLvK3oqIQQB2rhUwOtw=,WBus0BzTT5tHxPB8eD4l6ewFgm4=
4,9,I/C5JqJwSLvK3oqIQQB2rhUwOtw=,WBus0BzTT5tHxPB8eD4l6ewFgm4=
10,11,I/C5JqJwSLvK3oqIQQB2rhUwOtw=,Qlh/l/fyd2ucQ7LZhqymWxYjmf0=
11,11,I/C5JqJwSLvK3oqIQQB2rhUwOtw=,Qlh/l/fyd2ucQ7LZhqymWxYjmf0=
12,11,I/C5JqJwSLvK3oqIQQB2rhUwOtw=,Qlh/l/fyd2ucQ7LZhqymWxYjmf0=
4,12,I/C5JqJwSLvK3oqIQQB2rhUwOtw=,WBus0BzTT5tHxPB8eD4l6ewFgm4=
13,11,I/C5JqJwSLvK3oqIQQB2rhUwOtw=,Qlh/l/fyd2ucQ7LZhqymWxYjmf0=
5,15,I/C5JqJwSLvK3oqIQQB2rhUwOtw=,WBus0BzTT5tHxPB8eD4l6ewFgm4=
14,11,I/C5JqJwSLvK3oqIQQB2rhUwOtw=,Qlh/l/fyd2ucQ7LZhqymWxYjmf0=
9,12,I/C5JqJwSLvK3oqIQQB2rhUwOtw=,Qlh/l/fyd2ucQ7LZhqymWxYjmf0=
7,10,I/C5JqJwSLvK3oqIQQB2rhUwOtw=,WBus0BzTT5tHxPB8eD4l6ewFgm4=
10,12,I/C5JqJwSLvK3oqIQQB2rhUwOtw=,Qlh/l/fyd2ucQ7LZhqymWxYjmf0=
6,15,I/C5JqJwSLvK3oqIQQB2rhUwOtw=,WBus0BzTT5tHxPB8eD4l6ewFgm4=
11,12,I/C5JqJwSLvK3oqIQQB2rhUwOtw=,Qlh/l/fyd2ucQ7LZhqymWxYjmf0=
12,12,I/C5JqJwSLvK3oqIQQB2rhUwOtw=,Qlh/l/fyd2ucQ7LZhqymWxYjmf0=
13,12,I/C5JqJwSLvK3oqIQQB2rhUwOtw=,Qlh/l/fyd2ucQ7LZhqymWxYjmf0=
5,12,I/C5JqJwSLvK3oqIQQB2rhUwOtw=,WBus0BzTT5tHxPB8eD4l6ewFgm4=
1,15,I/C5JqJwSLvK3oqIQQB2rhUwOtw=,WBus0BzTT5tHxPB8eD4l6ewFgm4=
14,12,I/C5JqJwSLvK3oqIQQB2rhUwOtw=,Qlh/l/fyd2ucQ7LZhqymWxYjmf0=
9,13,I/C5JqJwSLvK3oqIQQB2rhUwOtw=,Qlh/l/fyd2ucQ7LZhqymWxYjmf0=
10,13,I/C5JqJwSLvK3oqIQQB2rhUwOtw=,Qlh/l/fyd2ucQ7LZhqymWxYjmf0=
5,9,I/C5JqJwSLvK3oqIQQB2rhUwOtw=,WBus0BzTT5tHxPB8eD4l6ewFgm4=
11,13,I/C5JqJwSLvK3oqIQQB2rhUwOtw=,Qlh/l/fyd2ucQ7LZhqymWxYjmf0=
12,13,I/C5JqJwSLvK3oqIQQB2rhUwOtw=,Qlh/l/fyd2ucQ7LZhqymWxYjmf0=
13,13,I/C5JqJwSLvK3oqIQQB2rhUwOtw=,Qlh/l/fyd2ucQ7LZhqymWxYjmf0=
5,13,I/C5JqJwSLvK3oqIQQB2rhUwOtw=,WBus0BzTT5tHxPB8eD4l6ewFgm4=
14,13,I/C5JqJwSLvK3oqIQQB2rhUwOtw=,Qlh/l/fyd2ucQ7LZhqymWxYjmf0=
2,15,I/C5JqJwSLvK3oqIQQB2rhUwOtw=,WBus0BzTT5tHxPB8eD4l6ewFgm4=
9,14,I/C5JqJwSLvK3oqIQQB2rhUwOtw=,Qlh/l/fyd2ucQ7LZhqymWxYjmf0=
10,14,I/C5JqJwSLvK3oqIQQB2rhUwOtw=,Qlh/l/fyd2ucQ7LZhqymWxYjmf0=
11,14,I/C5JqJwSLvK3oqIQQB2rhUwOtw=,Qlh/l/fyd2ucQ7LZhqymWxYjmf0=
1,11,I/C5JqJwSLvK3oqIQQB2rhUwOtw=,WBus0BzTT5tHxPB8eD4l6ewFgm4=
3,15,I/C5JqJwSLvK3oqIQQB2rhUwOtw=,WBus0BzTT5tHxPB8eD4l6ewFgm4=
6,13,I/C5JqJwSLvK3oqIQQB2rhUwOtw=,WBus0BzTT5tHxPB8eD4l6ewFgm4=
12,14,I/C5JqJwSLvK3oqIQQB2rhUwOtw=,Qlh/l/fyd2ucQ7LZhqymWxYjmf0=
6,9,I/C5JqJwSLvK3oqIQQB2rhUwOtw=,WBus0BzTT5tHxPB8eD4l6ewFgm4=
2,11,I/C5JqJwSLvK3oqIQQB2rhUwOtw=,WBus0BzTT5tHxPB8eD4l6ewFgm4=
7,13,I/C5JqJwSLvK3oqIQQB2rhUwOtw=,WBus0BzTT5tHxPB8eD4l6ewFgm4=
8,9,I/C5JqJwSLvK3oqIQQB2rhUwOtw=,Qlh/l/fyd2ucQ7LZhqymWxYjmf0=
7,14,I/C5JqJwSLvK3oqIQQB2rhUwOtw=,WBus0BzTT5tHxPB8eD4l6ewFgm4=
1,14,I/C5JqJwSLvK3oqIQQB2rhUwOtw=,WBus0BzTT5tHxPB8eD4l6ewFgm4=
2,14,I/C5JqJwSLvK3oqIQQB2rhUwOtw=,WBus0BzTT5tHxPB8eD4l6ewFgm4=
3,14,I/C5JqJwSLvK3oqIQQB2rhUwOtw=,WBus0BzTT5tHxPB8eD4l6ewFgm4=
4,14,I/C5JqJwSLvK3oqIQQB2rhUwOtw=,WBus0BzTT5tHxPB8eD4l6ewFgm4=
3,11,I/C5JqJwSLvK3oqIQQB2rhUwOtw=,WBus0BzTT5tHxPB8eD4l6ewFgm4=
0,11,I/C5JqJwSLvK3oqIQQB2rhUwOtw=,WBus0BzTT5tHxPB8eD4l6ewFgm4=
4,11,I/C5JqJwSLvK3oqIQQB2rhUwOtw=,WBus0BzTT5tHxPB8eD4l6ewFgm4=
0,9,I/C5JqJwSLvK3oqIQQB2rhUwOtw=,WBus0BzTT5tHxPB8eD4l6ewFgm4=
14,0,I/C5JqJwSLvK3oqIQQB2rhUwOtw=,BBtdl141vN8Capp9EKIiEbGqUBM=
3,12,I/C5JqJwSLvK3oqIQQB2rhUwOtw=,WBus0BzTT5tHxPB8eD4l6ewFgm4=
6,12,I/C5JqJwSLvK3oqIQQB2rhUwOtw=,WBus0BzTT5tHxPB8eD4l6ewFgm4=
0,14,I/C5JqJwSLvK3oqIQQB2rhUwOtw=,WBus0BzTT5tHxPB8eD4l6ewFgm4=
3,10,I/C5JqJwSLvK3oqIQQB2rhUwOtw=,WBus0BzTT5tHxPB8eD4l6ewFgm4=
13,0,I/C5JqJwSLvK3oqIQQB2rhUwOtw=,BBtdl141vN8Capp9EKIiEbGqUBM=
9,3,I/C5JqJwSLvK3oqIQQB2rhUwOtw=,BBtdl141vN8Capp9EKIiEbGqUBM=
7,9,I/C5JqJwSLvK3oqIQQB2rhUwOtw=,WBus0BzTT5tHxPB8eD4l6ewFgm4=
11,0,I/C5JqJwSLvK3oqIQQB2rhUwOtw=,BBtdl141vN8Capp9EKIiEbGqUBM=
12,0,I/C5JqJwSLvK3oqIQQB2rhUwOtw=,BBtdl141vN8Capp9EKIiEbGqUBM=
0,12,I/C5JqJwSLvK3oqIQQB2rhUwOtw=,WBus0BzTT5tHxPB8eD4l6ewFgm4=
5,11,I/C5JqJwSLvK3oqIQQB2rhUwOtw=,WBus0BzTT5tHxPB8eD4l6ewFgm4=
9,0,I/C5JqJwSLvK3oqIQQB2rhUwOtw=,BBtdl141vN8Capp9EKIiEbGqUBM=
0,10,I/C5JqJwSLvK3oqIQQB2rhUwOtw=,WBus0BzTT5tHxPB8eD4l6ewFgm4=
0,13,I/C5JqJwSLvK3oqIQQB2rhUwOtw=,WBus0BzTT5tHxPB8eD4l6ewFgm4=
0,15,I/C5JqJwSLvK3oqIQQB2rhUwOtw=,WBus0BzTT5tHxPB8eD4l6ewFgm4=
7,12,I/C5JqJwSLvK3oqIQQB2rhUwOtw=,WBus0BzTT5tHxPB8eD4l6ewFgm4=
3,13,I/C5JqJwSLvK3oqIQQB2rhUwOtw=,WBus0BzTT5tHxPB8eD4l6ewFgm4=
6,14,I/C5JqJwSLvK3oqIQQB2rhUwOtw=,WBus0BzTT5tHxPB8eD4l6ewFgm4=
2,10,I/C5JqJwSLvK3oqIQQB2rhUwOtw=,WBus0BzTT5tHxPB8eD4l6ewFgm4=
6,11,I/C5JqJwSLvK3oqIQQB2rhUwOtw=,WBus0BzTT5tHxPB8eD4l6ewFgm4=
7,11,I/C5JqJwSLvK3oqIQQB2rhUwOtw=,WBus0BzTT5tHxPB8eD4l6ewFgm4=
1,9,I/C5JqJwSLvK3oqIQQB2rhUwOtw=,WBus0BzTT5tHxPB8eD4l6ewFgm4=
1,10,I/C5JqJwSLvK3oqIQQB2rhUwOtw=,WBus0BzTT5tHxPB8eD4l6ewFgm4=
1,12,I/C5JqJwSLvK3oqIQQB2rhUwOtw=,WBus0BzTT5tHxPB8eD4l6ewFgm4=
2,12,I/C5JqJwSLvK3oqIQQB2rhUwOtw=,WBus0BzTT5tHxPB8eD4l6ewFgm4=
15,6,I/C5JqJwSLvK3oqIQQB2rhUwOtw=,BBtdl141vN8Capp9EKIiEbGqUBM=
5,14,I/C5JqJwSLvK3oqIQQB2rhUwOtw=,WBus0BzTT5tHxPB8eD4l6ewFgm4=
15,1,I/C5JqJwSLvK3oqIQQB2rhUwOtw=,BBtdl141vN8Capp9EKIiEbGqUBM=
15,5,I/C5JqJwSLvK3oqIQQB2rhUwOtw=,BBtdl141vN8Capp9EKIiEbGqUBM=
15,2,I/C5JqJwSLvK3oqIQQB2rhUwOtw=,BBtdl141vN8Capp9EKIiEbGqUBM=
2,9,I/C5JqJwSLvK3oqIQQB2rhUwOtw=,WBus0BzTT5tHxPB8eD4l6ewFgm4=
15,7,I/C5JqJwSLvK3oqIQQB2rhUwOtw=,BBtdl141vN8Capp9EKIiEbGqUBM=
15,4,I/C5JqJwSLvK3oqIQQB2rhUwOtw=,BBtdl141vN8Capp9EKIiEbGqUBM=
1,13,I/C5JqJwSLvK3oqIQQB2rhUwOtw=,WBus0BzTT5tHxPB8eD4l6ewFgm4=
3,9,I/C5JqJwSLvK3oqIQQB2rhUwOtw=,WBus0BzTT5tHxPB8eD4l6ewFgm4=
15,3,I/C5JqJwSLvK3oqIQQB2rhUwOtw=,BBtdl141vN8Capp9EKIiEbGqUBM=
15,14,I/C5JqJwSLvK3oqIQQB2rhUwOtw=,Qlh/l/fyd2ucQ7LZhqymWxYjmf0=
15,13,I/C5JqJwSLvK3oqIQQB2rhUwOtw=,Qlh/l/fyd2ucQ7LZhqymWxYjmf0=
2,13,I/C5JqJwSLvK3oqIQQB2rhUwOtw=,WBus0BzTT5tHxPB8eD4l6ewFgm4=
15,12,I/C5JqJwSLvK3oqIQQB2rhUwOtw=,Qlh/l/fyd2ucQ7LZhqymWxYjmf0=
14,15,I/C5JqJwSLvK3oqIQQB2rhUwOtw=,Qlh/l/fyd2ucQ7LZhqymWxYjmf0=
15,15,I/C5JqJwSLvK3oqIQQB2rhUwOtw=,Qlh/l/fyd2ucQ7LZhqymWxYjmf0=
15,0,I/C5JqJwSLvK3oqIQQB2rhUwOtw=,BBtdl141vN8Capp9EKIiEbGqUBM=
15,11,I/C5JqJwSLvK3oqIQQB2rhUwOtw=,Qlh/l/fyd2ucQ7LZhqymWxYjmf0=
15,9,I/C5JqJwSLvK3oqIQQB2rhUwOtw=,Qlh/l/fyd2ucQ7LZhqymWxYjmf0=
13,15,I/C5JqJwSLvK3oqIQQB2rhUwOtw=,Qlh/l/fyd2ucQ7LZhqymWxYjmf0=
15,8,I/C5JqJwSLvK3oqIQQB2rhUwOtw=,Qlh/l/fyd2ucQ7LZhqymWxYjmf0=
7,15,I/C5JqJwSLvK3oqIQQB2rhUwOtw=,WBus0BzTT5tHxPB8eD4l6ewFgm4=
15,10,I/C5JqJwSLvK3oqIQQB2rhUwOtw=,Qlh/l/fyd2ucQ7LZhqymWxYjmf0=
8,15,I/C5JqJwSLvK3oqIQQB2rhUwOtw=,Qlh/l/fyd2ucQ7LZhqymWxYjmf0=
9,15,I/C5JqJwSLvK3oqIQQB2rhUwOtw=,Qlh/l/fyd2ucQ7LZhqymWxYjmf0=
10,0,I/C5JqJwSLvK3oqIQQB2rhUwOtw=,BBtdl141vN8Capp9EKIiEbGqUBM=
10,15,I/C5JqJwSLvK3oqIQQB2rhUwOtw=,Qlh/l/fyd2ucQ7LZhqymWxYjmf0=
12,15,I/C5JqJwSLvK3oqIQQB2rhUwOtw=,Qlh/l/fyd2ucQ7LZhqymWxYjmf0=
11,15,I/C5JqJwSLvK3oqIQQB2rhUwOtw=,Qlh/l/fyd2ucQ7LZhqymWxYjmf0=
8,7,I/C5JqJwSLvK3oqIQQB2rhUwOtw=,BBtdl141vN8Capp9EKIiEbGqUBM=
2,7,I/C5JqJwSLvK3oqIQQB2rhUwOtw=,jYBvnKoEL9YSlyXPK8T2+4CzDqc=
3,7,I/C5JqJwSLvK3oqIQQB2rhUwOtw=,jYBvnKoEL9YSlyXPK8T2+4CzDqc=
3,4,I/C5JqJwSLvK3oqIQQB2rhUwOtw=,jYBvnKoEL9YSlyXPK8T2+4CzDqc=
1,7,I/C5JqJwSLvK3oqIQQB2rhUwOtw=,jYBvnKoEL9YSlyXPK8T2+4CzDqc=
8,6,I/C5JqJwSLvK3oqIQQB2rhUwOtw=,BBtdl141vN8Capp9EKIiEbGqUBM=
3,5,I/C5JqJwSLvK3oqIQQB2rhUwOtw=,jYBvnKoEL9YSlyXPK8T2+4CzDqc=
0,7,I/C5JqJwSLvK3oqIQQB2rhUwOtw=,jYBvnKoEL9YSlyXPK8T2+4CzDqc=
7,6,I/C5JqJwSLvK3oqIQQB2rhUwOtw=,jYBvnKoEL9YSlyXPK8T2+4CzDqc=
7,3,I/C5JqJwSLvK3oqIQQB2rhUwOtw=,jYBvnKoEL9YSlyXPK8T2+4CzDqc=
8,5,I/C5JqJwSLvK3oqIQQB2rhUwOtw=,BBtdl141vN8Capp9EKIiEbGqUBM=
6,6,I/C5JqJwSLvK3oqIQQB2rhUwOtw=,jYBvnKoEL9YSlyXPK8T2+4CzDqc=
2,5,I/C5JqJwSLvK3oqIQQB2rhUwOtw=,jYBvnKoEL9YSlyXPK8T2+4CzDqc=
5,6,I/C5JqJwSLvK3oqIQQB2rhUwOtw=,jYBvnKoEL9YSlyXPK8T2+4CzDqc=
8,4,I/C5JqJwSLvK3oqIQQB2rhUwOtw=,BBtdl141vN8Capp9EKIiEbGqUBM=
2,4,I/C5JqJwSLvK3oqIQQB2rhUwOtw=,jYBvnKoEL9YSlyXPK8T2+4CzDqc=
4,6,I/C5JqJwSLvK3oqIQQB2rhUwOtw=,jYBvnKoEL9YSlyXPK8T2+4CzDqc=
5,4,I/C5JqJwSLvK3oqIQQB2rhUwOtw=,jYBvnKoEL9YSlyXPK8T2+4CzDqc=
3,3,I/C5JqJwSLvK3oqIQQB2rhUwOtw=,jYBvnKoEL9YSlyXPK8T2+4CzDqc=
8,3,I/C5JqJwSLvK3oqIQQB2rhUwOtw=,BBtdl141vN8Capp9EKIiEbGqUBM=
3,6,I/C5JqJwSLvK3oqIQQB2rhUwOtw=,jYBvnKoEL9YSlyXPK8T2+4CzDqc=
8,8,I/C5JqJwSLvK3oqIQQB2rhUwOtw=,Qlh/l/fyd2ucQ7LZhqymWxYjmf0=
3,1,I/C5JqJwSLvK3oqIQQB2rhUwOtw=,jYBvnKoEL9YSlyXPK8T2+4CzDqc=
7,8,I/C5JqJwSLvK3oqIQQB2rhUwOtw=,WBus0BzTT5tHxPB8eD4l6ewFgm4=
8,2,I/C5JqJwSLvK3oqIQQB2rhUwOtw=,BBtdl141vN8Capp9EKIiEbGqUBM=
6,8,I/C5JqJwSLvK3oqIQQB2rhUwOtw=,WBus0BzTT5tHxPB8eD4l6ewFgm4=
2,6,I/C5JqJwSLvK3oqIQQB2rhUwOtw=,jYBvnKoEL9YSlyXPK8T2+4CzDqc=
6,3,I/C5JqJwSLvK3oqIQQB2rhUwOtw=,jYBvnKoEL9YSlyXPK8T2+4CzDqc=
7,4,I/C5JqJwSLvK3oqIQQB2rhUwOtw=,jYBvnKoEL9YSlyXPK8T2+4CzDqc=
8,1,I/C5JqJwSLvK3oqIQQB2rhUwOtw=,BBtdl141vN8Capp9EKIiEbGqUBM=
5,3,I/C5JqJwSLvK3oqIQQB2rhUwOtw=,jYBvnKoEL9YSlyXPK8T2+4CzDqc=
6,4,I/C5JqJwSLvK3oqIQQB2rhUwOtw=,jYBvnKoEL9YSlyXPK8T2+4CzDqc=
1,6,I/C5JqJwSLvK3oqIQQB2rhUwOtw=,jYBvnKoEL9YSlyXPK8T2+4CzDqc=
7,2,I/C5JqJwSLvK3oqIQQB2rhUwOtw=,jYBvnKoEL9YSlyXPK8T2+4CzDqc=
1,0,I/C5JqJwSLvK3oqIQQB2rhUwOtw=,jYBvnKoEL9YSlyXPK8T2+4CzDqc=
8,0,I/C5JqJwSLvK3oqIQQB2rhUwOtw=,BBtdl141vN8Capp9EKIiEbGqUBM=
2,2,I/C5JqJwSLvK3oqIQQB2rhUwOtw=,jYBvnKoEL9YSlyXPK8T2+4CzDqc=
3,2,I/C5JqJwSLvK3oqIQQB2rhUwOtw=,jYBvnKoEL9YSlyXPK8T2+4CzDqc=
4,4,I/C5JqJwSLvK3oqIQQB2rhUwOtw=,jYBvnKoEL9YSlyXPK8T2+4CzDqc=
5,0,I/C5JqJwSLvK3oqIQQB2rhUwOtw=,jYBvnKoEL9YSlyXPK8T2+4CzDqc=
4,0,I/C5JqJwSLvK3oqIQQB2rhUwOtw=,jYBvnKoEL9YSlyXPK8T2+4CzDqc=
4,3,I/C5JqJwSLvK3oqIQQB2rhUwOtw=,jYBvnKoEL9YSlyXPK8T2+4CzDqc=
3,0,I/C5JqJwSLvK3oqIQQB2rhUwOtw=,jYBvnKoEL9YSlyXPK8T2+4CzDqc=
6,2,I/C5JqJwSLvK3oqIQQB2rhUwOtw=,jYBvnKoEL9YSlyXPK8T2+4CzDqc=
1,2,I/C5JqJwSLvK3oqIQQB2rhUwOtw=,jYBvnKoEL9YSlyXPK8T2+4CzDqc=
5,8,I/C5JqJwSLvK3oqIQQB2rhUwOtw=,WBus0BzTT5tHxPB8eD4l6ewFgm4=
4,5,I/C5JqJwSLvK3oqIQQB2rhUwOtw=,jYBvnKoEL9YSlyXPK8T2+4CzDqc=
0,2,I/C5JqJwSLvK3oqIQQB2rhUwOtw=,jYBvnKoEL9YSlyXPK8T2+4CzDqc=
6,0,I/C5JqJwSLvK3oqIQQB2rhUwOtw=,jYBvnKoEL9YSlyXPK8T2+4CzDqc=
7,1,I/C5JqJwSLvK3oqIQQB2rhUwOtw=,jYBvnKoEL9YSlyXPK8T2+4CzDqc=
4,8,I/C5JqJwSLvK3oqIQQB2rhUwOtw=,WBus0BzTT5tHxPB8eD4l6ewFgm4=
4,7,I/C5JqJwSLvK3oqIQQB2rhUwOtw=,jYBvnKoEL9YSlyXPK8T2+4CzDqc=
3,8,I/C5JqJwSLvK3oqIQQB2rhUwOtw=,WBus0BzTT5tHxPB8eD4l6ewFgm4=
2,8,I/C5JqJwSLvK3oqIQQB2rhUwOtw=,WBus0BzTT5tHxPB8eD4l6ewFgm4=
2,0,I/C5JqJwSLvK3oqIQQB2rhUwOtw=,jYBvnKoEL9YSlyXPK8T2+4CzDqc=
1,4,I/C5JqJwSLvK3oqIQQB2rhUwOtw=,jYBvnKoEL9YSlyXPK8T2+4CzDqc=
5,5,I/C5JqJwSLvK3oqIQQB2rhUwOtw=,jYBvnKoEL9YSlyXPK8T2+4CzDqc=
5,2,I/C5JqJwSLvK3oqIQQB2rhUwOtw=,jYBvnKoEL9YSlyXPK8T2+4CzDqc=
0,4,I/C5JqJwSLvK3oqIQQB2rhUwOtw=,jYBvnKoEL9YSlyXPK8T2+4CzDqc=
1,8,I/C5JqJwSLvK3oqIQQB2rhUwOtw=,WBus0BzTT5tHxPB8eD4l6ewFgm4=
1,5,I/C5JqJwSLvK3oqIQQB2rhUwOtw=,jYBvnKoEL9YSlyXPK8T2+4CzDqc=
6,5,I/C5JqJwSLvK3oqIQQB2rhUwOtw=,jYBvnKoEL9YSlyXPK8T2+4CzDqc=
0,8,I/C5JqJwSLvK3oqIQQB2rhUwOtw=,WBus0BzTT5tHxPB8eD4l6ewFgm4=
1,1,I/C5JqJwSLvK3oqIQQB2rhUwOtw=,jYBvnKoEL9YSlyXPK8T2+4CzDqc=
6,1,I/C5JqJwSLvK3oqIQQB2rhUwOtw=,jYBvnKoEL9YSlyXPK8T2+4CzDqc=
7,7,I/C5JqJwSLvK3oqIQQB2rhUwOtw=,jYBvnKoEL9YSlyXPK8T2+4CzDqc=
4,2,I/C5JqJwSLvK3oqIQQB2rhUwOtw=,jYBvnKoEL9YSlyXPK8T2+4CzDqc=
6,7,I/C5JqJwSLvK3oqIQQB2rhUwOtw=,jYBvnKoEL9YSlyXPK8T2+4CzDqc=
0,6,I/C5JqJwSLvK3oqIQQB2rhUwOtw=,jYBvnKoEL9YSlyXPK8T2+4CzDqc=
5,1,I/C5JqJwSLvK3oqIQQB2rhUwOtw=,jYBvnKoEL9YSlyXPK8T2+4CzDqc=
5,7,I/C5JqJwSLvK3oqIQQB2rhUwOtw=,jYBvnKoEL9YSlyXPK8T2+4CzDqc=
7,0,I/C5JqJwSLvK3oqIQQB2rhUwOtw=,jYBvnKoEL9YSlyXPK8T2+4CzDqc=
2,3,I/C5JqJwSLvK3oqIQQB2rhUwOtw=,jYBvnKoEL9YSlyXPK8T2+4CzDqc=
1,3,I/C5JqJwSLvK3oqIQQB2rhUwOtw=,jYBvnKoEL9YSlyXPK8T2+4CzDqc=
4,1,I/C5JqJwSLvK3oqIQQB2rhUwOtw=,jYBvnKoEL9YSlyXPK8T2+4CzDqc=
0,3,I/C5JqJwSLvK3oqIQQB2rhUwOtw=,jYBvnKoEL9YSlyXPK8T2+4CzDqc=
7,5,I/C5JqJwSLvK3oqIQQB2rhUwOtw=,jYBvnKoEL9YSlyXPK8T2+4CzDqc=
0,1,I/C5JqJwSLvK3oqIQQB2rhUwOtw=,jYBvnKoEL9YSlyXPK8T2+4CzDqc=
0,0,I/C5JqJwSLvK3oqIQQB2rhUwOtw=,jYBvnKoEL9YSlyXPK8T2+4CzDqc=
0,5,I/C5JqJwSLvK3oqIQQB2rhUwOtw=,jYBvnKoEL9YSlyXPK8T2+4CzDqc=
2,1,I/C5JqJwSLvK3oqIQQB2rhUwOtw=,jYBvnKoEL9YSlyXPK8T2+4CzDqc=
11,23,aac08zE39irwlU5Oer3RCshjiJk=,BGagzhwSAIplDPeJsMtEHWUeJ28=
9,16,aac08zE39irwlU5Oer3RCshjiJk=,BGagzhwSAIplDPeJsMtEHWUeJ28=
10,23,aac08zE39irwlU5Oer3RCshjiJk=,BGagzhwSAIplDPeJsMtEHWUeJ28=
9,23,aac08zE39irwlU5Oer3RCshjiJk=,BGagzhwSAIplDPeJsMtEHWUeJ28=
14,22,aac08zE39irwlU5Oer3RCshjiJk=,BGagzhwSAIplDPeJsMtEHWUeJ28=
15,22,aac08zE39irwlU5Oer3RCshjiJk=,BGagzhwSAIplDPeJsMtEHWUeJ28=
13,22,aac08zE39irwlU5Oer3RCshjiJk=,BGagzhwSAIplDPeJsMtEHWUeJ28=
12,22,aac08zE39irwlU5Oer3RCshjiJk=,BGagzhwSAIplDPeJsMtEHWUeJ28=
11,22,aac08zE39irwlU5Oer3RCshjiJk=,BGagzhwSAIplDPeJsMtEHWUeJ28=
10,22,aac08zE39irwlU5Oer3RCshjiJk=,BGagzhwSAIplDPeJsMtEHWUeJ28=
9,22,aac08zE39irwlU5Oer3RCshjiJk=,BGagzhwSAIplDPeJsMtEHWUeJ28=
15,21,aac08zE39irwlU5Oer3RCshjiJk=,BGagzhwSAIplDPeJsMtEHWUeJ28=
14,21,aac08zE39irwlU5Oer3RCshjiJk=,BGagzhwSAIplDPeJsMtEHWUeJ28=
13,21,aac08zE39irwlU5Oer3RCshjiJk=,BGagzhwSAIplDPeJsMtEHWUeJ28=
15,23,aac08zE39irwlU5Oer3RCshjiJk=,BGagzhwSAIplDPeJsMtEHWUeJ28=
14,23,aac08zE39irwlU5Oer3RCshjiJk=,BGagzhwSAIplDPeJsMtEHWUeJ28=
13,23,aac08zE39irwlU5Oer3RCshjiJk=,BGagzhwSAIplDPeJsMtEHWUeJ28=
12,23,aac08zE39irwlU5Oer3RCshjiJk=,BGagzhwSAIplDPeJsMtEHWUeJ28=
12,21,aac08zE39irwlU5Oer3RCshjiJk=,BGagzhwSAIplDPeJsMtEHWUeJ28=
10,21,aac08zE39irwlU5Oer3RCshjiJk=,BGagzhwSAIplDPeJsMtEHWUeJ28=
11,21,aac08zE39irwlU5Oer3RCshjiJk=,BGagzhwSAIplDPeJsMtEHWUeJ28=
9,21,aac08zE39irwlU5Oer3RCshjiJk=,BGagzhwSAIplDPeJsMtEHWUeJ28=
15,20,aac08zE39irwlU5Oer3RCshjiJk=,BGagzhwSAIplDPeJsMtEHWUeJ28=
14,20,aac08zE39irwlU5Oer3RCshjiJk=,BGagzhwSAIplDPeJsMtEHWUeJ28=
12,20,aac08zE39irwlU5Oer3RCshjiJk=,BGagzhwSAIplDPeJsMtEHWUeJ28=
13,20,aac08zE39irwlU5Oer3RCshjiJk=,BGagzhwSAIplDPeJsMtEHWUeJ28=
11,20,aac08zE39irwlU5Oer3RCshjiJk=,BGagzhwSAIplDPeJsMtEHWUeJ28=
10,20,aac08zE39irwlU5Oer3RCshjiJk=,BGagzhwSAIplDPeJsMtEHWUeJ28=
9,20,aac08zE39irwlU5Oer3RCshjiJk=,BGagzhwSAIplDPeJsMtEHWUeJ28=
14,19,aac08zE39irwlU5Oer3RCshjiJk=,BGagzhwSAIplDPeJsMtEHWUeJ28=
15,19,aac08zE39irwlU5Oer3RCshjiJk=,BGagzhwSAIplDPeJsMtEHWUeJ28=
12,19,aac08zE39irwlU5Oer3RCshjiJk=,BGagzhwSAIplDPeJsMtEHWUeJ28=
10,16,aac08zE39irwlU5Oer3RCshjiJk=,BGagzhwSAIplDPeJsMtEHWUeJ28=
11,19,aac08zE39irwlU5Oer3RCshjiJk=,BGagzhwSAIplDPeJsMtEHWUeJ28=
11,16,aac08zE39irwlU5Oer3RCshjiJk=,BGagzhwSAIplDPeJsMtEHWUeJ28=
9,19,aac08zE39irwlU5Oer3RCshjiJk=,BGagzhwSAIplDPeJsMtEHWUeJ28=
13,19,aac08zE39irwlU5Oer3RCshjiJk=,BGagzhwSAIplDPeJsMtEHWUeJ28=
12,16,aac08zE39irwlU5Oer3RCshjiJk=,BGagzhwSAIplDPeJsMtEHWUeJ28=
15,18,aac08zE39irwlU5Oer3RCshjiJk=,BGagzhwSAIplDPeJsMtEHWUeJ28=
10,19,aac08zE39irwlU5Oer3RCshjiJk=,BGagzhwSAIplDPeJsMtEHWUeJ28=
14,18,aac08zE39irwlU5Oer3RCshjiJk=,BGagzhwSAIplDPeJsMtEHWUeJ28=
13,16,aac08zE39irwlU5Oer3RCshjiJk=,BGagzhwSAIplDPeJsMtEHWUeJ28=
13,18,aac08zE39irwlU5Oer3RCshjiJk=,BGagzhwSAIplDPeJsMtEHWUeJ28=
11,18,aac08zE39irwlU5Oer3RCshjiJk=,BGagzhwSAIplDPeJsMtEHWUeJ28=
14,16,aac08zE39irwlU5Oer3RCshjiJk=,BGagzhwSAIplDPeJsMtEHWUeJ28=
9,18,aac08zE39irwlU5Oer3RCshjiJk=,BGagzhwSAIplDPeJsMtEHWUeJ28=
15,16,aac08zE39irwlU5Oer3RCshjiJk=,BGagzhwSAIplDPeJsMtEHWUeJ28=
15,17,aac08zE39irwlU5Oer3RCshjiJk=,BGagzhwSAIplDPeJsMtEHWUeJ28=
9,17,aac08zE39irwlU5Oer3RCshjiJk=,BGagzhwSAIplDPeJsMtEHWUeJ28=
14,17,aac08zE39irwlU5Oer3RCshjiJk=,BGagzhwSAIplDPeJsMtEHWUeJ28=
10,17,aac08zE39irwlU5Oer3RCshjiJk=,BGagzhwSAIplDPeJsMtEHWUeJ28=
13,17,aac08zE39irwlU5Oer3RCshjiJk=,BGagzhwSAIplDPeJsMtEHWUeJ28=
11,17,aac08zE39irwlU5Oer3RCshjiJk=,BGagzhwSAIplDPeJsMtEHWUeJ28=
12,18,aac08zE39irwlU5Oer3RCshjiJk=,BGagzhwSAIplDPeJsMtEHWUeJ28=
10,18,aac08zE39irwlU5Oer3RCshjiJk=,BGagzhwSAIplDPeJsMtEHWUeJ28=
3,23,aac08zE39irwlU5Oer3RCshjiJk=,b7W2rmZZvZf3RVYjHk9rwWXxR7o=
2,23,aac08zE39irwlU5Oer3RCshjiJk=,b7W2rmZZvZf3RVYjHk9rwWXxR7o=
12,17,aac08zE39irwlU5Oer3RCshjiJk=,BGagzhwSAIplDPeJsMtEHWUeJ28=
1,23,aac08zE39irwlU5Oer3RCshjiJk=,b7W2rmZZvZf3RVYjHk9rwWXxR7o=
1,19,aac08zE39irwlU5Oer3RCshjiJk=,b7W2rmZZvZf3RVYjHk9rwWXxR7o=
7,18,aac08zE39irwlU5Oer3RCshjiJk=,b7W2rmZZvZf3RVYjHk9rwWXxR7o=
1,21,aac08zE39irwlU5Oer3RCshjiJk=,b7W2rmZZvZf3RVYjHk9rwWXxR7o=
8,23,aac08zE39irwlU5Oer3RCshjiJk=,BGagzhwSAIplDPeJsMtEHWUeJ28=
0,21,aac08zE39irwlU5Oer3RCshjiJk=,b7W2rmZZvZf3RVYjHk9rwWXxR7o=
7,20,aac08zE39irwlU5Oer3RCshjiJk=,b7W2rmZZvZf3RVYjHk9rwWXxR7o=
6,20,aac08zE39irwlU5Oer3RCshjiJk=,b7W2rmZZvZf3RVYjHk9rwWXxR7o=
5,20,aac08zE39irwlU5Oer3RCshjiJk=,b7W2rmZZvZf3RVYjHk9rwWXxR7o=
7,21,aac08zE39irwlU5Oer3RCshjiJk=,b7W2rmZZvZf3RVYjHk9rwWXxR7o=
5,21,aac08zE39irwlU5Oer3RCshjiJk=,b7W2rmZZvZf3RVYjHk9rwWXxR7o=
6,21,aac08zE39irwlU5Oer3RCshjiJk=,b7W2rmZZvZf3RVYjHk9rwWXxR7o=
4,21,aac08zE39irwlU5Oer3RCshjiJk=,b7W2rmZZvZf3RVYjHk9rwWXxR7o=
4,20,aac08zE39irwlU5Oer3RCshjiJk=,b7W2rmZZvZf3RVYjHk9rwWXxR7o=
5,22,aac08zE39irwlU5Oer3RCshjiJk=,b7W2rmZZvZf3RVYjHk9rwWXxR7o=
3,21,aac08zE39irwlU5Oer3RCshjiJk=,b7W2rmZZvZf3RVYjHk9rwWXxR7o=
2,21,aac08zE39irwlU5Oer3RCshjiJk=,b7W2rmZZvZf3RVYjHk9rwWXxR7o=
8,22,aac08zE39irwlU5Oer3RCshjiJk=,BGagzhwSAIplDPeJsMtEHWUeJ28=
0,23,aac08zE39irwlU5Oer3RCshjiJk=,b7W2rmZZvZf3RVYjHk9rwWXxR7o=
3,20,aac08zE39irwlU5Oer3RCshjiJk=,b7W2rmZZvZf3RVYjHk9rwWXxR7o=
4,22,aac08zE39irwlU5Oer3RCshjiJk=,b7W2rmZZvZf3RVYjHk9rwWXxR7o=
2,20,aac08zE39irwlU5Oer3RCshjiJk=,b7W2rmZZvZf3RVYjHk9rwWXxR7o=
7,22,aac08zE39irwlU5Oer3RCshjiJk=,b7W2rmZZvZf3RVYjHk9rwWXxR7o=
6,22,aac08zE39irwlU5Oer3RCshjiJk=,b7W2rmZZvZf3RVYjHk9rwWXxR7o=
3,22,aac08zE39irwlU5Oer3RCshjiJk=,b7W2rmZZvZf3RVYjHk9rwWXxR7o=
2,22,aac08zE39irwlU5Oer3RCshjiJk=,b7W2rmZZvZf3RVYjHk9rwWXxR7o=
1,22,aac08zE39irwlU5Oer3RCshjiJk=,b7W2rmZZvZf3RVYjHk9rwWXxR7o=
1,18,aac08zE39irwlU5Oer3RCshjiJk=,b7W2rmZZvZf3RVYjHk9rwWXxR7o=
0,22,aac08zE39irwlU5Oer3RCshjiJk=,b7W2rmZZvZf3RVYjHk9rwWXxR7o=
1,20,aac08zE39irwlU5Oer3RCshjiJk=,b7W2rmZZvZf3RVYjHk9rwWXxR7o=
1,17,aac08zE39irwlU5Oer3RCshjiJk=,b7W2rmZZvZf3RVYjHk9rwWXxR7o=
2,17,aac08zE39irwlU5Oer3RCshjiJk=,b7W2rmZZvZf3RVYjHk9rwWXxR7o=
0,19,aac08zE39irwlU5Oer3RCshjiJk=,b7W2rmZZvZf3RVYjHk9rwWXxR7o=
4,23,aac08zE39irwlU5Oer3RCshjiJk=,b7W2rmZZvZf3RVYjHk9rwWXxR7o=
5,23,aac08zE39irwlU5Oer3RCshjiJk=,b7W2rmZZvZf3RVYjHk9rwWXxR7o=
6,23,aac08zE39irwlU5Oer3RCshjiJk=,b7W2rmZZvZf3RVYjHk9rwWXxR7o=
7,23,aac08zE39irwlU5Oer3RCshjiJk=,b7W2rmZZvZf3RVYjHk9rwWXxR7o=
6,18,aac08zE39irwlU5Oer3RCshjiJk=,b7W2rmZZvZf3RVYjHk9rwWXxR7o=
5,18,aac08zE39irwlU5Oer3RCshjiJk=,b7W2rmZZvZf3RVYjHk9rwWXxR7o=
4,18,aac08zE39irwlU5Oer3RCshjiJk=,b7W2rmZZvZf3RVYjHk9rwWXxR7o=
8,16,aac08zE39irwlU5Oer3RCshjiJk=,BGagzhwSAIplDPeJsMtEHWUeJ28=
3,18,aac08zE39irwlU5Oer3RCshjiJk=,b7W2rmZZvZf3RVYjHk9rwWXxR7o=
0,17,aac08zE39irwlU5Oer3RCshjiJk=,b7W2rmZZvZf3RVYjHk9rwWXxR7o=
2,18,aac08zE39irwlU5Oer3RCshjiJk=,b7W2rmZZvZf3RVYjHk9rwWXxR7o=
3,17,aac08zE39irwlU5Oer3RCshjiJk=,b7W2rmZZvZf3RVYjHk9rwWXxR7o=
7,16,aac08zE39irwlU5Oer3RCshjiJk=,b7W2rmZZvZf3RVYjHk9rwWXxR7o=
6,16,aac08zE39irwlU5Oer3RCshjiJk=,b7W2rmZZvZf3RVYjHk9rwWXxR7o=
5,16,aac08zE39irwlU5Oer3RCshjiJk=,b7W2rmZZvZf3RVYjHk9rwWXxR7o=
3,16,aac08zE39irwlU5Oer3RCshjiJk=,b7W2rmZZvZf3RVYjHk9rwWXxR7o=
2,16,aac08zE39irwlU5Oer3RCshjiJk=,b7W2rmZZvZf3RVYjHk9rwWXxR7o=
0,20,aac08zE39irwlU5Oer3RCshjiJk=,b7W2rmZZvZf3RVYjHk9rwWXxR7o=
8,17,aac08zE39irwlU5Oer3RCshjiJk=,BGagzhwSAIplDPeJsMtEHWUeJ28=
7,19,aac08zE39irwlU5Oer3RCshjiJk=,b7W2rmZZvZf3RVYjHk9rwWXxR7o=
1,16,aac08zE39irwlU5Oer3RCshjiJk=,b7W2rmZZvZf3RVYjHk9rwWXxR7o=
4,16,aac08zE39irwlU5Oer3RCshjiJk=,b7W2rmZZvZf3RVYjHk9rwWXxR7o=
6,19,aac08zE39irwlU5Oer3RCshjiJk=,b7W2rmZZvZf3RVYjHk9rwWXxR7o=
4,17,aac08zE39irwlU5Oer3RCshjiJk=,b7W2rmZZvZf3RVYjHk9rwWXxR7o=
5,19,aac08zE39irwlU5Oer3RCshjiJk=,b7W2rmZZvZf3RVYjHk9rwWXxR7o=
4,19,aac08zE39irwlU5Oer3RCshjiJk=,b7W2rmZZvZf3RVYjHk9rwWXxR7o=
3,19,aac08zE39irwlU5Oer3RCshjiJk=,b7W2rmZZvZf3RVYjHk9rwWXxR7o=
8,21,aac08zE39irwlU5Oer3RCshjiJk=,BGagzhwSAIplDPeJsMtEHWUeJ28=
2,19,aac08zE39irwlU5Oer3RCshjiJk=,b7W2rmZZvZf3RVYjHk9rwWXxR7o=
8,20,aac08zE39irwlU5Oer3RCshjiJk=,BGagzhwSAIplDPeJsMtEHWUeJ28=
0,16,aac08zE39irwlU5Oer3RCshjiJk=,b7W2rmZZvZf3RVYjHk9rwWXxR7o=
7,17,aac08zE39irwlU5Oer3RCshjiJk=,b7W2rmZZvZf3RVYjHk9rwWXxR7o=
8,19,aac08zE39irwlU5Oer3RCshjiJk=,BGagzhwSAIplDPeJsMtEHWUeJ28=
0,18,aac08zE39irwlU5Oer3RCshjiJk=,b7W2rmZZvZf3RVYjHk9rwWXxR7o=
6,17,aac08zE39irwlU5Oer3RCshjiJk=,b7W2rmZZvZf3RVYjHk9rwWXxR7o=
5,17,aac08zE39irwlU5Oer3RCshjiJk=,b7W2rmZZvZf3RVYjHk9rwWXxR7o=
8,18,aac08zE39irwlU5Oer3RCshjiJk=,BGagzhwSAIplDPeJsMtEHWUeJ28=
20,23,ypthOxZxXyBvofuMlDt9Q+QUMtc=,yRIQv1EfHHvYCrkPkwfGGiGzgWY=
21,23,ypthOxZxXyBvofuMlDt9Q+QUMtc=,yRIQv1EfHHvYCrkPkwfGGiGzgWY=
22,23,ypthOxZxXyBvofuMlDt9Q+QUMtc=,yRIQv1EfHHvYCrkPkwfGGiGzgWY=
23,23,ypthOxZxXyBvofuMlDt9Q+QUMtc=,yRIQv1EfHHvYCrkPkwfGGiGzgWY=
20,19,ypthOxZxXyBvofuMlDt9Q+QUMtc=,yRIQv1EfHHvYCrkPkwfGGiGzgWY=
18,23,ypthOxZxXyBvofuMlDt9Q+QUMtc=,yRIQv1EfHHvYCrkPkwfGGiGzgWY=
19,23,ypthOxZxXyBvofuMlDt9Q+QUMtc=,yRIQv1EfHHvYCrkPkwfGGiGzgWY=
21,19,ypthOxZxXyBvofuMlDt9Q+QUMtc=,yRIQv1EfHHvYCrkPkwfGGiGzgWY=
17,23,ypthOxZxXyBvofuMlDt9Q+QUMtc=,yRIQv1EfHHvYCrkPkwfGGiGzgWY=
22,19,ypthOxZxXyBvofuMlDt9Q+QUMtc=,yRIQv1EfHHvYCrkPkwfGGiGzgWY=
16,23,ypthOxZxXyBvofuMlDt9Q+QUMtc=,yRIQv1EfHHvYCrkPkwfGGiGzgWY=
23,22,ypthOxZxXyBvofuMlDt9Q+QUMtc=,yRIQv1EfHHvYCrkPkwfGGiGzgWY=
21,18,ypthOxZxXyBvofuMlDt9Q+QUMtc=,yRIQv1EfHHvYCrkPkwfGGiGzgWY=
22,22,ypthOxZxXyBvofuMlDt9Q+QUMtc=,yRIQv1EfHHvYCrkPkwfGGiGzgWY=
21,22,ypthOxZxXyBvofuMlDt9Q+QUMtc=,yRIQv1EfHHvYCrkPkwfGGiGzgWY=
20,22,ypthOxZxXyBvofuMlDt9Q+QUMtc=,yRIQv1EfHHvYCrkPkwfGGiGzgWY=
19,22,ypthOxZxXyBvofuMlDt9Q+QUMtc=,yRIQv1EfHHvYCrkPkwfGGiGzgWY=
18,22,ypthOxZxXyBvofuMlDt9Q+QUMtc=,yRIQv1EfHHvYCrkPkwfGGiGzgWY=
17,22,ypthOxZxXyBvofuMlDt9Q+QUMtc=,yRIQv1EfHHvYCrkPkwfGGiGzgWY=
20,18,ypthOxZxXyBvofuMlDt9Q+QUMtc=,yRIQv1EfHHvYCrkPkwfGGiGzgWY=
19,19,ypthOxZxXyBvofuMlDt9Q+QUMtc=,yRIQv1EfHHvYCrkPkwfGGiGzgWY=
16,22,ypthOxZxXyBvofuMlDt9Q+QUMtc=,yRIQv1EfHHvYCrkPkwfGGiGzgWY=
23,21,ypthOxZxXyBvofuMlDt9Q+QUMtc=,yRIQv1EfHHvYCrkPkwfGGiGzgWY=
23,17,ypthOxZxXyBvofuMlDt9Q+QUMtc=,yRIQv1EfHHvYCrkPkwfGGiGzgWY=
22,17,ypthOxZxXyBvofuMlDt9Q+QUMtc=,yRIQv1EfHHvYCrkPkwfGGiGzgWY=
18,19,ypthOxZxXyBvofuMlDt9Q+QUMtc=,yRIQv1EfHHvYCrkPkwfGGiGzgWY=
19,18,ypthOxZxXyBvofuMlDt9Q+QUMtc=,yRIQv1EfHHvYCrkPkwfGGiGzgWY=
18,17,ypthOxZxXyBvofuMlDt9Q+QUMtc=,yRIQv1EfHHvYCrkPkwfGGiGzgWY=
22,18,ypthOxZxXyBvofuMlDt9Q+QUMtc=,yRIQv1EfHHvYCrkPkwfGGiGzgWY=
23,19,ypthOxZxXyBvofuMlDt9Q+QUMtc=,yRIQv1EfHHvYCrkPkwfGGiGzgWY=
16,20,ypthOxZxXyBvofuMlDt9Q+QUMtc=,yRIQv1EfHHvYCrkPkwfGGiGzgWY=
23,18,ypthOxZxXyBvofuMlDt9Q+QUMtc=,yRIQv1EfHHvYCrkPkwfGGiGzgWY=
17,20,ypthOxZxXyBvofuMlDt9Q+QUMtc=,yRIQv1EfHHvYCrkPkwfGGiGzgWY=
18,20,ypthOxZxXyBvofuMlDt9Q+QUMtc=,yRIQv1EfHHvYCrkPkwfGGiGzgWY=
19,20,ypthOxZxXyBvofuMlDt9Q+QUMtc=,yRIQv1EfHHvYCrkPkwfGGiGzgWY=
17,18,ypthOxZxXyBvofuMlDt9Q+QUMtc=,yRIQv1EfHHvYCrkPkwfGGiGzgWY=
16,18,ypthOxZxXyBvofuMlDt9Q+QUMtc=,yRIQv1EfHHvYCrkPkwfGGiGzgWY=
22,21,ypthOxZxXyBvofuMlDt9Q+QUMtc=,yRIQv1EfHHvYCrkPkwfGGiGzgWY=
21,21,ypthOxZxXyBvofuMlDt9Q+QUMtc=,yRIQv1EfHHvYCrkPkwfGGiGzgWY=
20,21,ypthOxZxXyBvofuMlDt9Q+QUMtc=,yRIQv1EfHHvYCrkPkwfGGiGzgWY=
19,17,ypthOxZxXyBvofuMlDt9Q+QUMtc=,yRIQv1EfHHvYCrkPkwfGGiGzgWY=
20,17,ypthOxZxXyBvofuMlDt9Q+QUMtc=,yRIQv1EfHHvYCrkPkwfGGiGzgWY=
20,20,ypthOxZxXyBvofuMlDt9Q+QUMtc=,yRIQv1EfHHvYCrkPkwfGGiGzgWY=
21,20,ypthOxZxXyBvofuMlDt9Q+QUMtc=,yRIQv1EfHHvYCrkPkwfGGiGzgWY=
22,20,ypthOxZxXyBvofuMlDt9Q+QUMtc=,yRIQv1EfHHvYCrkPkwfGGiGzgWY=
23,20,ypthOxZxXyBvofuMlDt9Q+QUMtc=,yRIQv1EfHHvYCrkPkwfGGiGzgWY=
16,21,ypthOxZxXyBvofuMlDt9Q+QUMtc=,yRIQv1EfHHvYCrkPkwfGGiGzgWY=
21,17,ypthOxZxXyBvofuMlDt9Q+QUMtc=,yRIQv1EfHHvYCrkPkwfGGiGzgWY=
16,19,ypthOxZxXyBvofuMlDt9Q+QUMtc=,yRIQv1EfHHvYCrkPkwfGGiGzgWY=
17,21,ypthOxZxXyBvofuMlDt9Q+QUMtc=,yRIQv1EfHHvYCrkPkwfGGiGzgWY=
18,21,ypthOxZxXyBvofuMlDt9Q+QUMtc=,yRIQv1EfHHvYCrkPkwfGGiGzgWY=
19,21,ypthOxZxXyBvofuMlDt9Q+QUMtc=,yRIQv1EfHHvYCrkPkwfGGiGzgWY=
18,18,ypthOxZxXyBvofuMlDt9Q+QUMtc=,yRIQv1EfHHvYCrkPkwfGGiGzgWY=
18,16,ypthOxZxXyBvofuMlDt9Q+QUMtc=,yRIQv1EfHHvYCrkPkwfGGiGzgWY=
17,16,ypthOxZxXyBvofuMlDt9Q+QUMtc=,yRIQv1EfHHvYCrkPkwfGGiGzgWY=
23,16,ypthOxZxXyBvofuMlDt9Q+QUMtc=,yRIQv1EfHHvYCrkPkwfGGiGzgWY=
22,16,ypthOxZxXyBvofuMlDt9Q+QUMtc=,yRIQv1EfHHvYCrkPkwfGGiGzgWY=
21,16,ypthOxZxXyBvofuMlDt9Q+QUMtc=,yRIQv1EfHHvYCrkPkwfGGiGzgWY=
20,16,ypthOxZxXyBvofuMlDt9Q+QUMtc=,yRIQv1EfHHvYCrkPkwfGGiGzgWY=
17,19,ypthOxZxXyBvofuMlDt9Q+QUMtc=,yRIQv1EfHHvYCrkPkwfGGiGzgWY=
17,17,ypthOxZxXyBvofuMlDt9Q+QUMtc=,yRIQv1EfHHvYCrkPkwfGGiGzgWY=
16,17,ypthOxZxXyBvofuMlDt9Q+QUMtc=,yRIQv1EfHHvYCrkPkwfGGiGzgWY=
19,16,ypthOxZxXyBvofuMlDt9Q+QUMtc=,yRIQv1EfHHvYCrkPkwfGGiGzgWY=
16,16,ypthOxZxXyBvofuMlDt9Q+QUMtc=,yRIQv1EfHHvYCrkPkwfGGiGzgWY=
20,11,ypthOxZxXyBvofuMlDt9Q+QUMtc=,Wmcz0JpwOr5X7+gAYk4rx3sh0IU=
19,11,ypthOxZxXyBvofuMlDt9Q+QUMtc=,Wmcz0JpwOr5X7+gAYk4rx3sh0IU=
18,11,ypthOxZxXyBvofuMlDt9Q+QUMtc=,Wmcz0JpwOr5X7+gAYk4rx3sh0IU=
17,11,ypthOxZxXyBvofuMlDt9Q+QUMtc=,Wmcz0JpwOr5X7+gAYk4rx3sh0IU=
23,10,EhXy0QG5fy7gcmfoJC+IWHrogZA=,Wmcz0JpwOr5X7+gAYk4rx3sh0IU=
16,11,EhXy0QG5fy7gcmfoJC+IWHrogZA=,Wmcz0JpwOr5X7+gAYk4rx3sh0IU=
22,10,EhXy0QG5fy7gcmfoJC+IWHrogZA=,Wmcz0JpwOr5X7+gAYk4rx3sh0IU=
21,10,EhXy0QG5fy7gcmfoJC+IWHrogZA=,Wmcz0JpwOr5X7+gAYk4rx3sh0IU=
20,10,EhXy0QG5fy7gcmfoJC+IWHrogZA=,Wmcz0JpwOr5X7+gAYk4rx3sh0IU=
19,10,EhXy0QG5fy7gcmfoJC+IWHrogZA=,Wmcz0JpwOr5X7+gAYk4rx3sh0IU=
18,10,EhXy0QG5fy7gcmfoJC+IWHrogZA=,Wmcz0JpwOr5X7+gAYk4rx3sh0IU=
17,10,EhXy0QG5fy7gcmfoJC+IWHrogZA=,Wmcz0JpwOr5X7+gAYk4rx3sh0IU=
23,9,EhXy0QG5fy7gcmfoJC+IWHrogZA=,Wmcz0JpwOr5X7+gAYk4rx3sh0IU=
16,10,EhXy0QG5fy7gcmfoJC+IWHrogZA=,Wmcz0JpwOr5X7+gAYk4rx3sh0IU=
23,15,EhXy0QG5fy7gcmfoJC+IWHrogZA=,Wmcz0JpwOr5X7+gAYk4rx3sh0IU=
21,15,EhXy0QG5fy7gcmfoJC+IWHrogZA=,Wmcz0JpwOr5X7+gAYk4rx3sh0IU=
22,15,EhXy0QG5fy7gcmfoJC+IWHrogZA=,Wmcz0JpwOr5X7+gAYk4rx3sh0IU=
22,9,EhXy0QG5fy7gcmfoJC+IWHrogZA=,Wmcz0JpwOr5X7+gAYk4rx3sh0IU=
20,15,EhXy0QG5fy7gcmfoJC+IWHrogZA=,Wmcz0JpwOr5X7+gAYk4rx3sh0IU=
21,9,EhXy0QG5fy7gcmfoJC+IWHrogZA=,Wmcz0JpwOr5X7+gAYk4rx3sh0IU=
19,15,EhXy0QG5fy7gcmfoJC+IWHrogZA=,Wmcz0JpwOr5X7+gAYk4rx3sh0IU=
18,15,EhXy0QG5fy7gcmfoJC+IWHrogZA=,Wmcz0JpwOr5X7+gAYk4rx3sh0IU=
17,15,EhXy0QG5fy7gcmfoJC+IWHrogZA=,Wmcz0JpwOr5X7+gAYk4rx3sh0IU=
16,15,EhXy0QG5fy7gcmfoJC+IWHrogZA=,Wmcz0JpwOr5X7+gAYk4rx3sh0IU=
23,14,EhXy0QG5fy7gcmfoJC+IWHrogZA=,Wmcz0JpwOr5X7+gAYk4rx3sh0IU=
22,14,EhXy0QG5fy7gcmfoJC+IWHrogZA=,Wmcz0JpwOr5X7+gAYk4rx3sh0IU=
21,14,EhXy0QG5fy7gcmfoJC+IWHrogZA=,Wmcz0JpwOr5X7+gAYk4rx3sh0IU=
20,14,EhXy0QG5fy7gcmfoJC+IWHrogZA=,Wmcz0JpwOr5X7+gAYk4rx3sh0IU=
20,9,EhXy0QG5fy7gcmfoJC+IWHrogZA=,Wmcz0JpwOr5X7+gAYk4rx3sh0IU=
19,14,EhXy0QG5fy7gcmfoJC+IWHrogZA=,Wmcz0JpwOr5X7+gAYk4rx3sh0IU=
18,14,EhXy0QG5fy7gcmfoJC+IWHrogZA=,Wmcz0JpwOr5X7+gAYk4rx3sh0IU=
17,14,EhXy0QG5fy7gcmfoJC+IWHrogZA=,Wmcz0JpwOr5X7+gAYk4rx3sh0IU=
19,9,EhXy0QG5fy7gcmfoJC+IWHrogZA=,Wmcz0JpwOr5X7+gAYk4rx3sh0IU=
16,14,EhXy0QG5fy7gcmfoJC+IWHrogZA=,Wmcz0JpwOr5X7+gAYk4rx3sh0IU=
23,13,EhXy0QG5fy7gcmfoJC+IWHrogZA=,Wmcz0JpwOr5X7+gAYk4rx3sh0IU=
22,13,EhXy0QG5fy7gcmfoJC+IWHrogZA=,Wmcz0JpwOr5X7+gAYk4rx3sh0IU=
21,13,EhXy0QG5fy7gcmfoJC+IWHrogZA=,Wmcz0JpwOr5X7+gAYk4rx3sh0IU=
18,9,EhXy0QG5fy7gcmfoJC+IWHrogZA=,Wmcz0JpwOr5X7+gAYk4rx3sh0IU=
20,13,EhXy0QG5fy7gcmfoJC+IWHrogZA=,Wmcz0JpwOr5X7+gAYk4rx3sh0IU=
17,9,EhXy0QG5fy7gcmfoJC+IWHrogZA=,Wmcz0JpwOr5X7+gAYk4rx3sh0IU=
19,13,EhXy0QG5fy7gcmfoJC+IWHrogZA=,Wmcz0JpwOr5X7+gAYk4rx3sh0IU=
18,13,EhXy0QG5fy7gcmfoJC+IWHrogZA=,Wmcz0JpwOr5X7+gAYk4rx3sh0IU=
16,9,EhXy0QG5fy7gcmfoJC+IWHrogZA=,Wmcz0JpwOr5X7+gAYk4rx3sh0IU=
17,13,EhXy0QG5fy7gcmfoJC+IWHrogZA=,Wmcz0JpwOr5X7+gAYk4rx3sh0IU=
16,13,EhXy0QG5fy7gcmfoJC+IWHrogZA=,Wmcz0JpwOr5X7+gAYk4rx3sh0IU=
23,12,EhXy0QG5fy7gcmfoJC+IWHrogZA=,Wmcz0JpwOr5X7+gAYk4rx3sh0IU=
22,12,EhXy0QG5fy7gcmfoJC+IWHrogZA=,Wmcz0JpwOr5X7+gAYk4rx3sh0IU=
21,12,EhXy0QG5fy7gcmfoJC+IWHrogZA=,Wmcz0JpwOr5X7+gAYk4rx3sh0IU=
20,12,EhXy0QG5fy7gcmfoJC+IWHrogZA=,Wmcz0JpwOr5X7+gAYk4rx3sh0IU=
19,12,EhXy0QG5fy7gcmfoJC+IWHrogZA=,Wmcz0JpwOr5X7+gAYk4rx3sh0IU=
18,12,EhXy0QG5fy7gcmfoJC+IWHrogZA=,Wmcz0JpwOr5X7+gAYk4rx3sh0IU=
17,12,EhXy0QG5fy7gcmfoJC+IWHrogZA=,Wmcz0JpwOr5X7+gAYk4rx3sh0IU=
16,12,EhXy0QG5fy7gcmfoJC+IWHrogZA=,Wmcz0JpwOr5X7+gAYk4rx3sh0IU=
23,11,EhXy0QG5fy7gcmfoJC+IWHrogZA=,Wmcz0JpwOr5X7+gAYk4rx3sh0IU=
22,11,EhXy0QG5fy7gcmfoJC+IWHrogZA=,Wmcz0JpwOr5X7+gAYk4rx3sh0IU=
21,11,EhXy0QG5fy7gcmfoJC+IWHrogZA=,Wmcz0JpwOr5X7+gAYk4rx3sh0IU=
20,2,EhXy0QG5fy7gcmfoJC+IWHrogZA=,z4q6uygqcVzrUHRmiuPpjlfv440=
21,2,EhXy0QG5fy7gcmfoJC+IWHrogZA=,z4q6uygqcVzrUHRmiuPpjlfv440=
20,3,EhXy0QG5fy7gcmfoJC+IWHrogZA=,z4q6uygqcVzrUHRmiuPpjlfv440=
21,3,EhXy0QG5fy7gcmfoJC+IWHrogZA=,z4q6uygqcVzrUHRmiuPpjlfv440=
23,7,EhXy0QG5fy7gcmfoJC+IWHrogZA=,z4q6uygqcVzrUHRmiuPpjlfv440=
22,3,EhXy0QG5fy7gcmfoJC+IWHrogZA=,z4q6uygqcVzrUHRmiuPpjlfv440=
23,3,EhXy0QG5fy7gcmfoJC+IWHrogZA=,z4q6uygqcVzrUHRmiuPpjlfv440=
19,2,EhXy0QG5fy7gcmfoJC+IWHrogZA=,z4q6uygqcVzrUHRmiuPpjlfv440=
19,0,EhXy0QG5fy7gcmfoJC+IWHrogZA=,z4q6uygqcVzrUHRmiuPpjlfv440=
16,4,EhXy0QG5fy7gcmfoJC+IWHrogZA=,z4q6uygqcVzrUHRmiuPpjlfv440=
22,2,EhXy0QG5fy7gcmfoJC+IWHrogZA=,z4q6uygqcVzrUHRmiuPpjlfv440=
18,2,EhXy0QG5fy7gcmfoJC+IWHrogZA=,z4q6uygqcVzrUHRmiuPpjlfv440=
18,1,EhXy0QG5fy7gcmfoJC+IWHrogZA=,z4q6uygqcVzrUHRmiuPpjlfv440=
23,2,EhXy0QG5fy7gcmfoJC+IWHrogZA=,z4q6uygqcVzrUHRmiuPpjlfv440=
18,0,EhXy0QG5fy7gcmfoJC+IWHrogZA=,z4q6uygqcVzrUHRmiuPpjlfv440=
19,3,EhXy0QG5fy7gcmfoJC+IWHrogZA=,z4q6uygqcVzrUHRmiuPpjlfv440=
17,4,EhXy0QG5fy7gcmfoJC+IWHrogZA=,z4q6uygqcVzrUHRmiuPpjlfv440=
22,7,EhXy0QG5fy7gcmfoJC+IWHrogZA=,z4q6uygqcVzrUHRmiuPpjlfv440=
21,7,EhXy0QG5fy7gcmfoJC+IWHrogZA=,z4q6uygqcVzrUHRmiuPpjlfv440=
20,7,EhXy0QG5fy7gcmfoJC+IWHrogZA=,z4q6uygqcVzrUHRmiuPpjlfv440=
17,2,EhXy0QG5fy7gcmfoJC+IWHrogZA=,z4q6uygqcVzrUHRmiuPpjlfv440=
16,2,EhXy0QG5fy7gcmfoJC+IWHrogZA=,z4q6uygqcVzrUHRmiuPpjlfv440=
19,7,EhXy0QG5fy7gcmfoJC+IWHrogZA=,z4q6uygqcVzrUHRmiuPpjlfv440=
23,6,EhXy0QG5fy7gcmfoJC+IWHrogZA=,z4q6uygqcVzrUHRmiuPpjlfv440=
22,6,EhXy0QG5fy7gcmfoJC+IWHrogZA=,z4q6uygqcVzrUHRmiuPpjlfv440=
21,6,EhXy0QG5fy7gcmfoJC+IWHrogZA=,z4q6uygqcVzrUHRmiuPpjlfv440=
23,1,EhXy0QG5fy7gcmfoJC+IWHrogZA=,z4q6uygqcVzrUHRmiuPpjlfv440=
18,4,EhXy0QG5fy7gcmfoJC+IWHrogZA=,z4q6uygqcVzrUHRmiuPpjlfv440=
18,7,EhXy0QG5fy7gcmfoJC+IWHrogZA=,z4q6uygqcVzrUHRmiuPpjlfv440=
20,6,EhXy0QG5fy7gcmfoJC+IWHrogZA=,z4q6uygqcVzrUHRmiuPpjlfv440=
17,7,EhXy0QG5fy7gcmfoJC+IWHrogZA=,z4q6uygqcVzrUHRmiuPpjlfv440=
19,4,EhXy0QG5fy7gcmfoJC+IWHrogZA=,z4q6uygqcVzrUHRmiuPpjlfv440=
20,4,EhXy0QG5fy7gcmfoJC+IWHrogZA=,z4q6uygqcVzrUHRmiuPpjlfv440=
21,4,EhXy0QG5fy7gcmfoJC+IWHrogZA=,z4q6uygqcVzrUHRmiuPpjlfv440=
22,4,EhXy0QG5fy7gcmfoJC+IWHrogZA=,z4q6uygqcVzrUHRmiuPpjlfv440=
23,4,EhXy0QG5fy7gcmfoJC+IWHrogZA=,z4q6uygqcVzrUHRmiuPpjlfv440=
16,7,EhXy0QG5fy7gcmfoJC+IWHrogZA=,z4q6uygqcVzrUHRmiuPpjlfv440=
18,3,EhXy0QG5fy7gcmfoJC+IWHrogZA=,z4q6uygqcVzrUHRmiuPpjlfv440=
17,3,EhXy0QG5fy7gcmfoJC+IWHrogZA=,z4q6uygqcVzrUHRmiuPpjlfv440=
22,1,EhXy0QG5fy7gcmfoJC+IWHrogZA=,z4q6uygqcVzrUHRmiuPpjlfv440=
19,6,EhXy0QG5fy7gcmfoJC+IWHrogZA=,z4q6uygqcVzrUHRmiuPpjlfv440=
17,1,EhXy0QG5fy7gcmfoJC+IWHrogZA=,z4q6uygqcVzrUHRmiuPpjlfv440=
23,8,EhXy0QG5fy7gcmfoJC+IWHrogZA=,Wmcz0JpwOr5X7+gAYk4rx3sh0IU=
22,8,EhXy0QG5fy7gcmfoJC+IWHrogZA=,Wmcz0JpwOr5X7+gAYk4rx3sh0IU=
21,8,EhXy0QG5fy7gcmfoJC+IWHrogZA=,Wmcz0JpwOr5X7+gAYk4rx3sh0IU=
20,8,EhXy0QG5fy7gcmfoJC+IWHrogZA=,Wmcz0JpwOr5X7+gAYk4rx3sh0IU=
16,5,EhXy0QG5fy7gcmfoJC+IWHrogZA=,z4q6uygqcVzrUHRmiuPpjlfv440=
18,6,EhXy0QG5fy7gcmfoJC+IWHrogZA=,z4q6uygqcVzrUHRmiuPpjlfv440=
19,8,EhXy0QG5fy7gcmfoJC+IWHrogZA=,Wmcz0JpwOr5X7+gAYk4rx3sh0IU=
17,6,EhXy0QG5fy7gcmfoJC+IWHrogZA=,z4q6uygqcVzrUHRmiuPpjlfv440=
16,3,EhXy0QG5fy7gcmfoJC+IWHrogZA=,z4q6uygqcVzrUHRmiuPpjlfv440=
18,8,EhXy0QG5fy7gcmfoJC+IWHrogZA=,Wmcz0JpwOr5X7+gAYk4rx3sh0IU=
17,8,EhXy0QG5fy7gcmfoJC+IWHrogZA=,Wmcz0JpwOr5X7+gAYk4rx3sh0IU=
19,1,EhXy0QG5fy7gcmfoJC+IWHrogZA=,z4q6uygqcVzrUHRmiuPpjlfv440=
16,6,EhXy0QG5fy7gcmfoJC+IWHrogZA=,z4q6uygqcVzrUHRmiuPpjlfv440=
23,5,EhXy0QG5fy7gcmfoJC+IWHrogZA=,z4q6uygqcVzrUHRmiuPpjlfv440=
23,0,EhXy0QG5fy7gcmfoJC+IWHrogZA=,z4q6uygqcVzrUHRmiuPpjlfv440=
22,5,EhXy0QG5fy7gcmfoJC+IWHrogZA=,z4q6uygqcVzrUHRmiuPpjlfv440=
21,1,EhXy0QG5fy7gcmfoJC+IWHrogZA=,z4q6uygqcVzrUHRmiuPpjlfv440=
21,0,EhXy0QG5fy7gcmfoJC+IWHrogZA=,z4q6uygqcVzrUHRmiuPpjlfv440=
20,0,EhXy0QG5fy7gcmfoJC+IWHrogZA=,z4q6uygqcVzrUHRmiuPpjlfv440=
16,8,EhXy0QG5fy7gcmfoJC+IWHrogZA=,Wmcz0JpwOr5X7+gAYk4rx3sh0IU=
22,0,EhXy0QG5fy7gcmfoJC+IWHrogZA=,z4q6uygqcVzrUHRmiuPpjlfv440=
21,5,EhXy0QG5fy7gcmfoJC+IWHrogZA=,z4q6uygqcVzrUHRmiuPpjlfv440=
20,5,EhXy0QG5fy7gcmfoJC+IWHrogZA=,z4q6uygqcVzrUHRmiuPpjlfv440=
19,5,EhXy0QG5fy7gcmfoJC+IWHrogZA=,z4q6uygqcVzrUHRmiuPpjlfv440=
17,0,EhXy0QG5fy7gcmfoJC+IWHrogZA=,z4q6uygqcVzrUHRmiuPpjlfv440=
20,1,EhXy0QG5fy7gcmfoJC+IWHrogZA=,z4q6uygqcVzrUHRmiuPpjlfv440=
16,1,EhXy0QG5fy7gcmfoJC+IWHrogZA=,z4q6uygqcVzrUHRmiuPpjlfv440=
16,0,EhXy0QG5fy7gcmfoJC+IWHrogZA=,z4q6uygqcVzrUHRmiuPpjlfv440=
17,5,EhXy0QG5fy7gcmfoJC+IWHrogZA=,z4q6uygqcVzrUHRmiuPpjlfv440=
18,5,EhXy0QG5fy7gcmfoJC+IWHrogZA=,z4q6uygqcVzrUHRmiuPpjlfv440=
