44,45,d31uTm9TLiZD0zvULMJkAy1PBXA=,02eVlk1SmwSyv2jNMYTHGECXysA=
45,45,d31uTm9TLiZD0zvULMJkAy1PBXA=,02eVlk1SmwSyv2jNMYTHGECXysA=
46,45,d31uTm9TLiZD0zvULMJkAy1PBXA=,02eVlk1SmwSyv2jNMYTHGECXysA=
41,46,d31uTm9TLiZD0zvULMJkAy1PBXA=,02eVlk1SmwSyv2jNMYTHGECXysA=
42,46,d31uTm9TLiZD0zvULMJkAy1PBXA=,02eVlk1SmwSyv2jNMYTHGECXysA=
36,37,d31uTm9TLiZD0zvULMJkAy1PBXA=,N9foAGoa9mr8oh9UZ+OKSDtpFCY=
37,37,d31uTm9TLiZD0zvULMJkAy1PBXA=,N9foAGoa9mr8oh9UZ+OKSDtpFCY=
38,37,d31uTm9TLiZD0zvULMJkAy1PBXA=,N9foAGoa9mr8oh9UZ+OKSDtpFCY=
38,36,d31uTm9TLiZD0zvULMJkAy1PBXA=,N9foAGoa9mr8oh9UZ+OKSDtpFCY=
33,34,d31uTm9TLiZD0zvULMJkAy1PBXA=,N9foAGoa9mr8oh9UZ+OKSDtpFCY=
38,35,d31uTm9TLiZD0zvULMJkAy1PBXA=,N9foAGoa9mr8oh9UZ+OKSDtpFCY=
43,46,d31uTm9TLiZD0zvULMJkAy1PBXA=,02eVlk1SmwSyv2jNMYTHGECXysA=
34,34,d31uTm9TLiZD0zvULMJkAy1PBXA=,N9foAGoa9mr8oh9UZ+OKSDtpFCY=
44,46,d31uTm9TLiZD0zvULMJkAy1PBXA=,02eVlk1SmwSyv2jNMYTHGECXysA=
45,46,d31uTm9TLiZD0zvULMJkAy1PBXA=,02eVlk1SmwSyv2jNMYTHGECXysA=
46,46,d31uTm9TLiZD0zvULMJkAy1PBXA=,02eVlk1SmwSyv2jNMYTHGECXysA=
41,41,d31uTm9TLiZD0zvULMJkAy1PBXA=,02eVlk1SmwSyv2jNMYTHGECXysA=
42,41,d31uTm9TLiZD0zvULMJkAy1PBXA=,02eVlk1SmwSyv2jNMYTHGECXysA=
43,41,d31uTm9TLiZD0zvULMJkAy1PBXA=,02eVlk1SmwSyv2jNMYTHGECXysA=
44,41,d31uTm9TLiZD0zvULMJkAy1PBXA=,02eVlk1SmwSyv2jNMYTHGECXysA=
45,41,d31uTm9TLiZD0zvULMJkAy1PBXA=,02eVlk1SmwSyv2jNMYTHGECXysA=
46,41,d31uTm9TLiZD0zvULMJkAy1PBXA=,02eVlk1SmwSyv2jNMYTHGECXysA=
41,42,d31uTm9TLiZD0zvULMJkAy1PBXA=,02eVlk1SmwSyv2jNMYTHGECXysA=
42,42,d31uTm9TLiZD0zvULMJkAy1PBXA=,02eVlk1SmwSyv2jNMYTHGECXysA=
43,42,d31uTm9TLiZD0zvULMJkAy1PBXA=,02eVlk1SmwSyv2jNMYTHGECXysA=
44,42,d31uTm9TLiZD0zvULMJkAy1PBXA=,02eVlk1SmwSyv2jNMYTHGECXysA=
45,42,d31uTm9TLiZD0zvULMJkAy1PBXA=,02eVlk1SmwSyv2jNMYTHGECXysA=
33,38,d31uTm9TLiZD0zvULMJkAy1PBXA=,N9foAGoa9mr8oh9UZ+OKSDtpFCY=
34,38,d31uTm9TLiZD0zvULMJkAy1PBXA=,N9foAGoa9mr8oh9UZ+OKSDtpFCY=
35,34,d31uTm9TLiZD0zvULMJkAy1PBXA=,N9foAGoa9mr8oh9UZ+OKSDtpFCY=
35,38,d31uTm9TLiZD0zvULMJkAy1PBXA=,N9foAGoa9mr8oh9UZ+OKSDtpFCY=
36,38,d31uTm9TLiZD0zvULMJkAy1PBXA=,N9foAGoa9mr8oh9UZ+OKSDtpFCY=
37,38,d31uTm9TLiZD0zvULMJkAy1PBXA=,N9foAGoa9mr8oh9UZ+OKSDtpFCY=
38,38,d31uTm9TLiZD0zvULMJkAy1PBXA=,N9foAGoa9mr8oh9UZ+OKSDtpFCY=
36,34,d31uTm9TLiZD0zvULMJkAy1PBXA=,N9foAGoa9mr8oh9UZ+OKSDtpFCY=
33,36,d31uTm9TLiZD0zvULMJkAy1PBXA=,N9foAGoa9mr8oh9UZ+OKSDtpFCY=
34,36,d31uTm9TLiZD0zvULMJkAy1PBXA=,N9foAGoa9mr8oh9UZ+OKSDtpFCY=
37,34,d31uTm9TLiZD0zvULMJkAy1PBXA=,N9foAGoa9mr8oh9UZ+OKSDtpFCY=
33,35,d31uTm9TLiZD0zvULMJkAy1PBXA=,N9foAGoa9mr8oh9UZ+OKSDtpFCY=
34,35,d31uTm9TLiZD0zvULMJkAy1PBXA=,N9foAGoa9mr8oh9UZ+OKSDtpFCY=
35,36,d31uTm9TLiZD0zvULMJkAy1PBXA=,N9foAGoa9mr8oh9UZ+OKSDtpFCY=
33,33,d31uTm9TLiZD0zvULMJkAy1PBXA=,N9foAGoa9mr8oh9UZ+OKSDtpFCY=
34,33,d31uTm9TLiZD0zvULMJkAy1PBXA=,N9foAGoa9mr8oh9UZ+OKSDtpFCY=
38,34,d31uTm9TLiZD0zvULMJkAy1PBXA=,N9foAGoa9mr8oh9UZ+OKSDtpFCY=
35,33,d31uTm9TLiZD0zvULMJkAy1PBXA=,N9foAGoa9mr8oh9UZ+OKSDtpFCY=
36,33,d31uTm9TLiZD0zvULMJkAy1PBXA=,N9foAGoa9mr8oh9UZ+OKSDtpFCY=
37,33,d31uTm9TLiZD0zvULMJkAy1PBXA=,N9foAGoa9mr8oh9UZ+OKSDtpFCY=
36,43,d31uTm9TLiZD0zvULMJkAy1PBXA=,s/ojTWRroIqjpNtj0EBt6X4LlpQ=
38,33,d31uTm9TLiZD0zvULMJkAy1PBXA=,N9foAGoa9mr8oh9UZ+OKSDtpFCY=
33,37,d31uTm9TLiZD0zvULMJkAy1PBXA=,N9foAGoa9mr8oh9UZ+OKSDtpFCY=
35,35,d31uTm9TLiZD0zvULMJkAy1PBXA=,N9foAGoa9mr8oh9UZ+OKSDtpFCY=
34,37,d31uTm9TLiZD0zvULMJkAy1PBXA=,N9foAGoa9mr8oh9UZ+OKSDtpFCY=
36,35,d31uTm9TLiZD0zvULMJkAy1PBXA=,N9foAGoa9mr8oh9UZ+OKSDtpFCY=
37,36,d31uTm9TLiZD0zvULMJkAy1PBXA=,N9foAGoa9mr8oh9UZ+OKSDtpFCY=
37,43,d31uTm9TLiZD0zvULMJkAy1PBXA=,s/ojTWRroIqjpNtj0EBt6X4LlpQ=
43,45,d31uTm9TLiZD0zvULMJkAy1PBXA=,02eVlk1SmwSyv2jNMYTHGECXysA=
36,36,d31uTm9TLiZD0zvULMJkAy1PBXA=,N9foAGoa9mr8oh9UZ+OKSDtpFCY=
37,35,d31uTm9TLiZD0zvULMJkAy1PBXA=,N9foAGoa9mr8oh9UZ+OKSDtpFCY=
38,43,d31uTm9TLiZD0zvULMJkAy1PBXA=,s/ojTWRroIqjpNtj0EBt6X4LlpQ=
35,37,d31uTm9TLiZD0zvULMJkAy1PBXA=,N9foAGoa9mr8oh9UZ+OKSDtpFCY=
42,45,d31uTm9TLiZD0zvULMJkAy1PBXA=,02eVlk1SmwSyv2jNMYTHGECXysA=
39,43,d31uTm9TLiZD0zvULMJkAy1PBXA=,s/ojTWRroIqjpNtj0EBt6X4LlpQ=
46,42,d31uTm9TLiZD0zvULMJkAy1PBXA=,02eVlk1SmwSyv2jNMYTHGECXysA=
40,46,d31uTm9TLiZD0zvULMJkAy1PBXA=,02eVlk1SmwSyv2jNMYTHGECXysA=
33,44,d31uTm9TLiZD0zvULMJkAy1PBXA=,s/ojTWRroIqjpNtj0EBt6X4LlpQ=
34,44,d31uTm9TLiZD0zvULMJkAy1PBXA=,s/ojTWRroIqjpNtj0EBt6X4LlpQ=
35,44,d31uTm9TLiZD0zvULMJkAy1PBXA=,s/ojTWRroIqjpNtj0EBt6X4LlpQ=
41,45,d31uTm9TLiZD0zvULMJkAy1PBXA=,02eVlk1SmwSyv2jNMYTHGECXysA=
46,44,d31uTm9TLiZD0zvULMJkAy1PBXA=,02eVlk1SmwSyv2jNMYTHGECXysA=
36,44,d31uTm9TLiZD0zvULMJkAy1PBXA=,s/ojTWRroIqjpNtj0EBt6X4LlpQ=
45,44,d31uTm9TLiZD0zvULMJkAy1PBXA=,02eVlk1SmwSyv2jNMYTHGECXysA=
44,44,d31uTm9TLiZD0zvULMJkAy1PBXA=,02eVlk1SmwSyv2jNMYTHGECXysA=
33,39,d31uTm9TLiZD0zvULMJkAy1PBXA=,N9foAGoa9mr8oh9UZ+OKSDtpFCY=
43,44,d31uTm9TLiZD0zvULMJkAy1PBXA=,02eVlk1SmwSyv2jNMYTHGECXysA=
35,43,d31uTm9TLiZD0zvULMJkAy1PBXA=,s/ojTWRroIqjpNtj0EBt6X4LlpQ=
42,44,d31uTm9TLiZD0zvULMJkAy1PBXA=,02eVlk1SmwSyv2jNMYTHGECXysA=
41,43,d31uTm9TLiZD0zvULMJkAy1PBXA=,02eVlk1SmwSyv2jNMYTHGECXysA=
41,44,d31uTm9TLiZD0zvULMJkAy1PBXA=,02eVlk1SmwSyv2jNMYTHGECXysA=
34,43,d31uTm9TLiZD0zvULMJkAy1PBXA=,s/ojTWRroIqjpNtj0EBt6X4LlpQ=
46,43,d31uTm9TLiZD0zvULMJkAy1PBXA=,02eVlk1SmwSyv2jNMYTHGECXysA=
45,43,d31uTm9TLiZD0zvULMJkAy1PBXA=,02eVlk1SmwSyv2jNMYTHGECXysA=
42,43,d31uTm9TLiZD0zvULMJkAy1PBXA=,02eVlk1SmwSyv2jNMYTHGECXysA=
43,43,d31uTm9TLiZD0zvULMJkAy1PBXA=,02eVlk1SmwSyv2jNMYTHGECXysA=
44,43,d31uTm9TLiZD0zvULMJkAy1PBXA=,02eVlk1SmwSyv2jNMYTHGECXysA=
39,42,d31uTm9TLiZD0zvULMJkAy1PBXA=,s/ojTWRroIqjpNtj0EBt6X4LlpQ=
33,43,d31uTm9TLiZD0zvULMJkAy1PBXA=,s/ojTWRroIqjpNtj0EBt6X4LlpQ=
38,42,d31uTm9TLiZD0zvULMJkAy1PBXA=,s/ojTWRroIqjpNtj0EBt6X4LlpQ=
43,35,d31uTm9TLiZD0zvULMJkAy1PBXA=,dl9nRIIzZKBr6yjgAdfinqfFoIg=
41,32,d31uTm9TLiZD0zvULMJkAy1PBXA=,dl9nRIIzZKBr6yjgAdfinqfFoIg=
44,35,d31uTm9TLiZD0zvULMJkAy1PBXA=,dl9nRIIzZKBr6yjgAdfinqfFoIg=
37,42,d31uTm9TLiZD0zvULMJkAy1PBXA=,s/ojTWRroIqjpNtj0EBt6X4LlpQ=
36,42,d31uTm9TLiZD0zvULMJkAy1PBXA=,s/ojTWRroIqjpNtj0EBt6X4LlpQ=
39,37,d31uTm9TLiZD0zvULMJkAy1PBXA=,N9foAGoa9mr8oh9UZ+OKSDtpFCY=
45,39,d31uTm9TLiZD0zvULMJkAy1PBXA=,dl9nRIIzZKBr6yjgAdfinqfFoIg=
42,32,d31uTm9TLiZD0zvULMJkAy1PBXA=,dl9nRIIzZKBr6yjgAdfinqfFoIg=
33,47,d31uTm9TLiZD0zvULMJkAy1PBXA=,s/ojTWRroIqjpNtj0EBt6X4LlpQ=
45,35,d31uTm9TLiZD0zvULMJkAy1PBXA=,dl9nRIIzZKBr6yjgAdfinqfFoIg=
38,47,d31uTm9TLiZD0zvULMJkAy1PBXA=,s/ojTWRroIqjpNtj0EBt6X4LlpQ=
43,32,d31uTm9TLiZD0zvULMJkAy1PBXA=,dl9nRIIzZKBr6yjgAdfinqfFoIg=
34,47,d31uTm9TLiZD0zvULMJkAy1PBXA=,s/ojTWRroIqjpNtj0EBt6X4LlpQ=
39,35,d31uTm9TLiZD0zvULMJkAy1PBXA=,N9foAGoa9mr8oh9UZ+OKSDtpFCY=
46,32,d31uTm9TLiZD0zvULMJkAy1PBXA=,dl9nRIIzZKBr6yjgAdfinqfFoIg=
35,47,d31uTm9TLiZD0zvULMJkAy1PBXA=,s/ojTWRroIqjpNtj0EBt6X4LlpQ=
44,32,d31uTm9TLiZD0zvULMJkAy1PBXA=,dl9nRIIzZKBr6yjgAdfinqfFoIg=
46,35,d31uTm9TLiZD0zvULMJkAy1PBXA=,dl9nRIIzZKBr6yjgAdfinqfFoIg=
37,47,d31uTm9TLiZD0zvULMJkAy1PBXA=,s/ojTWRroIqjpNtj0EBt6X4LlpQ=
36,47,d31uTm9TLiZD0zvULMJkAy1PBXA=,s/ojTWRroIqjpNtj0EBt6X4LlpQ=
45,32,d31uTm9TLiZD0zvULMJkAy1PBXA=,dl9nRIIzZKBr6yjgAdfinqfFoIg=
39,38,d31uTm9TLiZD0zvULMJkAy1PBXA=,N9foAGoa9mr8oh9UZ+OKSDtpFCY=
42,35,d31uTm9TLiZD0zvULMJkAy1PBXA=,dl9nRIIzZKBr6yjgAdfinqfFoIg=
40,40,d31uTm9TLiZD0zvULMJkAy1PBXA=,02eVlk1SmwSyv2jNMYTHGECXysA=
35,42,d31uTm9TLiZD0zvULMJkAy1PBXA=,s/ojTWRroIqjpNtj0EBt6X4LlpQ=
46,39,d31uTm9TLiZD0zvULMJkAy1PBXA=,dl9nRIIzZKBr6yjgAdfinqfFoIg=
39,46,d31uTm9TLiZD0zvULMJkAy1PBXA=,s/ojTWRroIqjpNtj0EBt6X4LlpQ=
41,35,d31uTm9TLiZD0zvULMJkAy1PBXA=,dl9nRIIzZKBr6yjgAdfinqfFoIg=
34,42,d31uTm9TLiZD0zvULMJkAy1PBXA=,s/ojTWRroIqjpNtj0EBt6X4LlpQ=
40,35,d31uTm9TLiZD0zvULMJkAy1PBXA=,dl9nRIIzZKBr6yjgAdfinqfFoIg=
47,45,d31uTm9TLiZD0zvULMJkAy1PBXA=,02eVlk1SmwSyv2jNMYTHGECXysA=
47,34,d31uTm9TLiZD0zvULMJkAy1PBXA=,dl9nRIIzZKBr6yjgAdfinqfFoIg=
33,42,d31uTm9TLiZD0zvULMJkAy1PBXA=,s/ojTWRroIqjpNtj0EBt6X4LlpQ=
47,46,d31uTm9TLiZD0zvULMJkAy1PBXA=,02eVlk1SmwSyv2jNMYTHGECXysA=
46,34,d31uTm9TLiZD0zvULMJkAy1PBXA=,dl9nRIIzZKBr6yjgAdfinqfFoIg=
41,40,d31uTm9TLiZD0zvULMJkAy1PBXA=,02eVlk1SmwSyv2jNMYTHGECXysA=
45,34,d31uTm9TLiZD0zvULMJkAy1PBXA=,dl9nRIIzZKBr6yjgAdfinqfFoIg=
44,39,d31uTm9TLiZD0zvULMJkAy1PBXA=,dl9nRIIzZKBr6yjgAdfinqfFoIg=
44,34,d31uTm9TLiZD0zvULMJkAy1PBXA=,dl9nRIIzZKBr6yjgAdfinqfFoIg=
47,35,d31uTm9TLiZD0zvULMJkAy1PBXA=,dl9nRIIzZKBr6yjgAdfinqfFoIg=
43,39,d31uTm9TLiZD0zvULMJkAy1PBXA=,dl9nRIIzZKBr6yjgAdfinqfFoIg=
47,40,d31uTm9TLiZD0zvULMJkAy1PBXA=,02eVlk1SmwSyv2jNMYTHGECXysA=
41,39,d31uTm9TLiZD0zvULMJkAy1PBXA=,dl9nRIIzZKBr6yjgAdfinqfFoIg=
42,39,d31uTm9TLiZD0zvULMJkAy1PBXA=,dl9nRIIzZKBr6yjgAdfinqfFoIg=
47,41,d31uTm9TLiZD0zvULMJkAy1PBXA=,02eVlk1SmwSyv2jNMYTHGECXysA=
40,36,d31uTm9TLiZD0zvULMJkAy1PBXA=,dl9nRIIzZKBr6yjgAdfinqfFoIg=
38,46,d31uTm9TLiZD0zvULMJkAy1PBXA=,s/ojTWRroIqjpNtj0EBt6X4LlpQ=
40,39,d31uTm9TLiZD0zvULMJkAy1PBXA=,dl9nRIIzZKBr6yjgAdfinqfFoIg=
43,34,d31uTm9TLiZD0zvULMJkAy1PBXA=,dl9nRIIzZKBr6yjgAdfinqfFoIg=
41,36,d31uTm9TLiZD0zvULMJkAy1PBXA=,dl9nRIIzZKBr6yjgAdfinqfFoIg=
47,42,d31uTm9TLiZD0zvULMJkAy1PBXA=,02eVlk1SmwSyv2jNMYTHGECXysA=
47,39,d31uTm9TLiZD0zvULMJkAy1PBXA=,dl9nRIIzZKBr6yjgAdfinqfFoIg=
47,43,d31uTm9TLiZD0zvULMJkAy1PBXA=,02eVlk1SmwSyv2jNMYTHGECXysA=
47,44,d31uTm9TLiZD0zvULMJkAy1PBXA=,02eVlk1SmwSyv2jNMYTHGECXysA=
47,38,d31uTm9TLiZD0zvULMJkAy1PBXA=,dl9nRIIzZKBr6yjgAdfinqfFoIg=
42,34,d31uTm9TLiZD0zvULMJkAy1PBXA=,dl9nRIIzZKBr6yjgAdfinqfFoIg=
41,34,d31uTm9TLiZD0zvULMJkAy1PBXA=,dl9nRIIzZKBr6yjgAdfinqfFoIg=
42,36,d31uTm9TLiZD0zvULMJkAy1PBXA=,dl9nRIIzZKBr6yjgAdfinqfFoIg=
42,40,d31uTm9TLiZD0zvULMJkAy1PBXA=,02eVlk1SmwSyv2jNMYTHGECXysA=
43,36,d31uTm9TLiZD0zvULMJkAy1PBXA=,dl9nRIIzZKBr6yjgAdfinqfFoIg=
44,36,d31uTm9TLiZD0zvULMJkAy1PBXA=,dl9nRIIzZKBr6yjgAdfinqfFoIg=
37,46,d31uTm9TLiZD0zvULMJkAy1PBXA=,s/ojTWRroIqjpNtj0EBt6X4LlpQ=
43,40,d31uTm9TLiZD0zvULMJkAy1PBXA=,02eVlk1SmwSyv2jNMYTHGECXysA=
46,38,d31uTm9TLiZD0zvULMJkAy1PBXA=,dl9nRIIzZKBr6yjgAdfinqfFoIg=
35,46,d31uTm9TLiZD0zvULMJkAy1PBXA=,s/ojTWRroIqjpNtj0EBt6X4LlpQ=
36,46,d31uTm9TLiZD0zvULMJkAy1PBXA=,s/ojTWRroIqjpNtj0EBt6X4LlpQ=
32,44,d31uTm9TLiZD0zvULMJkAy1PBXA=,s/ojTWRroIqjpNtj0EBt6X4LlpQ=
44,40,d31uTm9TLiZD0zvULMJkAy1PBXA=,02eVlk1SmwSyv2jNMYTHGECXysA=
32,43,d31uTm9TLiZD0zvULMJkAy1PBXA=,s/ojTWRroIqjpNtj0EBt6X4LlpQ=
45,38,d31uTm9TLiZD0zvULMJkAy1PBXA=,dl9nRIIzZKBr6yjgAdfinqfFoIg=
34,39,d31uTm9TLiZD0zvULMJkAy1PBXA=,N9foAGoa9mr8oh9UZ+OKSDtpFCY=
32,45,d31uTm9TLiZD0zvULMJkAy1PBXA=,s/ojTWRroIqjpNtj0EBt6X4LlpQ=
32,42,d31uTm9TLiZD0zvULMJkAy1PBXA=,s/ojTWRroIqjpNtj0EBt6X4LlpQ=
45,40,d31uTm9TLiZD0zvULMJkAy1PBXA=,02eVlk1SmwSyv2jNMYTHGECXysA=
34,46,d31uTm9TLiZD0zvULMJkAy1PBXA=,s/ojTWRroIqjpNtj0EBt6X4LlpQ=
33,46,d31uTm9TLiZD0zvULMJkAy1PBXA=,s/ojTWRroIqjpNtj0EBt6X4LlpQ=
35,39,d31uTm9TLiZD0zvULMJkAy1PBXA=,N9foAGoa9mr8oh9UZ+OKSDtpFCY=
32,41,d31uTm9TLiZD0zvULMJkAy1PBXA=,s/ojTWRroIqjpNtj0EBt6X4LlpQ=
39,41,d31uTm9TLiZD0zvULMJkAy1PBXA=,s/ojTWRroIqjpNtj0EBt6X4LlpQ=
39,36,d31uTm9TLiZD0zvULMJkAy1PBXA=,N9foAGoa9mr8oh9UZ+OKSDtpFCY=
36,39,d31uTm9TLiZD0zvULMJkAy1PBXA=,N9foAGoa9mr8oh9UZ+OKSDtpFCY=
45,36,d31uTm9TLiZD0zvULMJkAy1PBXA=,dl9nRIIzZKBr6yjgAdfinqfFoIg=
37,39,d31uTm9TLiZD0zvULMJkAy1PBXA=,N9foAGoa9mr8oh9UZ+OKSDtpFCY=
40,45,d31uTm9TLiZD0zvULMJkAy1PBXA=,02eVlk1SmwSyv2jNMYTHGECXysA=
38,39,d31uTm9TLiZD0zvULMJkAy1PBXA=,N9foAGoa9mr8oh9UZ+OKSDtpFCY=
46,36,d31uTm9TLiZD0zvULMJkAy1PBXA=,dl9nRIIzZKBr6yjgAdfinqfFoIg=
47,36,d31uTm9TLiZD0zvULMJkAy1PBXA=,dl9nRIIzZKBr6yjgAdfinqfFoIg=
40,37,d31uTm9TLiZD0zvULMJkAy1PBXA=,dl9nRIIzZKBr6yjgAdfinqfFoIg=
39,39,d31uTm9TLiZD0zvULMJkAy1PBXA=,N9foAGoa9mr8oh9UZ+OKSDtpFCY=
40,34,d31uTm9TLiZD0zvULMJkAy1PBXA=,dl9nRIIzZKBr6yjgAdfinqfFoIg=
40,41,d31uTm9TLiZD0zvULMJkAy1PBXA=,02eVlk1SmwSyv2jNMYTHGECXysA=
38,41,d31uTm9TLiZD0zvULMJkAy1PBXA=,s/ojTWRroIqjpNtj0EBt6X4LlpQ=
32,38,d31uTm9TLiZD0zvULMJkAy1PBXA=,N9foAGoa9mr8oh9UZ+OKSDtpFCY=
32,46,d31uTm9TLiZD0zvULMJkAy1PBXA=,s/ojTWRroIqjpNtj0EBt6X4LlpQ=
47,33,d31uTm9TLiZD0zvULMJkAy1PBXA=,dl9nRIIzZKBr6yjgAdfinqfFoIg=
44,38,d31uTm9TLiZD0zvULMJkAy1PBXA=,dl9nRIIzZKBr6yjgAdfinqfFoIg=
41,37,d31uTm9TLiZD0zvULMJkAy1PBXA=,dl9nRIIzZKBr6yjgAdfinqfFoIg=
32,34,d31uTm9TLiZD0zvULMJkAy1PBXA=,N9foAGoa9mr8oh9UZ+OKSDtpFCY=
33,40,d31uTm9TLiZD0zvULMJkAy1PBXA=,s/ojTWRroIqjpNtj0EBt6X4LlpQ=
42,38,d31uTm9TLiZD0zvULMJkAy1PBXA=,dl9nRIIzZKBr6yjgAdfinqfFoIg=
46,40,d31uTm9TLiZD0zvULMJkAy1PBXA=,02eVlk1SmwSyv2jNMYTHGECXysA=
41,38,d31uTm9TLiZD0zvULMJkAy1PBXA=,dl9nRIIzZKBr6yjgAdfinqfFoIg=
43,38,d31uTm9TLiZD0zvULMJkAy1PBXA=,dl9nRIIzZKBr6yjgAdfinqfFoIg=
39,34,d31uTm9TLiZD0zvULMJkAy1PBXA=,N9foAGoa9mr8oh9UZ+OKSDtpFCY=
34,40,d31uTm9TLiZD0zvULMJkAy1PBXA=,s/ojTWRroIqjpNtj0EBt6X4LlpQ=
42,37,d31uTm9TLiZD0zvULMJkAy1PBXA=,dl9nRIIzZKBr6yjgAdfinqfFoIg=
46,33,d31uTm9TLiZD0zvULMJkAy1PBXA=,dl9nRIIzZKBr6yjgAdfinqfFoIg=
39,33,d31uTm9TLiZD0zvULMJkAy1PBXA=,N9foAGoa9mr8oh9UZ+OKSDtpFCY=
32,35,d31uTm9TLiZD0zvULMJkAy1PBXA=,N9foAGoa9mr8oh9UZ+OKSDtpFCY=
45,33,d31uTm9TLiZD0zvULMJkAy1PBXA=,dl9nRIIzZKBr6yjgAdfinqfFoIg=
35,40,d31uTm9TLiZD0zvULMJkAy1PBXA=,s/ojTWRroIqjpNtj0EBt6X4LlpQ=
32,36,d31uTm9TLiZD0zvULMJkAy1PBXA=,N9foAGoa9mr8oh9UZ+OKSDtpFCY=
44,33,d31uTm9TLiZD0zvULMJkAy1PBXA=,dl9nRIIzZKBr6yjgAdfinqfFoIg=
39,40,d31uTm9TLiZD0zvULMJkAy1PBXA=,s/ojTWRroIqjpNtj0EBt6X4LlpQ=
43,33,d31uTm9TLiZD0zvULMJkAy1PBXA=,dl9nRIIzZKBr6yjgAdfinqfFoIg=
42,33,d31uTm9TLiZD0zvULMJkAy1PBXA=,dl9nRIIzZKBr6yjgAdfinqfFoIg=
32,39,d31uTm9TLiZD0zvULMJkAy1PBXA=,N9foAGoa9mr8oh9UZ+OKSDtpFCY=
37,44,d31uTm9TLiZD0zvULMJkAy1PBXA=,s/ojTWRroIqjpNtj0EBt6X4LlpQ=
40,38,d31uTm9TLiZD0zvULMJkAy1PBXA=,dl9nRIIzZKBr6yjgAdfinqfFoIg=
43,37,d31uTm9TLiZD0zvULMJkAy1PBXA=,dl9nRIIzZKBr6yjgAdfinqfFoIg=
32,33,d31uTm9TLiZD0zvULMJkAy1PBXA=,N9foAGoa9mr8oh9UZ+OKSDtpFCY=
47,37,d31uTm9TLiZD0zvULMJkAy1PBXA=,dl9nRIIzZKBr6yjgAdfinqfFoIg=
44,37,d31uTm9TLiZD0zvULMJkAy1PBXA=,dl9nRIIzZKBr6yjgAdfinqfFoIg=
38,44,d31uTm9TLiZD0zvULMJkAy1PBXA=,s/ojTWRroIqjpNtj0EBt6X4LlpQ=
32,40,d31uTm9TLiZD0zvULMJkAy1PBXA=,s/ojTWRroIqjpNtj0EBt6X4LlpQ=
41,33,d31uTm9TLiZD0zvULMJkAy1PBXA=,dl9nRIIzZKBr6yjgAdfinqfFoIg=
32,37,d31uTm9TLiZD0zvULMJkAy1PBXA=,N9foAGoa9mr8oh9UZ+OKSDtpFCY=
45,37,d31uTm9TLiZD0zvULMJkAy1PBXA=,dl9nRIIzZKBr6yjgAdfinqfFoIg=
39,44,d31uTm9TLiZD0zvULMJkAy1PBXA=,s/ojTWRroIqjpNtj0EBt6X4LlpQ=
46,37,d31uTm9TLiZD0zvULMJkAy1PBXA=,dl9nRIIzZKBr6yjgAdfinqfFoIg=
40,33,d31uTm9TLiZD0zvULMJkAy1PBXA=,dl9nRIIzZKBr6yjgAdfinqfFoIg=
36,40,d31uTm9TLiZD0zvULMJkAy1PBXA=,s/ojTWRroIqjpNtj0EBt6X4LlpQ=
33,45,d31uTm9TLiZD0zvULMJkAy1PBXA=,s/ojTWRroIqjpNtj0EBt6X4LlpQ=
40,47,d31uTm9TLiZD0zvULMJkAy1PBXA=,02eVlk1SmwSyv2jNMYTHGECXysA=
37,41,d31uTm9TLiZD0zvULMJkAy1PBXA=,s/ojTWRroIqjpNtj0EBt6X4LlpQ=
40,44,d31uTm9TLiZD0zvULMJkAy1PBXA=,02eVlk1SmwSyv2jNMYTHGECXysA=
41,47,d31uTm9TLiZD0zvULMJkAy1PBXA=,02eVlk1SmwSyv2jNMYTHGECXysA=
36,41,d31uTm9TLiZD0zvULMJkAy1PBXA=,s/ojTWRroIqjpNtj0EBt6X4LlpQ=
32,47,d31uTm9TLiZD0zvULMJkAy1PBXA=,s/ojTWRroIqjpNtj0EBt6X4LlpQ=
37,40,d31uTm9TLiZD0zvULMJkAy1PBXA=,s/ojTWRroIqjpNtj0EBt6X4LlpQ=
35,41,d31uTm9TLiZD0zvULMJkAy1PBXA=,s/ojTWRroIqjpNtj0EBt6X4LlpQ=
47,32,d31uTm9TLiZD0zvULMJkAy1PBXA=,dl9nRIIzZKBr6yjgAdfinqfFoIg=
39,45,d31uTm9TLiZD0zvULMJkAy1PBXA=,s/ojTWRroIqjpNtj0EBt6X4LlpQ=
42,47,d31uTm9TLiZD0zvULMJkAy1PBXA=,02eVlk1SmwSyv2jNMYTHGECXysA=
38,45,d31uTm9TLiZD0zvULMJkAy1PBXA=,s/ojTWRroIqjpNtj0EBt6X4LlpQ=
37,45,d31uTm9TLiZD0zvULMJkAy1PBXA=,s/ojTWRroIqjpNtj0EBt6X4LlpQ=
38,40,d31uTm9TLiZD0zvULMJkAy1PBXA=,s/ojTWRroIqjpNtj0EBt6X4LlpQ=
39,47,d31uTm9TLiZD0zvULMJkAy1PBXA=,s/ojTWRroIqjpNtj0EBt6X4LlpQ=
47,47,d31uTm9TLiZD0zvULMJkAy1PBXA=,02eVlk1SmwSyv2jNMYTHGECXysA=
43,47,d31uTm9TLiZD0zvULMJkAy1PBXA=,02eVlk1SmwSyv2jNMYTHGECXysA=
46,47,d31uTm9TLiZD0zvULMJkAy1PBXA=,02eVlk1SmwSyv2jNMYTHGECXysA=
34,45,d31uTm9TLiZD0zvULMJkAy1PBXA=,s/ojTWRroIqjpNtj0EBt6X4LlpQ=
45,47,d31uTm9TLiZD0zvULMJkAy1PBXA=,02eVlk1SmwSyv2jNMYTHGECXysA=
44,47,d31uTm9TLiZD0zvULMJkAy1PBXA=,02eVlk1SmwSyv2jNMYTHGECXysA=
34,41,d31uTm9TLiZD0zvULMJkAy1PBXA=,s/ojTWRroIqjpNtj0EBt6X4LlpQ=
36,45,d31uTm9TLiZD0zvULMJkAy1PBXA=,s/ojTWRroIqjpNtj0EBt6X4LlpQ=
33,41,d31uTm9TLiZD0zvULMJkAy1PBXA=,s/ojTWRroIqjpNtj0EBt6X4LlpQ=
40,43,d31uTm9TLiZD0zvULMJkAy1PBXA=,02eVlk1SmwSyv2jNMYTHGECXysA=
40,42,d31uTm9TLiZD0zvULMJkAy1PBXA=,02eVlk1SmwSyv2jNMYTHGECXysA=
35,45,d31uTm9TLiZD0zvULMJkAy1PBXA=,s/ojTWRroIqjpNtj0EBt6X4LlpQ=
32,32,d31uTm9TLiZD0zvULMJkAy1PBXA=,N9foAGoa9mr8oh9UZ+OKSDtpFCY=
36,32,d31uTm9TLiZD0zvULMJkAy1PBXA=,N9foAGoa9mr8oh9UZ+OKSDtpFCY=
34,32,d31uTm9TLiZD0zvULMJkAy1PBXA=,N9foAGoa9mr8oh9UZ+OKSDtpFCY=
35,32,d31uTm9TLiZD0zvULMJkAy1PBXA=,N9foAGoa9mr8oh9UZ+OKSDtpFCY=
33,32,d31uTm9TLiZD0zvULMJkAy1PBXA=,N9foAGoa9mr8oh9UZ+OKSDtpFCY=
38,32,d31uTm9TLiZD0zvULMJkAy1PBXA=,N9foAGoa9mr8oh9UZ+OKSDtpFCY=
37,32,d31uTm9TLiZD0zvULMJkAy1PBXA=,N9foAGoa9mr8oh9UZ+OKSDtpFCY=
39,32,d31uTm9TLiZD0zvULMJkAy1PBXA=,N9foAGoa9mr8oh9UZ+OKSDtpFCY=
40,32,d31uTm9TLiZD0zvULMJkAy1PBXA=,dl9nRIIzZKBr6yjgAdfinqfFoIg=
33,57,xsUP4qDjqND1UdzDtHsmtcJmwTc=,BGdLM4U/u2ozQXI4tfWRADK02lA=
34,57,xsUP4qDjqND1UdzDtHsmtcJmwTc=,BGdLM4U/u2ozQXI4tfWRADK02lA=
35,57,xsUP4qDjqND1UdzDtHsmtcJmwTc=,BGdLM4U/u2ozQXI4tfWRADK02lA=
36,57,xsUP4qDjqND1UdzDtHsmtcJmwTc=,BGdLM4U/u2ozQXI4tfWRADK02lA=
37,57,xsUP4qDjqND1UdzDtHsmtcJmwTc=,BGdLM4U/u2ozQXI4tfWRADK02lA=
38,57,xsUP4qDjqND1UdzDtHsmtcJmwTc=,BGdLM4U/u2ozQXI4tfWRADK02lA=
38,62,xsUP4qDjqND1UdzDtHsmtcJmwTc=,BGdLM4U/u2ozQXI4tfWRADK02lA=
37,62,xsUP4qDjqND1UdzDtHsmtcJmwTc=,BGdLM4U/u2ozQXI4tfWRADK02lA=
36,62,xsUP4qDjqND1UdzDtHsmtcJmwTc=,BGdLM4U/u2ozQXI4tfWRADK02lA=
35,62,xsUP4qDjqND1UdzDtHsmtcJmwTc=,BGdLM4U/u2ozQXI4tfWRADK02lA=
34,62,xsUP4qDjqND1UdzDtHsmtcJmwTc=,BGdLM4U/u2ozQXI4tfWRADK02lA=
33,62,xsUP4qDjqND1UdzDtHsmtcJmwTc=,BGdLM4U/u2ozQXI4tfWRADK02lA=
38,61,xsUP4qDjqND1UdzDtHsmtcJmwTc=,BGdLM4U/u2ozQXI4tfWRADK02lA=
37,61,xsUP4qDjqND1UdzDtHsmtcJmwTc=,BGdLM4U/u2ozQXI4tfWRADK02lA=
36,61,xsUP4qDjqND1UdzDtHsmtcJmwTc=,BGdLM4U/u2ozQXI4tfWRADK02lA=
35,61,xsUP4qDjqND1UdzDtHsmtcJmwTc=,BGdLM4U/u2ozQXI4tfWRADK02lA=
34,61,xsUP4qDjqND1UdzDtHsmtcJmwTc=,BGdLM4U/u2ozQXI4tfWRADK02lA=
33,61,xsUP4qDjqND1UdzDtHsmtcJmwTc=,BGdLM4U/u2ozQXI4tfWRADK02lA=
38,60,xsUP4qDjqND1UdzDtHsmtcJmwTc=,BGdLM4U/u2ozQXI4tfWRADK02lA=
37,60,xsUP4qDjqND1UdzDtHsmtcJmwTc=,BGdLM4U/u2ozQXI4tfWRADK02lA=
36,60,xsUP4qDjqND1UdzDtHsmtcJmwTc=,BGdLM4U/u2ozQXI4tfWRADK02lA=
35,60,xsUP4qDjqND1UdzDtHsmtcJmwTc=,BGdLM4U/u2ozQXI4tfWRADK02lA=
34,60,xsUP4qDjqND1UdzDtHsmtcJmwTc=,BGdLM4U/u2ozQXI4tfWRADK02lA=
33,60,xsUP4qDjqND1UdzDtHsmtcJmwTc=,BGdLM4U/u2ozQXI4tfWRADK02lA=
38,59,xsUP4qDjqND1UdzDtHsmtcJmwTc=,BGdLM4U/u2ozQXI4tfWRADK02lA=
37,59,xsUP4qDjqND1UdzDtHsmtcJmwTc=,BGdLM4U/u2ozQXI4tfWRADK02lA=
36,59,xsUP4qDjqND1UdzDtHsmtcJmwTc=,BGdLM4U/u2ozQXI4tfWRADK02lA=
35,59,xsUP4qDjqND1UdzDtHsmtcJmwTc=,BGdLM4U/u2ozQXI4tfWRADK02lA=
34,59,xsUP4qDjqND1UdzDtHsmtcJmwTc=,BGdLM4U/u2ozQXI4tfWRADK02lA=
33,59,xsUP4qDjqND1UdzDtHsmtcJmwTc=,BGdLM4U/u2ozQXI4tfWRADK02lA=
38,58,xsUP4qDjqND1UdzDtHsmtcJmwTc=,BGdLM4U/u2ozQXI4tfWRADK02lA=
44,61,xsUP4qDjqND1UdzDtHsmtcJmwTc=,rTtBvgErosg4jF4bJ4EkB/H9BSc=
45,61,xsUP4qDjqND1UdzDtHsmtcJmwTc=,rTtBvgErosg4jF4bJ4EkB/H9BSc=
46,61,xsUP4qDjqND1UdzDtHsmtcJmwTc=,rTtBvgErosg4jF4bJ4EkB/H9BSc=
40,62,xsUP4qDjqND1UdzDtHsmtcJmwTc=,rTtBvgErosg4jF4bJ4EkB/H9BSc=
41,62,xsUP4qDjqND1UdzDtHsmtcJmwTc=,rTtBvgErosg4jF4bJ4EkB/H9BSc=
42,62,xsUP4qDjqND1UdzDtHsmtcJmwTc=,rTtBvgErosg4jF4bJ4EkB/H9BSc=
43,62,xsUP4qDjqND1UdzDtHsmtcJmwTc=,rTtBvgErosg4jF4bJ4EkB/H9BSc=
44,62,xsUP4qDjqND1UdzDtHsmtcJmwTc=,rTtBvgErosg4jF4bJ4EkB/H9BSc=
45,62,xsUP4qDjqND1UdzDtHsmtcJmwTc=,rTtBvgErosg4jF4bJ4EkB/H9BSc=
46,62,xsUP4qDjqND1UdzDtHsmtcJmwTc=,rTtBvgErosg4jF4bJ4EkB/H9BSc=
40,57,xsUP4qDjqND1UdzDtHsmtcJmwTc=,rTtBvgErosg4jF4bJ4EkB/H9BSc=
44,51,xsUP4qDjqND1UdzDtHsmtcJmwTc=,eMnLcpZVZz00mCdadS6O7ZlKE2A=
45,51,xsUP4qDjqND1UdzDtHsmtcJmwTc=,eMnLcpZVZz00mCdadS6O7ZlKE2A=
41,57,xsUP4qDjqND1UdzDtHsmtcJmwTc=,rTtBvgErosg4jF4bJ4EkB/H9BSc=
46,51,xsUP4qDjqND1UdzDtHsmtcJmwTc=,eMnLcpZVZz00mCdadS6O7ZlKE2A=
41,52,xsUP4qDjqND1UdzDtHsmtcJmwTc=,eMnLcpZVZz00mCdadS6O7ZlKE2A=
42,57,xsUP4qDjqND1UdzDtHsmtcJmwTc=,rTtBvgErosg4jF4bJ4EkB/H9BSc=
39,57,xsUP4qDjqND1UdzDtHsmtcJmwTc=,BGdLM4U/u2ozQXI4tfWRADK02lA=
44,57,xsUP4qDjqND1UdzDtHsmtcJmwTc=,rTtBvgErosg4jF4bJ4EkB/H9BSc=
42,52,xsUP4qDjqND1UdzDtHsmtcJmwTc=,eMnLcpZVZz00mCdadS6O7ZlKE2A=
43,57,xsUP4qDjqND1UdzDtHsmtcJmwTc=,rTtBvgErosg4jF4bJ4EkB/H9BSc=
45,57,xsUP4qDjqND1UdzDtHsmtcJmwTc=,rTtBvgErosg4jF4bJ4EkB/H9BSc=
43,52,xsUP4qDjqND1UdzDtHsmtcJmwTc=,eMnLcpZVZz00mCdadS6O7ZlKE2A=
46,57,xsUP4qDjqND1UdzDtHsmtcJmwTc=,rTtBvgErosg4jF4bJ4EkB/H9BSc=
39,58,xsUP4qDjqND1UdzDtHsmtcJmwTc=,BGdLM4U/u2ozQXI4tfWRADK02lA=
44,52,xsUP4qDjqND1UdzDtHsmtcJmwTc=,eMnLcpZVZz00mCdadS6O7ZlKE2A=
40,58,xsUP4qDjqND1UdzDtHsmtcJmwTc=,rTtBvgErosg4jF4bJ4EkB/H9BSc=
41,58,xsUP4qDjqND1UdzDtHsmtcJmwTc=,rTtBvgErosg4jF4bJ4EkB/H9BSc=
45,52,xsUP4qDjqND1UdzDtHsmtcJmwTc=,eMnLcpZVZz00mCdadS6O7ZlKE2A=
42,58,xsUP4qDjqND1UdzDtHsmtcJmwTc=,rTtBvgErosg4jF4bJ4EkB/H9BSc=
43,58,xsUP4qDjqND1UdzDtHsmtcJmwTc=,rTtBvgErosg4jF4bJ4EkB/H9BSc=
44,58,xsUP4qDjqND1UdzDtHsmtcJmwTc=,rTtBvgErosg4jF4bJ4EkB/H9BSc=
46,52,xsUP4qDjqND1UdzDtHsmtcJmwTc=,eMnLcpZVZz00mCdadS6O7ZlKE2A=
45,58,xsUP4qDjqND1UdzDtHsmtcJmwTc=,rTtBvgErosg4jF4bJ4EkB/H9BSc=
46,58,xsUP4qDjqND1UdzDtHsmtcJmwTc=,rTtBvgErosg4jF4bJ4EkB/H9BSc=
41,53,xsUP4qDjqND1UdzDtHsmtcJmwTc=,eMnLcpZVZz00mCdadS6O7ZlKE2A=
40,59,xsUP4qDjqND1UdzDtHsmtcJmwTc=,rTtBvgErosg4jF4bJ4EkB/H9BSc=
41,59,xsUP4qDjqND1UdzDtHsmtcJmwTc=,rTtBvgErosg4jF4bJ4EkB/H9BSc=
42,53,xsUP4qDjqND1UdzDtHsmtcJmwTc=,eMnLcpZVZz00mCdadS6O7ZlKE2A=
39,59,xsUP4qDjqND1UdzDtHsmtcJmwTc=,BGdLM4U/u2ozQXI4tfWRADK02lA=
42,59,xsUP4qDjqND1UdzDtHsmtcJmwTc=,rTtBvgErosg4jF4bJ4EkB/H9BSc=
41,56,xsUP4qDjqND1UdzDtHsmtcJmwTc=,rTtBvgErosg4jF4bJ4EkB/H9BSc=
44,59,xsUP4qDjqND1UdzDtHsmtcJmwTc=,rTtBvgErosg4jF4bJ4EkB/H9BSc=
43,59,xsUP4qDjqND1UdzDtHsmtcJmwTc=,rTtBvgErosg4jF4bJ4EkB/H9BSc=
42,56,xsUP4qDjqND1UdzDtHsmtcJmwTc=,rTtBvgErosg4jF4bJ4EkB/H9BSc=
46,59,xsUP4qDjqND1UdzDtHsmtcJmwTc=,rTtBvgErosg4jF4bJ4EkB/H9BSc=
45,59,xsUP4qDjqND1UdzDtHsmtcJmwTc=,rTtBvgErosg4jF4bJ4EkB/H9BSc=
43,56,xsUP4qDjqND1UdzDtHsmtcJmwTc=,rTtBvgErosg4jF4bJ4EkB/H9BSc=
40,60,xsUP4qDjqND1UdzDtHsmtcJmwTc=,rTtBvgErosg4jF4bJ4EkB/H9BSc=
41,60,xsUP4qDjqND1UdzDtHsmtcJmwTc=,rTtBvgErosg4jF4bJ4EkB/H9BSc=
42,60,xsUP4qDjqND1UdzDtHsmtcJmwTc=,rTtBvgErosg4jF4bJ4EkB/H9BSc=
39,61,xsUP4qDjqND1UdzDtHsmtcJmwTc=,BGdLM4U/u2ozQXI4tfWRADK02lA=
39,60,xsUP4qDjqND1UdzDtHsmtcJmwTc=,BGdLM4U/u2ozQXI4tfWRADK02lA=
44,60,xsUP4qDjqND1UdzDtHsmtcJmwTc=,rTtBvgErosg4jF4bJ4EkB/H9BSc=
43,60,xsUP4qDjqND1UdzDtHsmtcJmwTc=,rTtBvgErosg4jF4bJ4EkB/H9BSc=
45,60,xsUP4qDjqND1UdzDtHsmtcJmwTc=,rTtBvgErosg4jF4bJ4EkB/H9BSc=
39,62,xsUP4qDjqND1UdzDtHsmtcJmwTc=,BGdLM4U/u2ozQXI4tfWRADK02lA=
40,61,xsUP4qDjqND1UdzDtHsmtcJmwTc=,rTtBvgErosg4jF4bJ4EkB/H9BSc=
41,61,xsUP4qDjqND1UdzDtHsmtcJmwTc=,rTtBvgErosg4jF4bJ4EkB/H9BSc=
42,61,xsUP4qDjqND1UdzDtHsmtcJmwTc=,rTtBvgErosg4jF4bJ4EkB/H9BSc=
43,61,xsUP4qDjqND1UdzDtHsmtcJmwTc=,rTtBvgErosg4jF4bJ4EkB/H9BSc=
46,60,xsUP4qDjqND1UdzDtHsmtcJmwTc=,rTtBvgErosg4jF4bJ4EkB/H9BSc=
45,56,xsUP4qDjqND1UdzDtHsmtcJmwTc=,rTtBvgErosg4jF4bJ4EkB/H9BSc=
46,56,xsUP4qDjqND1UdzDtHsmtcJmwTc=,rTtBvgErosg4jF4bJ4EkB/H9BSc=
44,56,xsUP4qDjqND1UdzDtHsmtcJmwTc=,rTtBvgErosg4jF4bJ4EkB/H9BSc=
43,53,xsUP4qDjqND1UdzDtHsmtcJmwTc=,eMnLcpZVZz00mCdadS6O7ZlKE2A=
44,53,xsUP4qDjqND1UdzDtHsmtcJmwTc=,eMnLcpZVZz00mCdadS6O7ZlKE2A=
45,53,xsUP4qDjqND1UdzDtHsmtcJmwTc=,eMnLcpZVZz00mCdadS6O7ZlKE2A=
46,53,xsUP4qDjqND1UdzDtHsmtcJmwTc=,eMnLcpZVZz00mCdadS6O7ZlKE2A=
41,54,xsUP4qDjqND1UdzDtHsmtcJmwTc=,eMnLcpZVZz00mCdadS6O7ZlKE2A=
42,54,xsUP4qDjqND1UdzDtHsmtcJmwTc=,eMnLcpZVZz00mCdadS6O7ZlKE2A=
43,54,xsUP4qDjqND1UdzDtHsmtcJmwTc=,eMnLcpZVZz00mCdadS6O7ZlKE2A=
44,54,xsUP4qDjqND1UdzDtHsmtcJmwTc=,eMnLcpZVZz00mCdadS6O7ZlKE2A=
45,54,xsUP4qDjqND1UdzDtHsmtcJmwTc=,eMnLcpZVZz00mCdadS6O7ZlKE2A=
41,49,xsUP4qDjqND1UdzDtHsmtcJmwTc=,eMnLcpZVZz00mCdadS6O7ZlKE2A=
42,49,xsUP4qDjqND1UdzDtHsmtcJmwTc=,eMnLcpZVZz00mCdadS6O7ZlKE2A=
46,54,xsUP4qDjqND1UdzDtHsmtcJmwTc=,eMnLcpZVZz00mCdadS6O7ZlKE2A=
41,55,xsUP4qDjqND1UdzDtHsmtcJmwTc=,eMnLcpZVZz00mCdadS6O7ZlKE2A=
43,49,xsUP4qDjqND1UdzDtHsmtcJmwTc=,eMnLcpZVZz00mCdadS6O7ZlKE2A=
44,49,xsUP4qDjqND1UdzDtHsmtcJmwTc=,eMnLcpZVZz00mCdadS6O7ZlKE2A=
45,49,xsUP4qDjqND1UdzDtHsmtcJmwTc=,eMnLcpZVZz00mCdadS6O7ZlKE2A=
47,51,xsUP4qDjqND1UdzDtHsmtcJmwTc=,eMnLcpZVZz00mCdadS6O7ZlKE2A=
47,52,xsUP4qDjqND1UdzDtHsmtcJmwTc=,eMnLcpZVZz00mCdadS6O7ZlKE2A=
46,49,xsUP4qDjqND1UdzDtHsmtcJmwTc=,eMnLcpZVZz00mCdadS6O7ZlKE2A=
41,50,xsUP4qDjqND1UdzDtHsmtcJmwTc=,eMnLcpZVZz00mCdadS6O7ZlKE2A=
47,53,xsUP4qDjqND1UdzDtHsmtcJmwTc=,eMnLcpZVZz00mCdadS6O7ZlKE2A=
42,55,xsUP4qDjqND1UdzDtHsmtcJmwTc=,eMnLcpZVZz00mCdadS6O7ZlKE2A=
47,54,xsUP4qDjqND1UdzDtHsmtcJmwTc=,eMnLcpZVZz00mCdadS6O7ZlKE2A=
42,50,xsUP4qDjqND1UdzDtHsmtcJmwTc=,eMnLcpZVZz00mCdadS6O7ZlKE2A=
47,49,xsUP4qDjqND1UdzDtHsmtcJmwTc=,eMnLcpZVZz00mCdadS6O7ZlKE2A=
43,50,xsUP4qDjqND1UdzDtHsmtcJmwTc=,eMnLcpZVZz00mCdadS6O7ZlKE2A=
47,50,xsUP4qDjqND1UdzDtHsmtcJmwTc=,eMnLcpZVZz00mCdadS6O7ZlKE2A=
43,55,xsUP4qDjqND1UdzDtHsmtcJmwTc=,eMnLcpZVZz00mCdadS6O7ZlKE2A=
44,50,xsUP4qDjqND1UdzDtHsmtcJmwTc=,eMnLcpZVZz00mCdadS6O7ZlKE2A=
44,55,xsUP4qDjqND1UdzDtHsmtcJmwTc=,eMnLcpZVZz00mCdadS6O7ZlKE2A=
45,50,xsUP4qDjqND1UdzDtHsmtcJmwTc=,eMnLcpZVZz00mCdadS6O7ZlKE2A=
46,50,xsUP4qDjqND1UdzDtHsmtcJmwTc=,eMnLcpZVZz00mCdadS6O7ZlKE2A=
45,55,xsUP4qDjqND1UdzDtHsmtcJmwTc=,eMnLcpZVZz00mCdadS6O7ZlKE2A=
41,51,xsUP4qDjqND1UdzDtHsmtcJmwTc=,eMnLcpZVZz00mCdadS6O7ZlKE2A=
46,55,xsUP4qDjqND1UdzDtHsmtcJmwTc=,eMnLcpZVZz00mCdadS6O7ZlKE2A=
42,51,xsUP4qDjqND1UdzDtHsmtcJmwTc=,eMnLcpZVZz00mCdadS6O7ZlKE2A=
43,51,xsUP4qDjqND1UdzDtHsmtcJmwTc=,eMnLcpZVZz00mCdadS6O7ZlKE2A=
32,57,xsUP4qDjqND1UdzDtHsmtcJmwTc=,BGdLM4U/u2ozQXI4tfWRADK02lA=
32,58,xsUP4qDjqND1UdzDtHsmtcJmwTc=,BGdLM4U/u2ozQXI4tfWRADK02lA=
32,59,xsUP4qDjqND1UdzDtHsmtcJmwTc=,BGdLM4U/u2ozQXI4tfWRADK02lA=
32,60,xsUP4qDjqND1UdzDtHsmtcJmwTc=,BGdLM4U/u2ozQXI4tfWRADK02lA=
32,61,xsUP4qDjqND1UdzDtHsmtcJmwTc=,BGdLM4U/u2ozQXI4tfWRADK02lA=
32,62,xsUP4qDjqND1UdzDtHsmtcJmwTc=,BGdLM4U/u2ozQXI4tfWRADK02lA=
41,48,xsUP4qDjqND1UdzDtHsmtcJmwTc=,eMnLcpZVZz00mCdadS6O7ZlKE2A=
42,48,xsUP4qDjqND1UdzDtHsmtcJmwTc=,eMnLcpZVZz00mCdadS6O7ZlKE2A=
43,48,xsUP4qDjqND1UdzDtHsmtcJmwTc=,eMnLcpZVZz00mCdadS6O7ZlKE2A=
44,48,xsUP4qDjqND1UdzDtHsmtcJmwTc=,eMnLcpZVZz00mCdadS6O7ZlKE2A=
45,48,xsUP4qDjqND1UdzDtHsmtcJmwTc=,eMnLcpZVZz00mCdadS6O7ZlKE2A=
46,48,xsUP4qDjqND1UdzDtHsmtcJmwTc=,eMnLcpZVZz00mCdadS6O7ZlKE2A=
47,48,xsUP4qDjqND1UdzDtHsmtcJmwTc=,eMnLcpZVZz00mCdadS6O7ZlKE2A=
41,63,xsUP4qDjqND1UdzDtHsmtcJmwTc=,rTtBvgErosg4jF4bJ4EkB/H9BSc=
42,63,xsUP4qDjqND1UdzDtHsmtcJmwTc=,rTtBvgErosg4jF4bJ4EkB/H9BSc=
43,63,xsUP4qDjqND1UdzDtHsmtcJmwTc=,rTtBvgErosg4jF4bJ4EkB/H9BSc=
44,63,xsUP4qDjqND1UdzDtHsmtcJmwTc=,rTtBvgErosg4jF4bJ4EkB/H9BSc=
45,63,xsUP4qDjqND1UdzDtHsmtcJmwTc=,rTtBvgErosg4jF4bJ4EkB/H9BSc=
46,63,xsUP4qDjqND1UdzDtHsmtcJmwTc=,rTtBvgErosg4jF4bJ4EkB/H9BSc=
36,63,xsUP4qDjqND1UdzDtHsmtcJmwTc=,BGdLM4U/u2ozQXI4tfWRADK02lA=
37,63,xsUP4qDjqND1UdzDtHsmtcJmwTc=,BGdLM4U/u2ozQXI4tfWRADK02lA=
38,63,xsUP4qDjqND1UdzDtHsmtcJmwTc=,BGdLM4U/u2ozQXI4tfWRADK02lA=
39,63,xsUP4qDjqND1UdzDtHsmtcJmwTc=,BGdLM4U/u2ozQXI4tfWRADK02lA=
40,63,xsUP4qDjqND1UdzDtHsmtcJmwTc=,rTtBvgErosg4jF4bJ4EkB/H9BSc=
33,63,xsUP4qDjqND1UdzDtHsmtcJmwTc=,BGdLM4U/u2ozQXI4tfWRADK02lA=
34,63,xsUP4qDjqND1UdzDtHsmtcJmwTc=,BGdLM4U/u2ozQXI4tfWRADK02lA=
35,63,xsUP4qDjqND1UdzDtHsmtcJmwTc=,BGdLM4U/u2ozQXI4tfWRADK02lA=
32,63,xsUP4qDjqND1UdzDtHsmtcJmwTc=,BGdLM4U/u2ozQXI4tfWRADK02lA=
47,61,xsUP4qDjqND1UdzDtHsmtcJmwTc=,rTtBvgErosg4jF4bJ4EkB/H9BSc=
37,58,xsUP4qDjqND1UdzDtHsmtcJmwTc=,BGdLM4U/u2ozQXI4tfWRADK02lA=
47,56,xsUP4qDjqND1UdzDtHsmtcJmwTc=,rTtBvgErosg4jF4bJ4EkB/H9BSc=
47,62,xsUP4qDjqND1UdzDtHsmtcJmwTc=,rTtBvgErosg4jF4bJ4EkB/H9BSc=
47,57,xsUP4qDjqND1UdzDtHsmtcJmwTc=,rTtBvgErosg4jF4bJ4EkB/H9BSc=
47,63,xsUP4qDjqND1UdzDtHsmtcJmwTc=,rTtBvgErosg4jF4bJ4EkB/H9BSc=
47,58,xsUP4qDjqND1UdzDtHsmtcJmwTc=,rTtBvgErosg4jF4bJ4EkB/H9BSc=
47,59,xsUP4qDjqND1UdzDtHsmtcJmwTc=,rTtBvgErosg4jF4bJ4EkB/H9BSc=
47,60,xsUP4qDjqND1UdzDtHsmtcJmwTc=,rTtBvgErosg4jF4bJ4EkB/H9BSc=
47,55,xsUP4qDjqND1UdzDtHsmtcJmwTc=,eMnLcpZVZz00mCdadS6O7ZlKE2A=
36,58,xsUP4qDjqND1UdzDtHsmtcJmwTc=,BGdLM4U/u2ozQXI4tfWRADK02lA=
35,58,xsUP4qDjqND1UdzDtHsmtcJmwTc=,BGdLM4U/u2ozQXI4tfWRADK02lA=
34,58,xsUP4qDjqND1UdzDtHsmtcJmwTc=,BGdLM4U/u2ozQXI4tfWRADK02lA=
33,58,xsUP4qDjqND1UdzDtHsmtcJmwTc=,BGdLM4U/u2ozQXI4tfWRADK02lA=
36,55,xsUP4qDjqND1UdzDtHsmtcJmwTc=,HlmFILNq6DPbVl0XUM7xir2OLRM=
33,52,xsUP4qDjqND1UdzDtHsmtcJmwTc=,HlmFILNq6DPbVl0XUM7xir2OLRM=
35,55,xsUP4qDjqND1UdzDtHsmtcJmwTc=,HlmFILNq6DPbVl0XUM7xir2OLRM=
33,53,xsUP4qDjqND1UdzDtHsmtcJmwTc=,HlmFILNq6DPbVl0XUM7xir2OLRM=
37,55,xsUP4qDjqND1UdzDtHsmtcJmwTc=,HlmFILNq6DPbVl0XUM7xir2OLRM=
34,55,xsUP4qDjqND1UdzDtHsmtcJmwTc=,HlmFILNq6DPbVl0XUM7xir2OLRM=
40,51,xsUP4qDjqND1UdzDtHsmtcJmwTc=,eMnLcpZVZz00mCdadS6O7ZlKE2A=
32,51,xsUP4qDjqND1UdzDtHsmtcJmwTc=,HlmFILNq6DPbVl0XUM7xir2OLRM=
38,55,xsUP4qDjqND1UdzDtHsmtcJmwTc=,HlmFILNq6DPbVl0XUM7xir2OLRM=
37,54,xsUP4qDjqND1UdzDtHsmtcJmwTc=,HlmFILNq6DPbVl0XUM7xir2OLRM=
33,55,xsUP4qDjqND1UdzDtHsmtcJmwTc=,HlmFILNq6DPbVl0XUM7xir2OLRM=
32,55,xsUP4qDjqND1UdzDtHsmtcJmwTc=,HlmFILNq6DPbVl0XUM7xir2OLRM=
35,49,xsUP4qDjqND1UdzDtHsmtcJmwTc=,HlmFILNq6DPbVl0XUM7xir2OLRM=
39,54,xsUP4qDjqND1UdzDtHsmtcJmwTc=,HlmFILNq6DPbVl0XUM7xir2OLRM=
38,54,xsUP4qDjqND1UdzDtHsmtcJmwTc=,HlmFILNq6DPbVl0XUM7xir2OLRM=
33,48,xsUP4qDjqND1UdzDtHsmtcJmwTc=,HlmFILNq6DPbVl0XUM7xir2OLRM=
36,49,xsUP4qDjqND1UdzDtHsmtcJmwTc=,HlmFILNq6DPbVl0XUM7xir2OLRM=
40,50,xsUP4qDjqND1UdzDtHsmtcJmwTc=,eMnLcpZVZz00mCdadS6O7ZlKE2A=
35,54,xsUP4qDjqND1UdzDtHsmtcJmwTc=,HlmFILNq6DPbVl0XUM7xir2OLRM=
39,50,xsUP4qDjqND1UdzDtHsmtcJmwTc=,HlmFILNq6DPbVl0XUM7xir2OLRM=
40,52,xsUP4qDjqND1UdzDtHsmtcJmwTc=,eMnLcpZVZz00mCdadS6O7ZlKE2A=
34,49,xsUP4qDjqND1UdzDtHsmtcJmwTc=,HlmFILNq6DPbVl0XUM7xir2OLRM=
32,52,xsUP4qDjqND1UdzDtHsmtcJmwTc=,HlmFILNq6DPbVl0XUM7xir2OLRM=
40,49,xsUP4qDjqND1UdzDtHsmtcJmwTc=,eMnLcpZVZz00mCdadS6O7ZlKE2A=
34,51,xsUP4qDjqND1UdzDtHsmtcJmwTc=,HlmFILNq6DPbVl0XUM7xir2OLRM=
40,55,xsUP4qDjqND1UdzDtHsmtcJmwTc=,eMnLcpZVZz00mCdadS6O7ZlKE2A=
38,50,xsUP4qDjqND1UdzDtHsmtcJmwTc=,HlmFILNq6DPbVl0XUM7xir2OLRM=
39,51,xsUP4qDjqND1UdzDtHsmtcJmwTc=,HlmFILNq6DPbVl0XUM7xir2OLRM=
37,49,xsUP4qDjqND1UdzDtHsmtcJmwTc=,HlmFILNq6DPbVl0XUM7xir2OLRM=
33,49,xsUP4qDjqND1UdzDtHsmtcJmwTc=,HlmFILNq6DPbVl0XUM7xir2OLRM=
34,54,xsUP4qDjqND1UdzDtHsmtcJmwTc=,HlmFILNq6DPbVl0XUM7xir2OLRM=
39,55,xsUP4qDjqND1UdzDtHsmtcJmwTc=,HlmFILNq6DPbVl0XUM7xir2OLRM=
38,51,xsUP4qDjqND1UdzDtHsmtcJmwTc=,HlmFILNq6DPbVl0XUM7xir2OLRM=
32,48,xsUP4qDjqND1UdzDtHsmtcJmwTc=,HlmFILNq6DPbVl0XUM7xir2OLRM=
35,50,xsUP4qDjqND1UdzDtHsmtcJmwTc=,HlmFILNq6DPbVl0XUM7xir2OLRM=
37,50,xsUP4qDjqND1UdzDtHsmtcJmwTc=,HlmFILNq6DPbVl0XUM7xir2OLRM=
32,56,xsUP4qDjqND1UdzDtHsmtcJmwTc=,BGdLM4U/u2ozQXI4tfWRADK02lA=
40,48,xsUP4qDjqND1UdzDtHsmtcJmwTc=,eMnLcpZVZz00mCdadS6O7ZlKE2A=
40,54,xsUP4qDjqND1UdzDtHsmtcJmwTc=,eMnLcpZVZz00mCdadS6O7ZlKE2A=
39,48,xsUP4qDjqND1UdzDtHsmtcJmwTc=,HlmFILNq6DPbVl0XUM7xir2OLRM=
34,50,xsUP4qDjqND1UdzDtHsmtcJmwTc=,HlmFILNq6DPbVl0XUM7xir2OLRM=
37,51,xsUP4qDjqND1UdzDtHsmtcJmwTc=,HlmFILNq6DPbVl0XUM7xir2OLRM=
33,56,xsUP4qDjqND1UdzDtHsmtcJmwTc=,BGdLM4U/u2ozQXI4tfWRADK02lA=
39,53,xsUP4qDjqND1UdzDtHsmtcJmwTc=,HlmFILNq6DPbVl0XUM7xir2OLRM=
38,48,xsUP4qDjqND1UdzDtHsmtcJmwTc=,HlmFILNq6DPbVl0XUM7xir2OLRM=
34,56,xsUP4qDjqND1UdzDtHsmtcJmwTc=,BGdLM4U/u2ozQXI4tfWRADK02lA=
32,49,xsUP4qDjqND1UdzDtHsmtcJmwTc=,HlmFILNq6DPbVl0XUM7xir2OLRM=
33,50,xsUP4qDjqND1UdzDtHsmtcJmwTc=,HlmFILNq6DPbVl0XUM7xir2OLRM=
38,53,xsUP4qDjqND1UdzDtHsmtcJmwTc=,HlmFILNq6DPbVl0XUM7xir2OLRM=
36,54,xsUP4qDjqND1UdzDtHsmtcJmwTc=,HlmFILNq6DPbVl0XUM7xir2OLRM=
36,50,xsUP4qDjqND1UdzDtHsmtcJmwTc=,HlmFILNq6DPbVl0XUM7xir2OLRM=
37,48,xsUP4qDjqND1UdzDtHsmtcJmwTc=,HlmFILNq6DPbVl0XUM7xir2OLRM=
36,53,xsUP4qDjqND1UdzDtHsmtcJmwTc=,HlmFILNq6DPbVl0XUM7xir2OLRM=
35,53,xsUP4qDjqND1UdzDtHsmtcJmwTc=,HlmFILNq6DPbVl0XUM7xir2OLRM=
34,53,xsUP4qDjqND1UdzDtHsmtcJmwTc=,HlmFILNq6DPbVl0XUM7xir2OLRM=
37,53,xsUP4qDjqND1UdzDtHsmtcJmwTc=,HlmFILNq6DPbVl0XUM7xir2OLRM=
33,51,xsUP4qDjqND1UdzDtHsmtcJmwTc=,HlmFILNq6DPbVl0XUM7xir2OLRM=
36,51,xsUP4qDjqND1UdzDtHsmtcJmwTc=,HlmFILNq6DPbVl0XUM7xir2OLRM=
32,50,xsUP4qDjqND1UdzDtHsmtcJmwTc=,HlmFILNq6DPbVl0XUM7xir2OLRM=
35,48,xsUP4qDjqND1UdzDtHsmtcJmwTc=,HlmFILNq6DPbVl0XUM7xir2OLRM=
35,56,xsUP4qDjqND1UdzDtHsmtcJmwTc=,BGdLM4U/u2ozQXI4tfWRADK02lA=
32,53,xsUP4qDjqND1UdzDtHsmtcJmwTc=,HlmFILNq6DPbVl0XUM7xir2OLRM=
39,52,xsUP4qDjqND1UdzDtHsmtcJmwTc=,HlmFILNq6DPbVl0XUM7xir2OLRM=
40,53,xsUP4qDjqND1UdzDtHsmtcJmwTc=,eMnLcpZVZz00mCdadS6O7ZlKE2A=
34,48,xsUP4qDjqND1UdzDtHsmtcJmwTc=,HlmFILNq6DPbVl0XUM7xir2OLRM=
38,52,xsUP4qDjqND1UdzDtHsmtcJmwTc=,HlmFILNq6DPbVl0XUM7xir2OLRM=
37,52,xsUP4qDjqND1UdzDtHsmtcJmwTc=,HlmFILNq6DPbVl0XUM7xir2OLRM=
36,52,xsUP4qDjqND1UdzDtHsmtcJmwTc=,HlmFILNq6DPbVl0XUM7xir2OLRM=
33,54,xsUP4qDjqND1UdzDtHsmtcJmwTc=,HlmFILNq6DPbVl0XUM7xir2OLRM=
38,49,xsUP4qDjqND1UdzDtHsmtcJmwTc=,HlmFILNq6DPbVl0XUM7xir2OLRM=
35,52,xsUP4qDjqND1UdzDtHsmtcJmwTc=,HlmFILNq6DPbVl0XUM7xir2OLRM=
34,52,xsUP4qDjqND1UdzDtHsmtcJmwTc=,HlmFILNq6DPbVl0XUM7xir2OLRM=
35,51,xsUP4qDjqND1UdzDtHsmtcJmwTc=,HlmFILNq6DPbVl0XUM7xir2OLRM=
40,56,xsUP4qDjqND1UdzDtHsmtcJmwTc=,rTtBvgErosg4jF4bJ4EkB/H9BSc=
32,54,xsUP4qDjqND1UdzDtHsmtcJmwTc=,HlmFILNq6DPbVl0XUM7xir2OLRM=
39,56,xsUP4qDjqND1UdzDtHsmtcJmwTc=,BGdLM4U/u2ozQXI4tfWRADK02lA=
38,56,xsUP4qDjqND1UdzDtHsmtcJmwTc=,BGdLM4U/u2ozQXI4tfWRADK02lA=
37,56,xsUP4qDjqND1UdzDtHsmtcJmwTc=,BGdLM4U/u2ozQXI4tfWRADK02lA=
36,48,xsUP4qDjqND1UdzDtHsmtcJmwTc=,HlmFILNq6DPbVl0XUM7xir2OLRM=
39,49,xsUP4qDjqND1UdzDtHsmtcJmwTc=,HlmFILNq6DPbVl0XUM7xir2OLRM=
36,56,xsUP4qDjqND1UdzDtHsmtcJmwTc=,BGdLM4U/u2ozQXI4tfWRADK02lA=
60,61,wC0LAqkfz+qflu7wifIjeU1kVsU=,MVgNUJX1wSMt5ViBj/bbq03R/WQ=
61,61,wC0LAqkfz+qflu7wifIjeU1kVsU=,MVgNUJX1wSMt5ViBj/bbq03R/WQ=
62,61,wC0LAqkfz+qflu7wifIjeU1kVsU=,MVgNUJX1wSMt5ViBj/bbq03R/WQ=
57,62,wC0LAqkfz+qflu7wifIjeU1kVsU=,MVgNUJX1wSMt5ViBj/bbq03R/WQ=
58,62,wC0LAqkfz+qflu7wifIjeU1kVsU=,MVgNUJX1wSMt5ViBj/bbq03R/WQ=
57,57,wC0LAqkfz+qflu7wifIjeU1kVsU=,MVgNUJX1wSMt5ViBj/bbq03R/WQ=
58,57,wC0LAqkfz+qflu7wifIjeU1kVsU=,MVgNUJX1wSMt5ViBj/bbq03R/WQ=
59,62,wC0LAqkfz+qflu7wifIjeU1kVsU=,MVgNUJX1wSMt5ViBj/bbq03R/WQ=
60,62,wC0LAqkfz+qflu7wifIjeU1kVsU=,MVgNUJX1wSMt5ViBj/bbq03R/WQ=
61,62,wC0LAqkfz+qflu7wifIjeU1kVsU=,MVgNUJX1wSMt5ViBj/bbq03R/WQ=
59,61,wC0LAqkfz+qflu7wifIjeU1kVsU=,MVgNUJX1wSMt5ViBj/bbq03R/WQ=
58,61,wC0LAqkfz+qflu7wifIjeU1kVsU=,MVgNUJX1wSMt5ViBj/bbq03R/WQ=
57,61,wC0LAqkfz+qflu7wifIjeU1kVsU=,MVgNUJX1wSMt5ViBj/bbq03R/WQ=
62,60,wC0LAqkfz+qflu7wifIjeU1kVsU=,MVgNUJX1wSMt5ViBj/bbq03R/WQ=
61,60,wC0LAqkfz+qflu7wifIjeU1kVsU=,MVgNUJX1wSMt5ViBj/bbq03R/WQ=
60,60,wC0LAqkfz+qflu7wifIjeU1kVsU=,MVgNUJX1wSMt5ViBj/bbq03R/WQ=
62,59,wC0LAqkfz+qflu7wifIjeU1kVsU=,MVgNUJX1wSMt5ViBj/bbq03R/WQ=
61,59,wC0LAqkfz+qflu7wifIjeU1kVsU=,MVgNUJX1wSMt5ViBj/bbq03R/WQ=
59,60,wC0LAqkfz+qflu7wifIjeU1kVsU=,MVgNUJX1wSMt5ViBj/bbq03R/WQ=
58,60,wC0LAqkfz+qflu7wifIjeU1kVsU=,MVgNUJX1wSMt5ViBj/bbq03R/WQ=
57,60,wC0LAqkfz+qflu7wifIjeU1kVsU=,MVgNUJX1wSMt5ViBj/bbq03R/WQ=
60,59,wC0LAqkfz+qflu7wifIjeU1kVsU=,MVgNUJX1wSMt5ViBj/bbq03R/WQ=
62,58,wC0LAqkfz+qflu7wifIjeU1kVsU=,MVgNUJX1wSMt5ViBj/bbq03R/WQ=
61,58,wC0LAqkfz+qflu7wifIjeU1kVsU=,MVgNUJX1wSMt5ViBj/bbq03R/WQ=
59,59,wC0LAqkfz+qflu7wifIjeU1kVsU=,MVgNUJX1wSMt5ViBj/bbq03R/WQ=
58,59,wC0LAqkfz+qflu7wifIjeU1kVsU=,MVgNUJX1wSMt5ViBj/bbq03R/WQ=
57,59,wC0LAqkfz+qflu7wifIjeU1kVsU=,MVgNUJX1wSMt5ViBj/bbq03R/WQ=
60,58,wC0LAqkfz+qflu7wifIjeU1kVsU=,MVgNUJX1wSMt5ViBj/bbq03R/WQ=
62,57,wC0LAqkfz+qflu7wifIjeU1kVsU=,MVgNUJX1wSMt5ViBj/bbq03R/WQ=
61,57,wC0LAqkfz+qflu7wifIjeU1kVsU=,MVgNUJX1wSMt5ViBj/bbq03R/WQ=
59,58,wC0LAqkfz+qflu7wifIjeU1kVsU=,MVgNUJX1wSMt5ViBj/bbq03R/WQ=
58,58,wC0LAqkfz+qflu7wifIjeU1kVsU=,MVgNUJX1wSMt5ViBj/bbq03R/WQ=
62,62,wC0LAqkfz+qflu7wifIjeU1kVsU=,MVgNUJX1wSMt5ViBj/bbq03R/WQ=
57,58,wC0LAqkfz+qflu7wifIjeU1kVsU=,MVgNUJX1wSMt5ViBj/bbq03R/WQ=
60,57,wC0LAqkfz+qflu7wifIjeU1kVsU=,MVgNUJX1wSMt5ViBj/bbq03R/WQ=
59,57,wC0LAqkfz+qflu7wifIjeU1kVsU=,MVgNUJX1wSMt5ViBj/bbq03R/WQ=
60,51,wC0LAqkfz+qflu7wifIjeU1kVsU=,mkAuOkQGYRyPWAIbJ/Zw34UqaLk=
61,51,wC0LAqkfz+qflu7wifIjeU1kVsU=,mkAuOkQGYRyPWAIbJ/Zw34UqaLk=
62,51,wC0LAqkfz+qflu7wifIjeU1kVsU=,mkAuOkQGYRyPWAIbJ/Zw34UqaLk=
63,51,wC0LAqkfz+qflu7wifIjeU1kVsU=,mkAuOkQGYRyPWAIbJ/Zw34UqaLk=
57,52,wC0LAqkfz+qflu7wifIjeU1kVsU=,mkAuOkQGYRyPWAIbJ/Zw34UqaLk=
52,63,wC0LAqkfz+qflu7wifIjeU1kVsU=,hROpw6Yr35htjvgTYhCbH5C95qw=
57,56,wC0LAqkfz+qflu7wifIjeU1kVsU=,MVgNUJX1wSMt5ViBj/bbq03R/WQ=
58,56,wC0LAqkfz+qflu7wifIjeU1kVsU=,MVgNUJX1wSMt5ViBj/bbq03R/WQ=
59,56,wC0LAqkfz+qflu7wifIjeU1kVsU=,MVgNUJX1wSMt5ViBj/bbq03R/WQ=
60,56,wC0LAqkfz+qflu7wifIjeU1kVsU=,MVgNUJX1wSMt5ViBj/bbq03R/WQ=
57,48,wC0LAqkfz+qflu7wifIjeU1kVsU=,mkAuOkQGYRyPWAIbJ/Zw34UqaLk=
58,52,wC0LAqkfz+qflu7wifIjeU1kVsU=,mkAuOkQGYRyPWAIbJ/Zw34UqaLk=
58,48,wC0LAqkfz+qflu7wifIjeU1kVsU=,mkAuOkQGYRyPWAIbJ/Zw34UqaLk=
59,52,wC0LAqkfz+qflu7wifIjeU1kVsU=,mkAuOkQGYRyPWAIbJ/Zw34UqaLk=
61,56,wC0LAqkfz+qflu7wifIjeU1kVsU=,MVgNUJX1wSMt5ViBj/bbq03R/WQ=
62,56,wC0LAqkfz+qflu7wifIjeU1kVsU=,MVgNUJX1wSMt5ViBj/bbq03R/WQ=
59,48,wC0LAqkfz+qflu7wifIjeU1kVsU=,mkAuOkQGYRyPWAIbJ/Zw34UqaLk=
60,52,wC0LAqkfz+qflu7wifIjeU1kVsU=,mkAuOkQGYRyPWAIbJ/Zw34UqaLk=
61,52,wC0LAqkfz+qflu7wifIjeU1kVsU=,mkAuOkQGYRyPWAIbJ/Zw34UqaLk=
62,52,wC0LAqkfz+qflu7wifIjeU1kVsU=,mkAuOkQGYRyPWAIbJ/Zw34UqaLk=
63,52,wC0LAqkfz+qflu7wifIjeU1kVsU=,mkAuOkQGYRyPWAIbJ/Zw34UqaLk=
60,48,wC0LAqkfz+qflu7wifIjeU1kVsU=,mkAuOkQGYRyPWAIbJ/Zw34UqaLk=
61,48,wC0LAqkfz+qflu7wifIjeU1kVsU=,mkAuOkQGYRyPWAIbJ/Zw34UqaLk=
62,48,wC0LAqkfz+qflu7wifIjeU1kVsU=,mkAuOkQGYRyPWAIbJ/Zw34UqaLk=
57,53,wC0LAqkfz+qflu7wifIjeU1kVsU=,mkAuOkQGYRyPWAIbJ/Zw34UqaLk=
58,53,wC0LAqkfz+qflu7wifIjeU1kVsU=,mkAuOkQGYRyPWAIbJ/Zw34UqaLk=
59,53,wC0LAqkfz+qflu7wifIjeU1kVsU=,mkAuOkQGYRyPWAIbJ/Zw34UqaLk=
60,53,wC0LAqkfz+qflu7wifIjeU1kVsU=,mkAuOkQGYRyPWAIbJ/Zw34UqaLk=
61,53,wC0LAqkfz+qflu7wifIjeU1kVsU=,mkAuOkQGYRyPWAIbJ/Zw34UqaLk=
62,53,wC0LAqkfz+qflu7wifIjeU1kVsU=,mkAuOkQGYRyPWAIbJ/Zw34UqaLk=
63,53,wC0LAqkfz+qflu7wifIjeU1kVsU=,mkAuOkQGYRyPWAIbJ/Zw34UqaLk=
57,54,wC0LAqkfz+qflu7wifIjeU1kVsU=,mkAuOkQGYRyPWAIbJ/Zw34UqaLk=
58,54,wC0LAqkfz+qflu7wifIjeU1kVsU=,mkAuOkQGYRyPWAIbJ/Zw34UqaLk=
59,54,wC0LAqkfz+qflu7wifIjeU1kVsU=,mkAuOkQGYRyPWAIbJ/Zw34UqaLk=
60,54,wC0LAqkfz+qflu7wifIjeU1kVsU=,mkAuOkQGYRyPWAIbJ/Zw34UqaLk=
62,54,wC0LAqkfz+qflu7wifIjeU1kVsU=,mkAuOkQGYRyPWAIbJ/Zw34UqaLk=
61,54,wC0LAqkfz+qflu7wifIjeU1kVsU=,mkAuOkQGYRyPWAIbJ/Zw34UqaLk=
57,49,wC0LAqkfz+qflu7wifIjeU1kVsU=,mkAuOkQGYRyPWAIbJ/Zw34UqaLk=
63,54,wC0LAqkfz+qflu7wifIjeU1kVsU=,mkAuOkQGYRyPWAIbJ/Zw34UqaLk=
59,49,wC0LAqkfz+qflu7wifIjeU1kVsU=,mkAuOkQGYRyPWAIbJ/Zw34UqaLk=
60,49,wC0LAqkfz+qflu7wifIjeU1kVsU=,mkAuOkQGYRyPWAIbJ/Zw34UqaLk=
58,49,wC0LAqkfz+qflu7wifIjeU1kVsU=,mkAuOkQGYRyPWAIbJ/Zw34UqaLk=
62,49,wC0LAqkfz+qflu7wifIjeU1kVsU=,mkAuOkQGYRyPWAIbJ/Zw34UqaLk=
61,49,wC0LAqkfz+qflu7wifIjeU1kVsU=,mkAuOkQGYRyPWAIbJ/Zw34UqaLk=
63,49,wC0LAqkfz+qflu7wifIjeU1kVsU=,mkAuOkQGYRyPWAIbJ/Zw34UqaLk=
57,50,wC0LAqkfz+qflu7wifIjeU1kVsU=,mkAuOkQGYRyPWAIbJ/Zw34UqaLk=
58,50,wC0LAqkfz+qflu7wifIjeU1kVsU=,mkAuOkQGYRyPWAIbJ/Zw34UqaLk=
59,50,wC0LAqkfz+qflu7wifIjeU1kVsU=,mkAuOkQGYRyPWAIbJ/Zw34UqaLk=
61,50,wC0LAqkfz+qflu7wifIjeU1kVsU=,mkAuOkQGYRyPWAIbJ/Zw34UqaLk=
60,50,wC0LAqkfz+qflu7wifIjeU1kVsU=,mkAuOkQGYRyPWAIbJ/Zw34UqaLk=
57,55,wC0LAqkfz+qflu7wifIjeU1kVsU=,mkAuOkQGYRyPWAIbJ/Zw34UqaLk=
63,50,wC0LAqkfz+qflu7wifIjeU1kVsU=,mkAuOkQGYRyPWAIbJ/Zw34UqaLk=
62,50,wC0LAqkfz+qflu7wifIjeU1kVsU=,mkAuOkQGYRyPWAIbJ/Zw34UqaLk=
58,55,wC0LAqkfz+qflu7wifIjeU1kVsU=,mkAuOkQGYRyPWAIbJ/Zw34UqaLk=
59,55,wC0LAqkfz+qflu7wifIjeU1kVsU=,mkAuOkQGYRyPWAIbJ/Zw34UqaLk=
60,55,wC0LAqkfz+qflu7wifIjeU1kVsU=,mkAuOkQGYRyPWAIbJ/Zw34UqaLk=
63,61,wC0LAqkfz+qflu7wifIjeU1kVsU=,MVgNUJX1wSMt5ViBj/bbq03R/WQ=
63,56,wC0LAqkfz+qflu7wifIjeU1kVsU=,MVgNUJX1wSMt5ViBj/bbq03R/WQ=
63,57,wC0LAqkfz+qflu7wifIjeU1kVsU=,MVgNUJX1wSMt5ViBj/bbq03R/WQ=
63,62,wC0LAqkfz+qflu7wifIjeU1kVsU=,MVgNUJX1wSMt5ViBj/bbq03R/WQ=
63,58,wC0LAqkfz+qflu7wifIjeU1kVsU=,MVgNUJX1wSMt5ViBj/bbq03R/WQ=
63,59,wC0LAqkfz+qflu7wifIjeU1kVsU=,MVgNUJX1wSMt5ViBj/bbq03R/WQ=
63,60,wC0LAqkfz+qflu7wifIjeU1kVsU=,MVgNUJX1wSMt5ViBj/bbq03R/WQ=
63,55,wC0LAqkfz+qflu7wifIjeU1kVsU=,mkAuOkQGYRyPWAIbJ/Zw34UqaLk=
48,63,wC0LAqkfz+qflu7wifIjeU1kVsU=,hROpw6Yr35htjvgTYhCbH5C95qw=
63,48,wC0LAqkfz+qflu7wifIjeU1kVsU=,mkAuOkQGYRyPWAIbJ/Zw34UqaLk=
55,63,wC0LAqkfz+qflu7wifIjeU1kVsU=,hROpw6Yr35htjvgTYhCbH5C95qw=
56,63,wC0LAqkfz+qflu7wifIjeU1kVsU=,MVgNUJX1wSMt5ViBj/bbq03R/WQ=
57,63,wC0LAqkfz+qflu7wifIjeU1kVsU=,MVgNUJX1wSMt5ViBj/bbq03R/WQ=
58,63,wC0LAqkfz+qflu7wifIjeU1kVsU=,MVgNUJX1wSMt5ViBj/bbq03R/WQ=
59,63,wC0LAqkfz+qflu7wifIjeU1kVsU=,MVgNUJX1wSMt5ViBj/bbq03R/WQ=
60,63,wC0LAqkfz+qflu7wifIjeU1kVsU=,MVgNUJX1wSMt5ViBj/bbq03R/WQ=
61,63,wC0LAqkfz+qflu7wifIjeU1kVsU=,MVgNUJX1wSMt5ViBj/bbq03R/WQ=
62,63,wC0LAqkfz+qflu7wifIjeU1kVsU=,MVgNUJX1wSMt5ViBj/bbq03R/WQ=
63,63,wC0LAqkfz+qflu7wifIjeU1kVsU=,MVgNUJX1wSMt5ViBj/bbq03R/WQ=
57,51,wC0LAqkfz+qflu7wifIjeU1kVsU=,mkAuOkQGYRyPWAIbJ/Zw34UqaLk=
61,55,wC0LAqkfz+qflu7wifIjeU1kVsU=,mkAuOkQGYRyPWAIbJ/Zw34UqaLk=
62,55,wC0LAqkfz+qflu7wifIjeU1kVsU=,mkAuOkQGYRyPWAIbJ/Zw34UqaLk=
58,51,wC0LAqkfz+qflu7wifIjeU1kVsU=,mkAuOkQGYRyPWAIbJ/Zw34UqaLk=
59,51,wC0LAqkfz+qflu7wifIjeU1kVsU=,mkAuOkQGYRyPWAIbJ/Zw34UqaLk=
50,63,wC0LAqkfz+qflu7wifIjeU1kVsU=,hROpw6Yr35htjvgTYhCbH5C95qw=
51,63,wC0LAqkfz+qflu7wifIjeU1kVsU=,hROpw6Yr35htjvgTYhCbH5C95qw=
49,63,wC0LAqkfz+qflu7wifIjeU1kVsU=,hROpw6Yr35htjvgTYhCbH5C95qw=
54,62,wC0LAqkfz+qflu7wifIjeU1kVsU=,hROpw6Yr35htjvgTYhCbH5C95qw=
53,62,wC0LAqkfz+qflu7wifIjeU1kVsU=,hROpw6Yr35htjvgTYhCbH5C95qw=
52,62,wC0LAqkfz+qflu7wifIjeU1kVsU=,hROpw6Yr35htjvgTYhCbH5C95qw=
51,62,wC0LAqkfz+qflu7wifIjeU1kVsU=,hROpw6Yr35htjvgTYhCbH5C95qw=
55,62,wC0LAqkfz+qflu7wifIjeU1kVsU=,hROpw6Yr35htjvgTYhCbH5C95qw=
50,62,wC0LAqkfz+qflu7wifIjeU1kVsU=,hROpw6Yr35htjvgTYhCbH5C95qw=
49,62,wC0LAqkfz+qflu7wifIjeU1kVsU=,hROpw6Yr35htjvgTYhCbH5C95qw=
55,61,wC0LAqkfz+qflu7wifIjeU1kVsU=,hROpw6Yr35htjvgTYhCbH5C95qw=
48,62,wC0LAqkfz+qflu7wifIjeU1kVsU=,hROpw6Yr35htjvgTYhCbH5C95qw=
54,61,wC0LAqkfz+qflu7wifIjeU1kVsU=,hROpw6Yr35htjvgTYhCbH5C95qw=
53,61,wC0LAqkfz+qflu7wifIjeU1kVsU=,hROpw6Yr35htjvgTYhCbH5C95qw=
51,61,wC0LAqkfz+qflu7wifIjeU1kVsU=,hROpw6Yr35htjvgTYhCbH5C95qw=
50,61,wC0LAqkfz+qflu7wifIjeU1kVsU=,hROpw6Yr35htjvgTYhCbH5C95qw=
52,61,wC0LAqkfz+qflu7wifIjeU1kVsU=,hROpw6Yr35htjvgTYhCbH5C95qw=
49,61,wC0LAqkfz+qflu7wifIjeU1kVsU=,hROpw6Yr35htjvgTYhCbH5C95qw=
48,61,wC0LAqkfz+qflu7wifIjeU1kVsU=,hROpw6Yr35htjvgTYhCbH5C95qw=
54,60,wC0LAqkfz+qflu7wifIjeU1kVsU=,hROpw6Yr35htjvgTYhCbH5C95qw=
53,60,wC0LAqkfz+qflu7wifIjeU1kVsU=,hROpw6Yr35htjvgTYhCbH5C95qw=
55,60,wC0LAqkfz+qflu7wifIjeU1kVsU=,hROpw6Yr35htjvgTYhCbH5C95qw=
56,61,wC0LAqkfz+qflu7wifIjeU1kVsU=,MVgNUJX1wSMt5ViBj/bbq03R/WQ=
52,60,wC0LAqkfz+qflu7wifIjeU1kVsU=,hROpw6Yr35htjvgTYhCbH5C95qw=
51,60,wC0LAqkfz+qflu7wifIjeU1kVsU=,hROpw6Yr35htjvgTYhCbH5C95qw=
50,60,wC0LAqkfz+qflu7wifIjeU1kVsU=,hROpw6Yr35htjvgTYhCbH5C95qw=
49,60,wC0LAqkfz+qflu7wifIjeU1kVsU=,hROpw6Yr35htjvgTYhCbH5C95qw=
55,59,wC0LAqkfz+qflu7wifIjeU1kVsU=,hROpw6Yr35htjvgTYhCbH5C95qw=
54,59,wC0LAqkfz+qflu7wifIjeU1kVsU=,hROpw6Yr35htjvgTYhCbH5C95qw=
53,59,wC0LAqkfz+qflu7wifIjeU1kVsU=,hROpw6Yr35htjvgTYhCbH5C95qw=
48,60,wC0LAqkfz+qflu7wifIjeU1kVsU=,hROpw6Yr35htjvgTYhCbH5C95qw=
56,60,wC0LAqkfz+qflu7wifIjeU1kVsU=,MVgNUJX1wSMt5ViBj/bbq03R/WQ=
50,59,wC0LAqkfz+qflu7wifIjeU1kVsU=,hROpw6Yr35htjvgTYhCbH5C95qw=
52,59,wC0LAqkfz+qflu7wifIjeU1kVsU=,hROpw6Yr35htjvgTYhCbH5C95qw=
51,59,wC0LAqkfz+qflu7wifIjeU1kVsU=,hROpw6Yr35htjvgTYhCbH5C95qw=
49,59,wC0LAqkfz+qflu7wifIjeU1kVsU=,hROpw6Yr35htjvgTYhCbH5C95qw=
48,59,wC0LAqkfz+qflu7wifIjeU1kVsU=,hROpw6Yr35htjvgTYhCbH5C95qw=
55,58,wC0LAqkfz+qflu7wifIjeU1kVsU=,hROpw6Yr35htjvgTYhCbH5C95qw=
52,55,wC0LAqkfz+qflu7wifIjeU1kVsU=,v0HA19WvCSHMkor1VN+kZHZOowI=
53,58,wC0LAqkfz+qflu7wifIjeU1kVsU=,hROpw6Yr35htjvgTYhCbH5C95qw=
54,58,wC0LAqkfz+qflu7wifIjeU1kVsU=,hROpw6Yr35htjvgTYhCbH5C95qw=
54,52,wC0LAqkfz+qflu7wifIjeU1kVsU=,v0HA19WvCSHMkor1VN+kZHZOowI=
53,52,wC0LAqkfz+qflu7wifIjeU1kVsU=,v0HA19WvCSHMkor1VN+kZHZOowI=
55,51,wC0LAqkfz+qflu7wifIjeU1kVsU=,v0HA19WvCSHMkor1VN+kZHZOowI=
51,58,wC0LAqkfz+qflu7wifIjeU1kVsU=,hROpw6Yr35htjvgTYhCbH5C95qw=
52,58,wC0LAqkfz+qflu7wifIjeU1kVsU=,hROpw6Yr35htjvgTYhCbH5C95qw=
52,52,wC0LAqkfz+qflu7wifIjeU1kVsU=,v0HA19WvCSHMkor1VN+kZHZOowI=
50,58,wC0LAqkfz+qflu7wifIjeU1kVsU=,hROpw6Yr35htjvgTYhCbH5C95qw=
56,59,wC0LAqkfz+qflu7wifIjeU1kVsU=,MVgNUJX1wSMt5ViBj/bbq03R/WQ=
48,52,wC0LAqkfz+qflu7wifIjeU1kVsU=,v0HA19WvCSHMkor1VN+kZHZOowI=
51,52,wC0LAqkfz+qflu7wifIjeU1kVsU=,v0HA19WvCSHMkor1VN+kZHZOowI=
49,58,wC0LAqkfz+qflu7wifIjeU1kVsU=,hROpw6Yr35htjvgTYhCbH5C95qw=
50,52,wC0LAqkfz+qflu7wifIjeU1kVsU=,v0HA19WvCSHMkor1VN+kZHZOowI=
48,58,wC0LAqkfz+qflu7wifIjeU1kVsU=,hROpw6Yr35htjvgTYhCbH5C95qw=
49,52,wC0LAqkfz+qflu7wifIjeU1kVsU=,v0HA19WvCSHMkor1VN+kZHZOowI=
55,57,wC0LAqkfz+qflu7wifIjeU1kVsU=,hROpw6Yr35htjvgTYhCbH5C95qw=
53,57,wC0LAqkfz+qflu7wifIjeU1kVsU=,hROpw6Yr35htjvgTYhCbH5C95qw=
54,51,wC0LAqkfz+qflu7wifIjeU1kVsU=,v0HA19WvCSHMkor1VN+kZHZOowI=
53,55,wC0LAqkfz+qflu7wifIjeU1kVsU=,v0HA19WvCSHMkor1VN+kZHZOowI=
54,57,wC0LAqkfz+qflu7wifIjeU1kVsU=,hROpw6Yr35htjvgTYhCbH5C95qw=
51,55,wC0LAqkfz+qflu7wifIjeU1kVsU=,v0HA19WvCSHMkor1VN+kZHZOowI=
50,55,wC0LAqkfz+qflu7wifIjeU1kVsU=,v0HA19WvCSHMkor1VN+kZHZOowI=
52,57,wC0LAqkfz+qflu7wifIjeU1kVsU=,hROpw6Yr35htjvgTYhCbH5C95qw=
49,55,wC0LAqkfz+qflu7wifIjeU1kVsU=,v0HA19WvCSHMkor1VN+kZHZOowI=
54,55,wC0LAqkfz+qflu7wifIjeU1kVsU=,v0HA19WvCSHMkor1VN+kZHZOowI=
50,57,wC0LAqkfz+qflu7wifIjeU1kVsU=,hROpw6Yr35htjvgTYhCbH5C95qw=
49,57,wC0LAqkfz+qflu7wifIjeU1kVsU=,hROpw6Yr35htjvgTYhCbH5C95qw=
48,55,wC0LAqkfz+qflu7wifIjeU1kVsU=,v0HA19WvCSHMkor1VN+kZHZOowI=
48,48,wC0LAqkfz+qflu7wifIjeU1kVsU=,v0HA19WvCSHMkor1VN+kZHZOowI=
55,54,wC0LAqkfz+qflu7wifIjeU1kVsU=,v0HA19WvCSHMkor1VN+kZHZOowI=
53,54,wC0LAqkfz+qflu7wifIjeU1kVsU=,v0HA19WvCSHMkor1VN+kZHZOowI=
54,54,wC0LAqkfz+qflu7wifIjeU1kVsU=,v0HA19WvCSHMkor1VN+kZHZOowI=
55,52,wC0LAqkfz+qflu7wifIjeU1kVsU=,v0HA19WvCSHMkor1VN+kZHZOowI=
56,58,wC0LAqkfz+qflu7wifIjeU1kVsU=,MVgNUJX1wSMt5ViBj/bbq03R/WQ=
48,53,wC0LAqkfz+qflu7wifIjeU1kVsU=,v0HA19WvCSHMkor1VN+kZHZOowI=
56,51,wC0LAqkfz+qflu7wifIjeU1kVsU=,mkAuOkQGYRyPWAIbJ/Zw34UqaLk=
56,57,wC0LAqkfz+qflu7wifIjeU1kVsU=,MVgNUJX1wSMt5ViBj/bbq03R/WQ=
48,57,wC0LAqkfz+qflu7wifIjeU1kVsU=,hROpw6Yr35htjvgTYhCbH5C95qw=
56,62,wC0LAqkfz+qflu7wifIjeU1kVsU=,MVgNUJX1wSMt5ViBj/bbq03R/WQ=
54,63,wC0LAqkfz+qflu7wifIjeU1kVsU=,hROpw6Yr35htjvgTYhCbH5C95qw=
55,55,wC0LAqkfz+qflu7wifIjeU1kVsU=,v0HA19WvCSHMkor1VN+kZHZOowI=
56,55,wC0LAqkfz+qflu7wifIjeU1kVsU=,mkAuOkQGYRyPWAIbJ/Zw34UqaLk=
48,51,wC0LAqkfz+qflu7wifIjeU1kVsU=,v0HA19WvCSHMkor1VN+kZHZOowI=
56,50,wC0LAqkfz+qflu7wifIjeU1kVsU=,mkAuOkQGYRyPWAIbJ/Zw34UqaLk=
53,63,wC0LAqkfz+qflu7wifIjeU1kVsU=,hROpw6Yr35htjvgTYhCbH5C95qw=
53,51,wC0LAqkfz+qflu7wifIjeU1kVsU=,v0HA19WvCSHMkor1VN+kZHZOowI=
48,56,wC0LAqkfz+qflu7wifIjeU1kVsU=,hROpw6Yr35htjvgTYhCbH5C95qw=
52,54,wC0LAqkfz+qflu7wifIjeU1kVsU=,v0HA19WvCSHMkor1VN+kZHZOowI=
52,51,wC0LAqkfz+qflu7wifIjeU1kVsU=,v0HA19WvCSHMkor1VN+kZHZOowI=
55,50,wC0LAqkfz+qflu7wifIjeU1kVsU=,v0HA19WvCSHMkor1VN+kZHZOowI=
54,50,wC0LAqkfz+qflu7wifIjeU1kVsU=,v0HA19WvCSHMkor1VN+kZHZOowI=
56,49,wC0LAqkfz+qflu7wifIjeU1kVsU=,mkAuOkQGYRyPWAIbJ/Zw34UqaLk=
51,54,wC0LAqkfz+qflu7wifIjeU1kVsU=,v0HA19WvCSHMkor1VN+kZHZOowI=
51,51,wC0LAqkfz+qflu7wifIjeU1kVsU=,v0HA19WvCSHMkor1VN+kZHZOowI=
49,56,wC0LAqkfz+qflu7wifIjeU1kVsU=,hROpw6Yr35htjvgTYhCbH5C95qw=
55,53,wC0LAqkfz+qflu7wifIjeU1kVsU=,v0HA19WvCSHMkor1VN+kZHZOowI=
56,56,wC0LAqkfz+qflu7wifIjeU1kVsU=,MVgNUJX1wSMt5ViBj/bbq03R/WQ=
53,50,wC0LAqkfz+qflu7wifIjeU1kVsU=,v0HA19WvCSHMkor1VN+kZHZOowI=
56,48,wC0LAqkfz+qflu7wifIjeU1kVsU=,mkAuOkQGYRyPWAIbJ/Zw34UqaLk=
50,56,wC0LAqkfz+qflu7wifIjeU1kVsU=,hROpw6Yr35htjvgTYhCbH5C95qw=
52,50,wC0LAqkfz+qflu7wifIjeU1kVsU=,v0HA19WvCSHMkor1VN+kZHZOowI=
54,53,wC0LAqkfz+qflu7wifIjeU1kVsU=,v0HA19WvCSHMkor1VN+kZHZOowI=
50,54,wC0LAqkfz+qflu7wifIjeU1kVsU=,v0HA19WvCSHMkor1VN+kZHZOowI=
51,48,wC0LAqkfz+qflu7wifIjeU1kVsU=,v0HA19WvCSHMkor1VN+kZHZOowI=
51,50,wC0LAqkfz+qflu7wifIjeU1kVsU=,v0HA19WvCSHMkor1VN+kZHZOowI=
56,54,wC0LAqkfz+qflu7wifIjeU1kVsU=,mkAuOkQGYRyPWAIbJ/Zw34UqaLk=
53,53,wC0LAqkfz+qflu7wifIjeU1kVsU=,v0HA19WvCSHMkor1VN+kZHZOowI=
56,52,wC0LAqkfz+qflu7wifIjeU1kVsU=,mkAuOkQGYRyPWAIbJ/Zw34UqaLk=
52,53,wC0LAqkfz+qflu7wifIjeU1kVsU=,v0HA19WvCSHMkor1VN+kZHZOowI=
50,50,wC0LAqkfz+qflu7wifIjeU1kVsU=,v0HA19WvCSHMkor1VN+kZHZOowI=
49,54,wC0LAqkfz+qflu7wifIjeU1kVsU=,v0HA19WvCSHMkor1VN+kZHZOowI=
49,48,wC0LAqkfz+qflu7wifIjeU1kVsU=,v0HA19WvCSHMkor1VN+kZHZOowI=
51,53,wC0LAqkfz+qflu7wifIjeU1kVsU=,v0HA19WvCSHMkor1VN+kZHZOowI=
48,50,wC0LAqkfz+qflu7wifIjeU1kVsU=,v0HA19WvCSHMkor1VN+kZHZOowI=
51,49,wC0LAqkfz+qflu7wifIjeU1kVsU=,v0HA19WvCSHMkor1VN+kZHZOowI=
50,49,wC0LAqkfz+qflu7wifIjeU1kVsU=,v0HA19WvCSHMkor1VN+kZHZOowI=
52,49,wC0LAqkfz+qflu7wifIjeU1kVsU=,v0HA19WvCSHMkor1VN+kZHZOowI=
55,56,wC0LAqkfz+qflu7wifIjeU1kVsU=,hROpw6Yr35htjvgTYhCbH5C95qw=
49,49,wC0LAqkfz+qflu7wifIjeU1kVsU=,v0HA19WvCSHMkor1VN+kZHZOowI=
51,56,wC0LAqkfz+qflu7wifIjeU1kVsU=,hROpw6Yr35htjvgTYhCbH5C95qw=
50,51,wC0LAqkfz+qflu7wifIjeU1kVsU=,v0HA19WvCSHMkor1VN+kZHZOowI=
48,49,wC0LAqkfz+qflu7wifIjeU1kVsU=,v0HA19WvCSHMkor1VN+kZHZOowI=
51,57,wC0LAqkfz+qflu7wifIjeU1kVsU=,hROpw6Yr35htjvgTYhCbH5C95qw=
55,49,wC0LAqkfz+qflu7wifIjeU1kVsU=,v0HA19WvCSHMkor1VN+kZHZOowI=
55,48,wC0LAqkfz+qflu7wifIjeU1kVsU=,v0HA19WvCSHMkor1VN+kZHZOowI=
52,56,wC0LAqkfz+qflu7wifIjeU1kVsU=,hROpw6Yr35htjvgTYhCbH5C95qw=
56,53,wC0LAqkfz+qflu7wifIjeU1kVsU=,mkAuOkQGYRyPWAIbJ/Zw34UqaLk=
50,53,wC0LAqkfz+qflu7wifIjeU1kVsU=,v0HA19WvCSHMkor1VN+kZHZOowI=
49,53,wC0LAqkfz+qflu7wifIjeU1kVsU=,v0HA19WvCSHMkor1VN+kZHZOowI=
54,48,wC0LAqkfz+qflu7wifIjeU1kVsU=,v0HA19WvCSHMkor1VN+kZHZOowI=
54,56,wC0LAqkfz+qflu7wifIjeU1kVsU=,hROpw6Yr35htjvgTYhCbH5C95qw=
53,56,wC0LAqkfz+qflu7wifIjeU1kVsU=,hROpw6Yr35htjvgTYhCbH5C95qw=
53,48,wC0LAqkfz+qflu7wifIjeU1kVsU=,v0HA19WvCSHMkor1VN+kZHZOowI=
49,50,wC0LAqkfz+qflu7wifIjeU1kVsU=,v0HA19WvCSHMkor1VN+kZHZOowI=
52,48,wC0LAqkfz+qflu7wifIjeU1kVsU=,v0HA19WvCSHMkor1VN+kZHZOowI=
48,54,wC0LAqkfz+qflu7wifIjeU1kVsU=,v0HA19WvCSHMkor1VN+kZHZOowI=
54,49,wC0LAqkfz+qflu7wifIjeU1kVsU=,v0HA19WvCSHMkor1VN+kZHZOowI=
50,48,wC0LAqkfz+qflu7wifIjeU1kVsU=,v0HA19WvCSHMkor1VN+kZHZOowI=
49,51,wC0LAqkfz+qflu7wifIjeU1kVsU=,v0HA19WvCSHMkor1VN+kZHZOowI=
53,49,wC0LAqkfz+qflu7wifIjeU1kVsU=,v0HA19WvCSHMkor1VN+kZHZOowI=
60,35,wC0LAqkfz+qflu7wifIjeU1kVsU=,NL6vPvVQ5eLm81QlGxOQ3viJhwc=
61,35,wC0LAqkfz+qflu7wifIjeU1kVsU=,NL6vPvVQ5eLm81QlGxOQ3viJhwc=
60,45,wC0LAqkfz+qflu7wifIjeU1kVsU=,e3a24EcKpYQEgAf058WhptO68BY=
61,45,wC0LAqkfz+qflu7wifIjeU1kVsU=,e3a24EcKpYQEgAf058WhptO68BY=
62,45,wC0LAqkfz+qflu7wifIjeU1kVsU=,e3a24EcKpYQEgAf058WhptO68BY=
57,46,wC0LAqkfz+qflu7wifIjeU1kVsU=,e3a24EcKpYQEgAf058WhptO68BY=
58,46,wC0LAqkfz+qflu7wifIjeU1kVsU=,e3a24EcKpYQEgAf058WhptO68BY=
57,40,wC0LAqkfz+qflu7wifIjeU1kVsU=,e3a24EcKpYQEgAf058WhptO68BY=
59,46,wC0LAqkfz+qflu7wifIjeU1kVsU=,e3a24EcKpYQEgAf058WhptO68BY=
60,46,wC0LAqkfz+qflu7wifIjeU1kVsU=,e3a24EcKpYQEgAf058WhptO68BY=
58,40,wC0LAqkfz+qflu7wifIjeU1kVsU=,e3a24EcKpYQEgAf058WhptO68BY=
61,46,wC0LAqkfz+qflu7wifIjeU1kVsU=,e3a24EcKpYQEgAf058WhptO68BY=
59,40,wC0LAqkfz+qflu7wifIjeU1kVsU=,e3a24EcKpYQEgAf058WhptO68BY=
62,46,wC0LAqkfz+qflu7wifIjeU1kVsU=,e3a24EcKpYQEgAf058WhptO68BY=
60,40,wC0LAqkfz+qflu7wifIjeU1kVsU=,e3a24EcKpYQEgAf058WhptO68BY=
61,40,wC0LAqkfz+qflu7wifIjeU1kVsU=,e3a24EcKpYQEgAf058WhptO68BY=
62,40,wC0LAqkfz+qflu7wifIjeU1kVsU=,e3a24EcKpYQEgAf058WhptO68BY=
57,41,wC0LAqkfz+qflu7wifIjeU1kVsU=,e3a24EcKpYQEgAf058WhptO68BY=
58,41,wC0LAqkfz+qflu7wifIjeU1kVsU=,e3a24EcKpYQEgAf058WhptO68BY=
59,41,wC0LAqkfz+qflu7wifIjeU1kVsU=,e3a24EcKpYQEgAf058WhptO68BY=
60,41,ySTz9i91KabH7j8qfLPINLKWC1o=,e3a24EcKpYQEgAf058WhptO68BY=
61,41,ySTz9i91KabH7j8qfLPINLKWC1o=,e3a24EcKpYQEgAf058WhptO68BY=
62,41,ySTz9i91KabH7j8qfLPINLKWC1o=,e3a24EcKpYQEgAf058WhptO68BY=
57,42,ySTz9i91KabH7j8qfLPINLKWC1o=,e3a24EcKpYQEgAf058WhptO68BY=
58,42,ySTz9i91KabH7j8qfLPINLKWC1o=,e3a24EcKpYQEgAf058WhptO68BY=
59,42,ySTz9i91KabH7j8qfLPINLKWC1o=,e3a24EcKpYQEgAf058WhptO68BY=
60,42,ySTz9i91KabH7j8qfLPINLKWC1o=,e3a24EcKpYQEgAf058WhptO68BY=
61,42,ySTz9i91KabH7j8qfLPINLKWC1o=,e3a24EcKpYQEgAf058WhptO68BY=
62,42,ySTz9i91KabH7j8qfLPINLKWC1o=,e3a24EcKpYQEgAf058WhptO68BY=
57,43,ySTz9i91KabH7j8qfLPINLKWC1o=,e3a24EcKpYQEgAf058WhptO68BY=
58,43,ySTz9i91KabH7j8qfLPINLKWC1o=,e3a24EcKpYQEgAf058WhptO68BY=
59,43,ySTz9i91KabH7j8qfLPINLKWC1o=,e3a24EcKpYQEgAf058WhptO68BY=
60,43,ySTz9i91KabH7j8qfLPINLKWC1o=,e3a24EcKpYQEgAf058WhptO68BY=
61,43,ySTz9i91KabH7j8qfLPINLKWC1o=,e3a24EcKpYQEgAf058WhptO68BY=
62,43,ySTz9i91KabH7j8qfLPINLKWC1o=,e3a24EcKpYQEgAf058WhptO68BY=
57,39,ySTz9i91KabH7j8qfLPINLKWC1o=,NL6vPvVQ5eLm81QlGxOQ3viJhwc=
58,39,ySTz9i91KabH7j8qfLPINLKWC1o=,NL6vPvVQ5eLm81QlGxOQ3viJhwc=
59,39,ySTz9i91KabH7j8qfLPINLKWC1o=,NL6vPvVQ5eLm81QlGxOQ3viJhwc=
60,39,ySTz9i91KabH7j8qfLPINLKWC1o=,NL6vPvVQ5eLm81QlGxOQ3viJhwc=
57,44,ySTz9i91KabH7j8qfLPINLKWC1o=,e3a24EcKpYQEgAf058WhptO68BY=
58,44,ySTz9i91KabH7j8qfLPINLKWC1o=,e3a24EcKpYQEgAf058WhptO68BY=
59,44,ySTz9i91KabH7j8qfLPINLKWC1o=,e3a24EcKpYQEgAf058WhptO68BY=
60,44,ySTz9i91KabH7j8qfLPINLKWC1o=,e3a24EcKpYQEgAf058WhptO68BY=
61,44,ySTz9i91KabH7j8qfLPINLKWC1o=,e3a24EcKpYQEgAf058WhptO68BY=
61,39,ySTz9i91KabH7j8qfLPINLKWC1o=,NL6vPvVQ5eLm81QlGxOQ3viJhwc=
62,39,ySTz9i91KabH7j8qfLPINLKWC1o=,NL6vPvVQ5eLm81QlGxOQ3viJhwc=
62,44,ySTz9i91KabH7j8qfLPINLKWC1o=,e3a24EcKpYQEgAf058WhptO68BY=
57,45,ySTz9i91KabH7j8qfLPINLKWC1o=,e3a24EcKpYQEgAf058WhptO68BY=
58,45,ySTz9i91KabH7j8qfLPINLKWC1o=,e3a24EcKpYQEgAf058WhptO68BY=
59,45,ySTz9i91KabH7j8qfLPINLKWC1o=,e3a24EcKpYQEgAf058WhptO68BY=
63,45,ySTz9i91KabH7j8qfLPINLKWC1o=,e3a24EcKpYQEgAf058WhptO68BY=
63,46,ySTz9i91KabH7j8qfLPINLKWC1o=,e3a24EcKpYQEgAf058WhptO68BY=
63,41,ySTz9i91KabH7j8qfLPINLKWC1o=,e3a24EcKpYQEgAf058WhptO68BY=
63,42,ySTz9i91KabH7j8qfLPINLKWC1o=,e3a24EcKpYQEgAf058WhptO68BY=
63,43,ySTz9i91KabH7j8qfLPINLKWC1o=,e3a24EcKpYQEgAf058WhptO68BY=
63,44,ySTz9i91KabH7j8qfLPINLKWC1o=,e3a24EcKpYQEgAf058WhptO68BY=
50,36,ySTz9i91KabH7j8qfLPINLKWC1o=,wdZWvA2GIwTOFyzhDtVSD7iuaX0=
49,38,ySTz9i91KabH7j8qfLPINLKWC1o=,wdZWvA2GIwTOFyzhDtVSD7iuaX0=
50,38,ySTz9i91KabH7j8qfLPINLKWC1o=,wdZWvA2GIwTOFyzhDtVSD7iuaX0=
51,34,ySTz9i91KabH7j8qfLPINLKWC1o=,wdZWvA2GIwTOFyzhDtVSD7iuaX0=
51,36,ySTz9i91KabH7j8qfLPINLKWC1o=,wdZWvA2GIwTOFyzhDtVSD7iuaX0=
52,36,ySTz9i91KabH7j8qfLPINLKWC1o=,wdZWvA2GIwTOFyzhDtVSD7iuaX0=
54,38,ySTz9i91KabH7j8qfLPINLKWC1o=,wdZWvA2GIwTOFyzhDtVSD7iuaX0=
52,34,ySTz9i91KabH7j8qfLPINLKWC1o=,wdZWvA2GIwTOFyzhDtVSD7iuaX0=
56,36,ySTz9i91KabH7j8qfLPINLKWC1o=,NL6vPvVQ5eLm81QlGxOQ3viJhwc=
51,33,ySTz9i91KabH7j8qfLPINLKWC1o=,wdZWvA2GIwTOFyzhDtVSD7iuaX0=
52,33,ySTz9i91KabH7j8qfLPINLKWC1o=,wdZWvA2GIwTOFyzhDtVSD7iuaX0=
48,38,ySTz9i91KabH7j8qfLPINLKWC1o=,wdZWvA2GIwTOFyzhDtVSD7iuaX0=
53,36,ySTz9i91KabH7j8qfLPINLKWC1o=,wdZWvA2GIwTOFyzhDtVSD7iuaX0=
59,35,ySTz9i91KabH7j8qfLPINLKWC1o=,NL6vPvVQ5eLm81QlGxOQ3viJhwc=
48,35,ySTz9i91KabH7j8qfLPINLKWC1o=,wdZWvA2GIwTOFyzhDtVSD7iuaX0=
53,34,ySTz9i91KabH7j8qfLPINLKWC1o=,wdZWvA2GIwTOFyzhDtVSD7iuaX0=
48,34,ySTz9i91KabH7j8qfLPINLKWC1o=,wdZWvA2GIwTOFyzhDtVSD7iuaX0=
54,34,ySTz9i91KabH7j8qfLPINLKWC1o=,wdZWvA2GIwTOFyzhDtVSD7iuaX0=
55,34,ySTz9i91KabH7j8qfLPINLKWC1o=,wdZWvA2GIwTOFyzhDtVSD7iuaX0=
48,33,ySTz9i91KabH7j8qfLPINLKWC1o=,wdZWvA2GIwTOFyzhDtVSD7iuaX0=
48,36,ySTz9i91KabH7j8qfLPINLKWC1o=,wdZWvA2GIwTOFyzhDtVSD7iuaX0=
55,38,ySTz9i91KabH7j8qfLPINLKWC1o=,wdZWvA2GIwTOFyzhDtVSD7iuaX0=
48,37,ySTz9i91KabH7j8qfLPINLKWC1o=,wdZWvA2GIwTOFyzhDtVSD7iuaX0=
49,35,ySTz9i91KabH7j8qfLPINLKWC1o=,wdZWvA2GIwTOFyzhDtVSD7iuaX0=
54,36,ySTz9i91KabH7j8qfLPINLKWC1o=,wdZWvA2GIwTOFyzhDtVSD7iuaX0=
58,35,ySTz9i91KabH7j8qfLPINLKWC1o=,NL6vPvVQ5eLm81QlGxOQ3viJhwc=
56,37,ySTz9i91KabH7j8qfLPINLKWC1o=,NL6vPvVQ5eLm81QlGxOQ3viJhwc=
57,47,ySTz9i91KabH7j8qfLPINLKWC1o=,e3a24EcKpYQEgAf058WhptO68BY=
58,47,ySTz9i91KabH7j8qfLPINLKWC1o=,e3a24EcKpYQEgAf058WhptO68BY=
59,47,ySTz9i91KabH7j8qfLPINLKWC1o=,e3a24EcKpYQEgAf058WhptO68BY=
55,36,ySTz9i91KabH7j8qfLPINLKWC1o=,wdZWvA2GIwTOFyzhDtVSD7iuaX0=
60,47,ySTz9i91KabH7j8qfLPINLKWC1o=,e3a24EcKpYQEgAf058WhptO68BY=
61,47,ySTz9i91KabH7j8qfLPINLKWC1o=,e3a24EcKpYQEgAf058WhptO68BY=
63,35,ySTz9i91KabH7j8qfLPINLKWC1o=,NL6vPvVQ5eLm81QlGxOQ3viJhwc=
62,47,ySTz9i91KabH7j8qfLPINLKWC1o=,e3a24EcKpYQEgAf058WhptO68BY=
63,40,ySTz9i91KabH7j8qfLPINLKWC1o=,e3a24EcKpYQEgAf058WhptO68BY=
63,36,ySTz9i91KabH7j8qfLPINLKWC1o=,NL6vPvVQ5eLm81QlGxOQ3viJhwc=
63,33,ySTz9i91KabH7j8qfLPINLKWC1o=,NL6vPvVQ5eLm81QlGxOQ3viJhwc=
63,37,ySTz9i91KabH7j8qfLPINLKWC1o=,NL6vPvVQ5eLm81QlGxOQ3viJhwc=
63,38,ySTz9i91KabH7j8qfLPINLKWC1o=,NL6vPvVQ5eLm81QlGxOQ3viJhwc=
63,34,ySTz9i91KabH7j8qfLPINLKWC1o=,NL6vPvVQ5eLm81QlGxOQ3viJhwc=
63,39,ySTz9i91KabH7j8qfLPINLKWC1o=,NL6vPvVQ5eLm81QlGxOQ3viJhwc=
50,34,ySTz9i91KabH7j8qfLPINLKWC1o=,wdZWvA2GIwTOFyzhDtVSD7iuaX0=
50,35,ySTz9i91KabH7j8qfLPINLKWC1o=,wdZWvA2GIwTOFyzhDtVSD7iuaX0=
50,37,ySTz9i91KabH7j8qfLPINLKWC1o=,wdZWvA2GIwTOFyzhDtVSD7iuaX0=
53,33,ySTz9i91KabH7j8qfLPINLKWC1o=,wdZWvA2GIwTOFyzhDtVSD7iuaX0=
54,33,ySTz9i91KabH7j8qfLPINLKWC1o=,wdZWvA2GIwTOFyzhDtVSD7iuaX0=
51,37,ySTz9i91KabH7j8qfLPINLKWC1o=,wdZWvA2GIwTOFyzhDtVSD7iuaX0=
56,33,ySTz9i91KabH7j8qfLPINLKWC1o=,NL6vPvVQ5eLm81QlGxOQ3viJhwc=
52,37,ySTz9i91KabH7j8qfLPINLKWC1o=,wdZWvA2GIwTOFyzhDtVSD7iuaX0=
55,33,ySTz9i91KabH7j8qfLPINLKWC1o=,wdZWvA2GIwTOFyzhDtVSD7iuaX0=
49,32,ySTz9i91KabH7j8qfLPINLKWC1o=,wdZWvA2GIwTOFyzhDtVSD7iuaX0=
57,35,ySTz9i91KabH7j8qfLPINLKWC1o=,NL6vPvVQ5eLm81QlGxOQ3viJhwc=
50,32,ySTz9i91KabH7j8qfLPINLKWC1o=,wdZWvA2GIwTOFyzhDtVSD7iuaX0=
53,38,ySTz9i91KabH7j8qfLPINLKWC1o=,wdZWvA2GIwTOFyzhDtVSD7iuaX0=
51,35,ySTz9i91KabH7j8qfLPINLKWC1o=,wdZWvA2GIwTOFyzhDtVSD7iuaX0=
53,37,ySTz9i91KabH7j8qfLPINLKWC1o=,wdZWvA2GIwTOFyzhDtVSD7iuaX0=
48,32,ySTz9i91KabH7j8qfLPINLKWC1o=,wdZWvA2GIwTOFyzhDtVSD7iuaX0=
61,34,ySTz9i91KabH7j8qfLPINLKWC1o=,NL6vPvVQ5eLm81QlGxOQ3viJhwc=
62,34,ySTz9i91KabH7j8qfLPINLKWC1o=,NL6vPvVQ5eLm81QlGxOQ3viJhwc=
51,32,ySTz9i91KabH7j8qfLPINLKWC1o=,wdZWvA2GIwTOFyzhDtVSD7iuaX0=
54,32,ySTz9i91KabH7j8qfLPINLKWC1o=,wdZWvA2GIwTOFyzhDtVSD7iuaX0=
60,34,ySTz9i91KabH7j8qfLPINLKWC1o=,NL6vPvVQ5eLm81QlGxOQ3viJhwc=
56,35,ySTz9i91KabH7j8qfLPINLKWC1o=,NL6vPvVQ5eLm81QlGxOQ3viJhwc=
52,35,ySTz9i91KabH7j8qfLPINLKWC1o=,wdZWvA2GIwTOFyzhDtVSD7iuaX0=
52,32,ySTz9i91KabH7j8qfLPINLKWC1o=,wdZWvA2GIwTOFyzhDtVSD7iuaX0=
56,34,ySTz9i91KabH7j8qfLPINLKWC1o=,NL6vPvVQ5eLm81QlGxOQ3viJhwc=
53,32,ySTz9i91KabH7j8qfLPINLKWC1o=,wdZWvA2GIwTOFyzhDtVSD7iuaX0=
53,35,ySTz9i91KabH7j8qfLPINLKWC1o=,wdZWvA2GIwTOFyzhDtVSD7iuaX0=
54,35,ySTz9i91KabH7j8qfLPINLKWC1o=,wdZWvA2GIwTOFyzhDtVSD7iuaX0=
52,38,ySTz9i91KabH7j8qfLPINLKWC1o=,wdZWvA2GIwTOFyzhDtVSD7iuaX0=
56,32,ySTz9i91KabH7j8qfLPINLKWC1o=,NL6vPvVQ5eLm81QlGxOQ3viJhwc=
49,36,ySTz9i91KabH7j8qfLPINLKWC1o=,wdZWvA2GIwTOFyzhDtVSD7iuaX0=
49,34,ySTz9i91KabH7j8qfLPINLKWC1o=,wdZWvA2GIwTOFyzhDtVSD7iuaX0=
49,33,ySTz9i91KabH7j8qfLPINLKWC1o=,wdZWvA2GIwTOFyzhDtVSD7iuaX0=
56,38,ySTz9i91KabH7j8qfLPINLKWC1o=,NL6vPvVQ5eLm81QlGxOQ3viJhwc=
57,32,ySTz9i91KabH7j8qfLPINLKWC1o=,NL6vPvVQ5eLm81QlGxOQ3viJhwc=
54,37,ySTz9i91KabH7j8qfLPINLKWC1o=,wdZWvA2GIwTOFyzhDtVSD7iuaX0=
55,37,ySTz9i91KabH7j8qfLPINLKWC1o=,wdZWvA2GIwTOFyzhDtVSD7iuaX0=
58,32,ySTz9i91KabH7j8qfLPINLKWC1o=,NL6vPvVQ5eLm81QlGxOQ3viJhwc=
59,32,ySTz9i91KabH7j8qfLPINLKWC1o=,NL6vPvVQ5eLm81QlGxOQ3viJhwc=
52,39,ySTz9i91KabH7j8qfLPINLKWC1o=,wdZWvA2GIwTOFyzhDtVSD7iuaX0=
49,37,ySTz9i91KabH7j8qfLPINLKWC1o=,wdZWvA2GIwTOFyzhDtVSD7iuaX0=
60,32,ySTz9i91KabH7j8qfLPINLKWC1o=,NL6vPvVQ5eLm81QlGxOQ3viJhwc=
61,32,ySTz9i91KabH7j8qfLPINLKWC1o=,NL6vPvVQ5eLm81QlGxOQ3viJhwc=
62,32,ySTz9i91KabH7j8qfLPINLKWC1o=,NL6vPvVQ5eLm81QlGxOQ3viJhwc=
55,32,ySTz9i91KabH7j8qfLPINLKWC1o=,wdZWvA2GIwTOFyzhDtVSD7iuaX0=
50,33,ySTz9i91KabH7j8qfLPINLKWC1o=,wdZWvA2GIwTOFyzhDtVSD7iuaX0=
63,32,ySTz9i91KabH7j8qfLPINLKWC1o=,NL6vPvVQ5eLm81QlGxOQ3viJhwc=
63,47,ySTz9i91KabH7j8qfLPINLKWC1o=,e3a24EcKpYQEgAf058WhptO68BY=
62,38,ySTz9i91KabH7j8qfLPINLKWC1o=,NL6vPvVQ5eLm81QlGxOQ3viJhwc=
61,38,ySTz9i91KabH7j8qfLPINLKWC1o=,NL6vPvVQ5eLm81QlGxOQ3viJhwc=
51,38,ySTz9i91KabH7j8qfLPINLKWC1o=,wdZWvA2GIwTOFyzhDtVSD7iuaX0=
55,35,ySTz9i91KabH7j8qfLPINLKWC1o=,wdZWvA2GIwTOFyzhDtVSD7iuaX0=
58,38,ySTz9i91KabH7j8qfLPINLKWC1o=,NL6vPvVQ5eLm81QlGxOQ3viJhwc=
57,38,ySTz9i91KabH7j8qfLPINLKWC1o=,NL6vPvVQ5eLm81QlGxOQ3viJhwc=
59,38,ySTz9i91KabH7j8qfLPINLKWC1o=,NL6vPvVQ5eLm81QlGxOQ3viJhwc=
59,34,ySTz9i91KabH7j8qfLPINLKWC1o=,NL6vPvVQ5eLm81QlGxOQ3viJhwc=
62,33,ySTz9i91KabH7j8qfLPINLKWC1o=,NL6vPvVQ5eLm81QlGxOQ3viJhwc=
58,34,ySTz9i91KabH7j8qfLPINLKWC1o=,NL6vPvVQ5eLm81QlGxOQ3viJhwc=
62,37,ySTz9i91KabH7j8qfLPINLKWC1o=,NL6vPvVQ5eLm81QlGxOQ3viJhwc=
61,37,ySTz9i91KabH7j8qfLPINLKWC1o=,NL6vPvVQ5eLm81QlGxOQ3viJhwc=
61,33,ySTz9i91KabH7j8qfLPINLKWC1o=,NL6vPvVQ5eLm81QlGxOQ3viJhwc=
56,45,ySTz9i91KabH7j8qfLPINLKWC1o=,e3a24EcKpYQEgAf058WhptO68BY=
52,47,ySTz9i91KabH7j8qfLPINLKWC1o=,yN2Zws4DmKSVYioygJzVO1Kfg5Y=
60,33,ySTz9i91KabH7j8qfLPINLKWC1o=,NL6vPvVQ5eLm81QlGxOQ3viJhwc=
60,37,ySTz9i91KabH7j8qfLPINLKWC1o=,NL6vPvVQ5eLm81QlGxOQ3viJhwc=
57,34,ySTz9i91KabH7j8qfLPINLKWC1o=,NL6vPvVQ5eLm81QlGxOQ3viJhwc=
59,37,ySTz9i91KabH7j8qfLPINLKWC1o=,NL6vPvVQ5eLm81QlGxOQ3viJhwc=
53,47,ySTz9i91KabH7j8qfLPINLKWC1o=,yN2Zws4DmKSVYioygJzVO1Kfg5Y=
59,33,ySTz9i91KabH7j8qfLPINLKWC1o=,NL6vPvVQ5eLm81QlGxOQ3viJhwc=
57,33,ySTz9i91KabH7j8qfLPINLKWC1o=,NL6vPvVQ5eLm81QlGxOQ3viJhwc=
58,33,ySTz9i91KabH7j8qfLPINLKWC1o=,NL6vPvVQ5eLm81QlGxOQ3viJhwc=
58,37,ySTz9i91KabH7j8qfLPINLKWC1o=,NL6vPvVQ5eLm81QlGxOQ3viJhwc=
53,39,ySTz9i91KabH7j8qfLPINLKWC1o=,wdZWvA2GIwTOFyzhDtVSD7iuaX0=
62,36,ySTz9i91KabH7j8qfLPINLKWC1o=,NL6vPvVQ5eLm81QlGxOQ3viJhwc=
61,36,ySTz9i91KabH7j8qfLPINLKWC1o=,NL6vPvVQ5eLm81QlGxOQ3viJhwc=
54,39,ySTz9i91KabH7j8qfLPINLKWC1o=,wdZWvA2GIwTOFyzhDtVSD7iuaX0=
51,47,ySTz9i91KabH7j8qfLPINLKWC1o=,yN2Zws4DmKSVYioygJzVO1Kfg5Y=
57,37,ySTz9i91KabH7j8qfLPINLKWC1o=,NL6vPvVQ5eLm81QlGxOQ3viJhwc=
60,36,ySTz9i91KabH7j8qfLPINLKWC1o=,NL6vPvVQ5eLm81QlGxOQ3viJhwc=
58,36,ySTz9i91KabH7j8qfLPINLKWC1o=,NL6vPvVQ5eLm81QlGxOQ3viJhwc=
50,47,ySTz9i91KabH7j8qfLPINLKWC1o=,yN2Zws4DmKSVYioygJzVO1Kfg5Y=
55,39,ySTz9i91KabH7j8qfLPINLKWC1o=,wdZWvA2GIwTOFyzhDtVSD7iuaX0=
59,36,ySTz9i91KabH7j8qfLPINLKWC1o=,NL6vPvVQ5eLm81QlGxOQ3viJhwc=
49,47,ySTz9i91KabH7j8qfLPINLKWC1o=,yN2Zws4DmKSVYioygJzVO1Kfg5Y=
62,35,ySTz9i91KabH7j8qfLPINLKWC1o=,NL6vPvVQ5eLm81QlGxOQ3viJhwc=
57,36,ySTz9i91KabH7j8qfLPINLKWC1o=,NL6vPvVQ5eLm81QlGxOQ3viJhwc=
48,40,ySTz9i91KabH7j8qfLPINLKWC1o=,yN2Zws4DmKSVYioygJzVO1Kfg5Y=
48,47,ySTz9i91KabH7j8qfLPINLKWC1o=,yN2Zws4DmKSVYioygJzVO1Kfg5Y=
55,46,ySTz9i91KabH7j8qfLPINLKWC1o=,yN2Zws4DmKSVYioygJzVO1Kfg5Y=
49,40,ySTz9i91KabH7j8qfLPINLKWC1o=,yN2Zws4DmKSVYioygJzVO1Kfg5Y=
54,46,ySTz9i91KabH7j8qfLPINLKWC1o=,yN2Zws4DmKSVYioygJzVO1Kfg5Y=
51,39,ySTz9i91KabH7j8qfLPINLKWC1o=,wdZWvA2GIwTOFyzhDtVSD7iuaX0=
53,46,ySTz9i91KabH7j8qfLPINLKWC1o=,yN2Zws4DmKSVYioygJzVO1Kfg5Y=
52,46,ySTz9i91KabH7j8qfLPINLKWC1o=,yN2Zws4DmKSVYioygJzVO1Kfg5Y=
50,40,ySTz9i91KabH7j8qfLPINLKWC1o=,yN2Zws4DmKSVYioygJzVO1Kfg5Y=
50,46,ySTz9i91KabH7j8qfLPINLKWC1o=,yN2Zws4DmKSVYioygJzVO1Kfg5Y=
51,46,ySTz9i91KabH7j8qfLPINLKWC1o=,yN2Zws4DmKSVYioygJzVO1Kfg5Y=
56,39,ySTz9i91KabH7j8qfLPINLKWC1o=,NL6vPvVQ5eLm81QlGxOQ3viJhwc=
54,47,ySTz9i91KabH7j8qfLPINLKWC1o=,yN2Zws4DmKSVYioygJzVO1Kfg5Y=
56,44,ySTz9i91KabH7j8qfLPINLKWC1o=,e3a24EcKpYQEgAf058WhptO68BY=
50,39,ySTz9i91KabH7j8qfLPINLKWC1o=,wdZWvA2GIwTOFyzhDtVSD7iuaX0=
55,47,ySTz9i91KabH7j8qfLPINLKWC1o=,yN2Zws4DmKSVYioygJzVO1Kfg5Y=
49,46,ySTz9i91KabH7j8qfLPINLKWC1o=,yN2Zws4DmKSVYioygJzVO1Kfg5Y=
48,46,ySTz9i91KabH7j8qfLPINLKWC1o=,yN2Zws4DmKSVYioygJzVO1Kfg5Y=
55,45,ySTz9i91KabH7j8qfLPINLKWC1o=,yN2Zws4DmKSVYioygJzVO1Kfg5Y=
60,38,ySTz9i91KabH7j8qfLPINLKWC1o=,NL6vPvVQ5eLm81QlGxOQ3viJhwc=
56,46,ySTz9i91KabH7j8qfLPINLKWC1o=,e3a24EcKpYQEgAf058WhptO68BY=
53,45,ySTz9i91KabH7j8qfLPINLKWC1o=,yN2Zws4DmKSVYioygJzVO1Kfg5Y=
52,45,ySTz9i91KabH7j8qfLPINLKWC1o=,yN2Zws4DmKSVYioygJzVO1Kfg5Y=
49,39,ySTz9i91KabH7j8qfLPINLKWC1o=,wdZWvA2GIwTOFyzhDtVSD7iuaX0=
56,40,ySTz9i91KabH7j8qfLPINLKWC1o=,e3a24EcKpYQEgAf058WhptO68BY=
51,45,ySTz9i91KabH7j8qfLPINLKWC1o=,yN2Zws4DmKSVYioygJzVO1Kfg5Y=
56,43,ySTz9i91KabH7j8qfLPINLKWC1o=,e3a24EcKpYQEgAf058WhptO68BY=
51,40,ySTz9i91KabH7j8qfLPINLKWC1o=,yN2Zws4DmKSVYioygJzVO1Kfg5Y=
48,45,ySTz9i91KabH7j8qfLPINLKWC1o=,yN2Zws4DmKSVYioygJzVO1Kfg5Y=
50,45,ySTz9i91KabH7j8qfLPINLKWC1o=,yN2Zws4DmKSVYioygJzVO1Kfg5Y=
49,45,ySTz9i91KabH7j8qfLPINLKWC1o=,yN2Zws4DmKSVYioygJzVO1Kfg5Y=
54,44,ySTz9i91KabH7j8qfLPINLKWC1o=,yN2Zws4DmKSVYioygJzVO1Kfg5Y=
53,44,ySTz9i91KabH7j8qfLPINLKWC1o=,yN2Zws4DmKSVYioygJzVO1Kfg5Y=
55,44,ySTz9i91KabH7j8qfLPINLKWC1o=,yN2Zws4DmKSVYioygJzVO1Kfg5Y=
52,40,ySTz9i91KabH7j8qfLPINLKWC1o=,yN2Zws4DmKSVYioygJzVO1Kfg5Y=
52,44,ySTz9i91KabH7j8qfLPINLKWC1o=,yN2Zws4DmKSVYioygJzVO1Kfg5Y=
51,44,ySTz9i91KabH7j8qfLPINLKWC1o=,yN2Zws4DmKSVYioygJzVO1Kfg5Y=
50,44,ySTz9i91KabH7j8qfLPINLKWC1o=,yN2Zws4DmKSVYioygJzVO1Kfg5Y=
53,40,ySTz9i91KabH7j8qfLPINLKWC1o=,yN2Zws4DmKSVYioygJzVO1Kfg5Y=
49,44,ySTz9i91KabH7j8qfLPINLKWC1o=,yN2Zws4DmKSVYioygJzVO1Kfg5Y=
55,43,ySTz9i91KabH7j8qfLPINLKWC1o=,yN2Zws4DmKSVYioygJzVO1Kfg5Y=
48,44,ySTz9i91KabH7j8qfLPINLKWC1o=,yN2Zws4DmKSVYioygJzVO1Kfg5Y=
54,40,ySTz9i91KabH7j8qfLPINLKWC1o=,yN2Zws4DmKSVYioygJzVO1Kfg5Y=
54,45,ySTz9i91KabH7j8qfLPINLKWC1o=,yN2Zws4DmKSVYioygJzVO1Kfg5Y=
53,43,ySTz9i91KabH7j8qfLPINLKWC1o=,yN2Zws4DmKSVYioygJzVO1Kfg5Y=
52,43,ySTz9i91KabH7j8qfLPINLKWC1o=,yN2Zws4DmKSVYioygJzVO1Kfg5Y=
51,43,ySTz9i91KabH7j8qfLPINLKWC1o=,yN2Zws4DmKSVYioygJzVO1Kfg5Y=
56,47,ySTz9i91KabH7j8qfLPINLKWC1o=,e3a24EcKpYQEgAf058WhptO68BY=
55,40,ySTz9i91KabH7j8qfLPINLKWC1o=,yN2Zws4DmKSVYioygJzVO1Kfg5Y=
50,43,ySTz9i91KabH7j8qfLPINLKWC1o=,yN2Zws4DmKSVYioygJzVO1Kfg5Y=
49,43,ySTz9i91KabH7j8qfLPINLKWC1o=,yN2Zws4DmKSVYioygJzVO1Kfg5Y=
48,43,ySTz9i91KabH7j8qfLPINLKWC1o=,yN2Zws4DmKSVYioygJzVO1Kfg5Y=
48,41,ySTz9i91KabH7j8qfLPINLKWC1o=,yN2Zws4DmKSVYioygJzVO1Kfg5Y=
55,42,ySTz9i91KabH7j8qfLPINLKWC1o=,yN2Zws4DmKSVYioygJzVO1Kfg5Y=
48,39,ySTz9i91KabH7j8qfLPINLKWC1o=,wdZWvA2GIwTOFyzhDtVSD7iuaX0=
54,42,ySTz9i91KabH7j8qfLPINLKWC1o=,yN2Zws4DmKSVYioygJzVO1Kfg5Y=
56,42,ySTz9i91KabH7j8qfLPINLKWC1o=,e3a24EcKpYQEgAf058WhptO68BY=
56,41,ySTz9i91KabH7j8qfLPINLKWC1o=,e3a24EcKpYQEgAf058WhptO68BY=
53,42,ySTz9i91KabH7j8qfLPINLKWC1o=,yN2Zws4DmKSVYioygJzVO1Kfg5Y=
50,42,ySTz9i91KabH7j8qfLPINLKWC1o=,yN2Zws4DmKSVYioygJzVO1Kfg5Y=
52,42,ySTz9i91KabH7j8qfLPINLKWC1o=,yN2Zws4DmKSVYioygJzVO1Kfg5Y=
51,42,ySTz9i91KabH7j8qfLPINLKWC1o=,yN2Zws4DmKSVYioygJzVO1Kfg5Y=
49,42,ySTz9i91KabH7j8qfLPINLKWC1o=,yN2Zws4DmKSVYioygJzVO1Kfg5Y=
55,41,ySTz9i91KabH7j8qfLPINLKWC1o=,yN2Zws4DmKSVYioygJzVO1Kfg5Y=
49,41,ySTz9i91KabH7j8qfLPINLKWC1o=,yN2Zws4DmKSVYioygJzVO1Kfg5Y=
48,42,ySTz9i91KabH7j8qfLPINLKWC1o=,yN2Zws4DmKSVYioygJzVO1Kfg5Y=
54,41,ySTz9i91KabH7j8qfLPINLKWC1o=,yN2Zws4DmKSVYioygJzVO1Kfg5Y=
53,41,ySTz9i91KabH7j8qfLPINLKWC1o=,yN2Zws4DmKSVYioygJzVO1Kfg5Y=
52,41,ySTz9i91KabH7j8qfLPINLKWC1o=,yN2Zws4DmKSVYioygJzVO1Kfg5Y=
50,41,ySTz9i91KabH7j8qfLPINLKWC1o=,yN2Zws4DmKSVYioygJzVO1Kfg5Y=
54,43,ySTz9i91KabH7j8qfLPINLKWC1o=,yN2Zws4DmKSVYioygJzVO1Kfg5Y=
51,41,ySTz9i91KabH7j8qfLPINLKWC1o=,yN2Zws4DmKSVYioygJzVO1Kfg5Y=
