-12,32,guolGAd+N/xW3QetjupXbw4AN6c=,QTfRAhpZJ0qDoQ2pqpIVVd22HAI=
-13,32,guolGAd+N/xW3QetjupXbw4AN6c=,QTfRAhpZJ0qDoQ2pqpIVVd22HAI=
-13,37,guolGAd+N/xW3QetjupXbw4AN6c=,QTfRAhpZJ0qDoQ2pqpIVVd22HAI=
-14,37,guolGAd+N/xW3QetjupXbw4AN6c=,QTfRAhpZJ0qDoQ2pqpIVVd22HAI=
-16,37,guolGAd+N/xW3QetjupXbw4AN6c=,QTfRAhpZJ0qDoQ2pqpIVVd22HAI=
-15,37,guolGAd+N/xW3QetjupXbw4AN6c=,QTfRAhpZJ0qDoQ2pqpIVVd22HAI=
-15,33,guolGAd+N/xW3QetjupXbw4AN6c=,QTfRAhpZJ0qDoQ2pqpIVVd22HAI=
-10,33,guolGAd+N/xW3QetjupXbw4AN6c=,QTfRAhpZJ0qDoQ2pqpIVVd22HAI=
-10,35,guolGAd+N/xW3QetjupXbw4AN6c=,QTfRAhpZJ0qDoQ2pqpIVVd22HAI=
-14,32,guolGAd+N/xW3QetjupXbw4AN6c=,QTfRAhpZJ0qDoQ2pqpIVVd22HAI=
-11,35,guolGAd+N/xW3QetjupXbw4AN6c=,QTfRAhpZJ0qDoQ2pqpIVVd22HAI=
-12,35,guolGAd+N/xW3QetjupXbw4AN6c=,QTfRAhpZJ0qDoQ2pqpIVVd22HAI=
-13,35,guolGAd+N/xW3QetjupXbw4AN6c=,QTfRAhpZJ0qDoQ2pqpIVVd22HAI=
-11,36,guolGAd+N/xW3QetjupXbw4AN6c=,QTfRAhpZJ0qDoQ2pqpIVVd22HAI=
-14,35,guolGAd+N/xW3QetjupXbw4AN6c=,QTfRAhpZJ0qDoQ2pqpIVVd22HAI=
-15,35,guolGAd+N/xW3QetjupXbw4AN6c=,QTfRAhpZJ0qDoQ2pqpIVVd22HAI=
-16,35,guolGAd+N/xW3QetjupXbw4AN6c=,QTfRAhpZJ0qDoQ2pqpIVVd22HAI=
-10,34,guolGAd+N/xW3QetjupXbw4AN6c=,QTfRAhpZJ0qDoQ2pqpIVVd22HAI=
-10,36,guolGAd+N/xW3QetjupXbw4AN6c=,QTfRAhpZJ0qDoQ2pqpIVVd22HAI=
-12,34,guolGAd+N/xW3QetjupXbw4AN6c=,QTfRAhpZJ0qDoQ2pqpIVVd22HAI=
-13,34,guolGAd+N/xW3QetjupXbw4AN6c=,QTfRAhpZJ0qDoQ2pqpIVVd22HAI=
-11,33,guolGAd+N/xW3QetjupXbw4AN6c=,QTfRAhpZJ0qDoQ2pqpIVVd22HAI=
-11,34,guolGAd+N/xW3QetjupXbw4AN6c=,QTfRAhpZJ0qDoQ2pqpIVVd22HAI=
-12,36,guolGAd+N/xW3QetjupXbw4AN6c=,QTfRAhpZJ0qDoQ2pqpIVVd22HAI=
-14,34,guolGAd+N/xW3QetjupXbw4AN6c=,QTfRAhpZJ0qDoQ2pqpIVVd22HAI=
-15,34,guolGAd+N/xW3QetjupXbw4AN6c=,QTfRAhpZJ0qDoQ2pqpIVVd22HAI=
-15,32,guolGAd+N/xW3QetjupXbw4AN6c=,QTfRAhpZJ0qDoQ2pqpIVVd22HAI=
-16,34,guolGAd+N/xW3QetjupXbw4AN6c=,QTfRAhpZJ0qDoQ2pqpIVVd22HAI=
-12,33,guolGAd+N/xW3QetjupXbw4AN6c=,QTfRAhpZJ0qDoQ2pqpIVVd22HAI=
-13,36,guolGAd+N/xW3QetjupXbw4AN6c=,QTfRAhpZJ0qDoQ2pqpIVVd22HAI=
-16,33,guolGAd+N/xW3QetjupXbw4AN6c=,QTfRAhpZJ0qDoQ2pqpIVVd22HAI=
-10,39,guolGAd+N/xW3QetjupXbw4AN6c=,QTfRAhpZJ0qDoQ2pqpIVVd22HAI=
-13,33,guolGAd+N/xW3QetjupXbw4AN6c=,QTfRAhpZJ0qDoQ2pqpIVVd22HAI=
-14,36,guolGAd+N/xW3QetjupXbw4AN6c=,QTfRAhpZJ0qDoQ2pqpIVVd22HAI=
-12,39,guolGAd+N/xW3QetjupXbw4AN6c=,QTfRAhpZJ0qDoQ2pqpIVVd22HAI=
-11,39,guolGAd+N/xW3QetjupXbw4AN6c=,QTfRAhpZJ0qDoQ2pqpIVVd22HAI=
-15,36,guolGAd+N/xW3QetjupXbw4AN6c=,QTfRAhpZJ0qDoQ2pqpIVVd22HAI=
-13,39,guolGAd+N/xW3QetjupXbw4AN6c=,QTfRAhpZJ0qDoQ2pqpIVVd22HAI=
-15,39,guolGAd+N/xW3QetjupXbw4AN6c=,QTfRAhpZJ0qDoQ2pqpIVVd22HAI=
-14,39,guolGAd+N/xW3QetjupXbw4AN6c=,QTfRAhpZJ0qDoQ2pqpIVVd22HAI=
-16,39,guolGAd+N/xW3QetjupXbw4AN6c=,QTfRAhpZJ0qDoQ2pqpIVVd22HAI=
-10,38,guolGAd+N/xW3QetjupXbw4AN6c=,QTfRAhpZJ0qDoQ2pqpIVVd22HAI=
-11,38,guolGAd+N/xW3QetjupXbw4AN6c=,QTfRAhpZJ0qDoQ2pqpIVVd22HAI=
-16,36,guolGAd+N/xW3QetjupXbw4AN6c=,QTfRAhpZJ0qDoQ2pqpIVVd22HAI=
-13,38,guolGAd+N/xW3QetjupXbw4AN6c=,QTfRAhpZJ0qDoQ2pqpIVVd22HAI=
-16,32,guolGAd+N/xW3QetjupXbw4AN6c=,QTfRAhpZJ0qDoQ2pqpIVVd22HAI=
-12,38,guolGAd+N/xW3QetjupXbw4AN6c=,QTfRAhpZJ0qDoQ2pqpIVVd22HAI=
-14,38,guolGAd+N/xW3QetjupXbw4AN6c=,QTfRAhpZJ0qDoQ2pqpIVVd22HAI=
-15,38,guolGAd+N/xW3QetjupXbw4AN6c=,QTfRAhpZJ0qDoQ2pqpIVVd22HAI=
-10,32,guolGAd+N/xW3QetjupXbw4AN6c=,QTfRAhpZJ0qDoQ2pqpIVVd22HAI=
-16,38,guolGAd+N/xW3QetjupXbw4AN6c=,QTfRAhpZJ0qDoQ2pqpIVVd22HAI=
-10,37,guolGAd+N/xW3QetjupXbw4AN6c=,QTfRAhpZJ0qDoQ2pqpIVVd22HAI=
-11,37,guolGAd+N/xW3QetjupXbw4AN6c=,QTfRAhpZJ0qDoQ2pqpIVVd22HAI=
-12,37,guolGAd+N/xW3QetjupXbw4AN6c=,QTfRAhpZJ0qDoQ2pqpIVVd22HAI=
-14,33,guolGAd+N/xW3QetjupXbw4AN6c=,QTfRAhpZJ0qDoQ2pqpIVVd22HAI=
-11,32,guolGAd+N/xW3QetjupXbw4AN6c=,QTfRAhpZJ0qDoQ2pqpIVVd22HAI=
-5,35,guolGAd+N/xW3QetjupXbw4AN6c=,sHLVmVMkoYgYSGZYIlJVrWmeyAo=
-1,39,guolGAd+N/xW3QetjupXbw4AN6c=,sHLVmVMkoYgYSGZYIlJVrWmeyAo=
-6,35,guolGAd+N/xW3QetjupXbw4AN6c=,sHLVmVMkoYgYSGZYIlJVrWmeyAo=
-4,35,guolGAd+N/xW3QetjupXbw4AN6c=,sHLVmVMkoYgYSGZYIlJVrWmeyAo=
-7,35,guolGAd+N/xW3QetjupXbw4AN6c=,sHLVmVMkoYgYSGZYIlJVrWmeyAo=
-3,35,guolGAd+N/xW3QetjupXbw4AN6c=,sHLVmVMkoYgYSGZYIlJVrWmeyAo=
-8,35,guolGAd+N/xW3QetjupXbw4AN6c=,sHLVmVMkoYgYSGZYIlJVrWmeyAo=
-2,35,guolGAd+N/xW3QetjupXbw4AN6c=,sHLVmVMkoYgYSGZYIlJVrWmeyAo=
-1,34,guolGAd+N/xW3QetjupXbw4AN6c=,sHLVmVMkoYgYSGZYIlJVrWmeyAo=
-9,37,guolGAd+N/xW3QetjupXbw4AN6c=,QTfRAhpZJ0qDoQ2pqpIVVd22HAI=
-2,34,guolGAd+N/xW3QetjupXbw4AN6c=,sHLVmVMkoYgYSGZYIlJVrWmeyAo=
-1,35,guolGAd+N/xW3QetjupXbw4AN6c=,sHLVmVMkoYgYSGZYIlJVrWmeyAo=
-2,39,guolGAd+N/xW3QetjupXbw4AN6c=,sHLVmVMkoYgYSGZYIlJVrWmeyAo=
-8,36,guolGAd+N/xW3QetjupXbw4AN6c=,sHLVmVMkoYgYSGZYIlJVrWmeyAo=
-4,34,guolGAd+N/xW3QetjupXbw4AN6c=,sHLVmVMkoYgYSGZYIlJVrWmeyAo=
-7,36,guolGAd+N/xW3QetjupXbw4AN6c=,sHLVmVMkoYgYSGZYIlJVrWmeyAo=
-3,34,guolGAd+N/xW3QetjupXbw4AN6c=,sHLVmVMkoYgYSGZYIlJVrWmeyAo=
-3,39,guolGAd+N/xW3QetjupXbw4AN6c=,sHLVmVMkoYgYSGZYIlJVrWmeyAo=
-9,38,guolGAd+N/xW3QetjupXbw4AN6c=,QTfRAhpZJ0qDoQ2pqpIVVd22HAI=
-6,36,guolGAd+N/xW3QetjupXbw4AN6c=,sHLVmVMkoYgYSGZYIlJVrWmeyAo=
-4,39,guolGAd+N/xW3QetjupXbw4AN6c=,sHLVmVMkoYgYSGZYIlJVrWmeyAo=
-9,33,guolGAd+N/xW3QetjupXbw4AN6c=,QTfRAhpZJ0qDoQ2pqpIVVd22HAI=
-5,36,guolGAd+N/xW3QetjupXbw4AN6c=,sHLVmVMkoYgYSGZYIlJVrWmeyAo=
-6,39,guolGAd+N/xW3QetjupXbw4AN6c=,sHLVmVMkoYgYSGZYIlJVrWmeyAo=
-4,36,guolGAd+N/xW3QetjupXbw4AN6c=,sHLVmVMkoYgYSGZYIlJVrWmeyAo=
-7,39,guolGAd+N/xW3QetjupXbw4AN6c=,sHLVmVMkoYgYSGZYIlJVrWmeyAo=
-5,34,guolGAd+N/xW3QetjupXbw4AN6c=,sHLVmVMkoYgYSGZYIlJVrWmeyAo=
-9,39,guolGAd+N/xW3QetjupXbw4AN6c=,QTfRAhpZJ0qDoQ2pqpIVVd22HAI=
-6,34,guolGAd+N/xW3QetjupXbw4AN6c=,sHLVmVMkoYgYSGZYIlJVrWmeyAo=
-8,39,guolGAd+N/xW3QetjupXbw4AN6c=,sHLVmVMkoYgYSGZYIlJVrWmeyAo=
-1,38,guolGAd+N/xW3QetjupXbw4AN6c=,sHLVmVMkoYgYSGZYIlJVrWmeyAo=
-9,32,guolGAd+N/xW3QetjupXbw4AN6c=,QTfRAhpZJ0qDoQ2pqpIVVd22HAI=
-7,34,guolGAd+N/xW3QetjupXbw4AN6c=,sHLVmVMkoYgYSGZYIlJVrWmeyAo=
-8,34,guolGAd+N/xW3QetjupXbw4AN6c=,sHLVmVMkoYgYSGZYIlJVrWmeyAo=
-2,38,guolGAd+N/xW3QetjupXbw4AN6c=,sHLVmVMkoYgYSGZYIlJVrWmeyAo=
-8,32,guolGAd+N/xW3QetjupXbw4AN6c=,sHLVmVMkoYgYSGZYIlJVrWmeyAo=
-3,38,guolGAd+N/xW3QetjupXbw4AN6c=,sHLVmVMkoYgYSGZYIlJVrWmeyAo=
-4,38,guolGAd+N/xW3QetjupXbw4AN6c=,sHLVmVMkoYgYSGZYIlJVrWmeyAo=
-7,32,guolGAd+N/xW3QetjupXbw4AN6c=,sHLVmVMkoYgYSGZYIlJVrWmeyAo=
-9,35,guolGAd+N/xW3QetjupXbw4AN6c=,QTfRAhpZJ0qDoQ2pqpIVVd22HAI=
-1,33,guolGAd+N/xW3QetjupXbw4AN6c=,sHLVmVMkoYgYSGZYIlJVrWmeyAo=
-5,38,guolGAd+N/xW3QetjupXbw4AN6c=,sHLVmVMkoYgYSGZYIlJVrWmeyAo=
-6,32,guolGAd+N/xW3QetjupXbw4AN6c=,sHLVmVMkoYgYSGZYIlJVrWmeyAo=
-6,38,guolGAd+N/xW3QetjupXbw4AN6c=,sHLVmVMkoYgYSGZYIlJVrWmeyAo=
-7,38,guolGAd+N/xW3QetjupXbw4AN6c=,sHLVmVMkoYgYSGZYIlJVrWmeyAo=
-2,33,guolGAd+N/xW3QetjupXbw4AN6c=,sHLVmVMkoYgYSGZYIlJVrWmeyAo=
-3,36,guolGAd+N/xW3QetjupXbw4AN6c=,sHLVmVMkoYgYSGZYIlJVrWmeyAo=
-9,34,guolGAd+N/xW3QetjupXbw4AN6c=,QTfRAhpZJ0qDoQ2pqpIVVd22HAI=
-9,36,guolGAd+N/xW3QetjupXbw4AN6c=,QTfRAhpZJ0qDoQ2pqpIVVd22HAI=
-3,33,guolGAd+N/xW3QetjupXbw4AN6c=,sHLVmVMkoYgYSGZYIlJVrWmeyAo=
-2,36,guolGAd+N/xW3QetjupXbw4AN6c=,sHLVmVMkoYgYSGZYIlJVrWmeyAo=
-8,38,guolGAd+N/xW3QetjupXbw4AN6c=,sHLVmVMkoYgYSGZYIlJVrWmeyAo=
-1,37,guolGAd+N/xW3QetjupXbw4AN6c=,sHLVmVMkoYgYSGZYIlJVrWmeyAo=
-2,37,guolGAd+N/xW3QetjupXbw4AN6c=,sHLVmVMkoYgYSGZYIlJVrWmeyAo=
-5,32,guolGAd+N/xW3QetjupXbw4AN6c=,sHLVmVMkoYgYSGZYIlJVrWmeyAo=
-3,37,guolGAd+N/xW3QetjupXbw4AN6c=,sHLVmVMkoYgYSGZYIlJVrWmeyAo=
-4,37,guolGAd+N/xW3QetjupXbw4AN6c=,sHLVmVMkoYgYSGZYIlJVrWmeyAo=
-4,32,guolGAd+N/xW3QetjupXbw4AN6c=,sHLVmVMkoYgYSGZYIlJVrWmeyAo=
-5,37,guolGAd+N/xW3QetjupXbw4AN6c=,sHLVmVMkoYgYSGZYIlJVrWmeyAo=
-4,33,guolGAd+N/xW3QetjupXbw4AN6c=,sHLVmVMkoYgYSGZYIlJVrWmeyAo=
-5,33,guolGAd+N/xW3QetjupXbw4AN6c=,sHLVmVMkoYgYSGZYIlJVrWmeyAo=
-1,36,guolGAd+N/xW3QetjupXbw4AN6c=,sHLVmVMkoYgYSGZYIlJVrWmeyAo=
-6,33,guolGAd+N/xW3QetjupXbw4AN6c=,sHLVmVMkoYgYSGZYIlJVrWmeyAo=
-7,33,guolGAd+N/xW3QetjupXbw4AN6c=,sHLVmVMkoYgYSGZYIlJVrWmeyAo=
-6,37,guolGAd+N/xW3QetjupXbw4AN6c=,sHLVmVMkoYgYSGZYIlJVrWmeyAo=
-8,37,guolGAd+N/xW3QetjupXbw4AN6c=,sHLVmVMkoYgYSGZYIlJVrWmeyAo=
-1,32,guolGAd+N/xW3QetjupXbw4AN6c=,sHLVmVMkoYgYSGZYIlJVrWmeyAo=
-8,33,guolGAd+N/xW3QetjupXbw4AN6c=,sHLVmVMkoYgYSGZYIlJVrWmeyAo=
-2,32,guolGAd+N/xW3QetjupXbw4AN6c=,sHLVmVMkoYgYSGZYIlJVrWmeyAo=
-3,32,guolGAd+N/xW3QetjupXbw4AN6c=,sHLVmVMkoYgYSGZYIlJVrWmeyAo=
-7,37,guolGAd+N/xW3QetjupXbw4AN6c=,sHLVmVMkoYgYSGZYIlJVrWmeyAo=
-5,39,guolGAd+N/xW3QetjupXbw4AN6c=,sHLVmVMkoYgYSGZYIlJVrWmeyAo=
-30,34,EYS4/UlADEEQJwuGRc4XTEBpjys=,/U3lbT9lfURnjPYpgJuFh3f1t5o=
-32,33,EYS4/UlADEEQJwuGRc4XTEBpjys=,/U3lbT9lfURnjPYpgJuFh3f1t5o=
-29,32,EYS4/UlADEEQJwuGRc4XTEBpjys=,/U3lbT9lfURnjPYpgJuFh3f1t5o=
-31,33,EYS4/UlADEEQJwuGRc4XTEBpjys=,/U3lbT9lfURnjPYpgJuFh3f1t5o=
-26,32,EYS4/UlADEEQJwuGRc4XTEBpjys=,/U3lbT9lfURnjPYpgJuFh3f1t5o=
-30,32,EYS4/UlADEEQJwuGRc4XTEBpjys=,/U3lbT9lfURnjPYpgJuFh3f1t5o=
-26,35,EYS4/UlADEEQJwuGRc4XTEBpjys=,/U3lbT9lfURnjPYpgJuFh3f1t5o=
-27,32,EYS4/UlADEEQJwuGRc4XTEBpjys=,/U3lbT9lfURnjPYpgJuFh3f1t5o=
-28,32,EYS4/UlADEEQJwuGRc4XTEBpjys=,/U3lbT9lfURnjPYpgJuFh3f1t5o=
-31,32,EYS4/UlADEEQJwuGRc4XTEBpjys=,/U3lbT9lfURnjPYpgJuFh3f1t5o=
-27,36,EYS4/UlADEEQJwuGRc4XTEBpjys=,/U3lbT9lfURnjPYpgJuFh3f1t5o=
-31,34,EYS4/UlADEEQJwuGRc4XTEBpjys=,/U3lbT9lfURnjPYpgJuFh3f1t5o=
-28,36,EYS4/UlADEEQJwuGRc4XTEBpjys=,/U3lbT9lfURnjPYpgJuFh3f1t5o=
-32,34,EYS4/UlADEEQJwuGRc4XTEBpjys=,/U3lbT9lfURnjPYpgJuFh3f1t5o=
-29,36,EYS4/UlADEEQJwuGRc4XTEBpjys=,/U3lbT9lfURnjPYpgJuFh3f1t5o=
-27,35,EYS4/UlADEEQJwuGRc4XTEBpjys=,/U3lbT9lfURnjPYpgJuFh3f1t5o=
-26,39,EYS4/UlADEEQJwuGRc4XTEBpjys=,/U3lbT9lfURnjPYpgJuFh3f1t5o=
-26,34,EYS4/UlADEEQJwuGRc4XTEBpjys=,/U3lbT9lfURnjPYpgJuFh3f1t5o=
-27,39,EYS4/UlADEEQJwuGRc4XTEBpjys=,/U3lbT9lfURnjPYpgJuFh3f1t5o=
-28,39,EYS4/UlADEEQJwuGRc4XTEBpjys=,/U3lbT9lfURnjPYpgJuFh3f1t5o=
-26,33,EYS4/UlADEEQJwuGRc4XTEBpjys=,/U3lbT9lfURnjPYpgJuFh3f1t5o=
-30,36,EYS4/UlADEEQJwuGRc4XTEBpjys=,/U3lbT9lfURnjPYpgJuFh3f1t5o=
-27,33,EYS4/UlADEEQJwuGRc4XTEBpjys=,/U3lbT9lfURnjPYpgJuFh3f1t5o=
-29,39,EYS4/UlADEEQJwuGRc4XTEBpjys=,/U3lbT9lfURnjPYpgJuFh3f1t5o=
-28,35,EYS4/UlADEEQJwuGRc4XTEBpjys=,/U3lbT9lfURnjPYpgJuFh3f1t5o=
-30,39,EYS4/UlADEEQJwuGRc4XTEBpjys=,/U3lbT9lfURnjPYpgJuFh3f1t5o=
-31,39,EYS4/UlADEEQJwuGRc4XTEBpjys=,/U3lbT9lfURnjPYpgJuFh3f1t5o=
-26,38,EYS4/UlADEEQJwuGRc4XTEBpjys=,/U3lbT9lfURnjPYpgJuFh3f1t5o=
-32,39,EYS4/UlADEEQJwuGRc4XTEBpjys=,/U3lbT9lfURnjPYpgJuFh3f1t5o=
-29,35,EYS4/UlADEEQJwuGRc4XTEBpjys=,/U3lbT9lfURnjPYpgJuFh3f1t5o=
-27,38,EYS4/UlADEEQJwuGRc4XTEBpjys=,/U3lbT9lfURnjPYpgJuFh3f1t5o=
-28,38,EYS4/UlADEEQJwuGRc4XTEBpjys=,/U3lbT9lfURnjPYpgJuFh3f1t5o=
-29,38,EYS4/UlADEEQJwuGRc4XTEBpjys=,/U3lbT9lfURnjPYpgJuFh3f1t5o=
-30,38,EYS4/UlADEEQJwuGRc4XTEBpjys=,/U3lbT9lfURnjPYpgJuFh3f1t5o=
-31,38,EYS4/UlADEEQJwuGRc4XTEBpjys=,/U3lbT9lfURnjPYpgJuFh3f1t5o=
-32,38,EYS4/UlADEEQJwuGRc4XTEBpjys=,/U3lbT9lfURnjPYpgJuFh3f1t5o=
-28,33,EYS4/UlADEEQJwuGRc4XTEBpjys=,/U3lbT9lfURnjPYpgJuFh3f1t5o=
-30,35,EYS4/UlADEEQJwuGRc4XTEBpjys=,/U3lbT9lfURnjPYpgJuFh3f1t5o=
-27,34,EYS4/UlADEEQJwuGRc4XTEBpjys=,/U3lbT9lfURnjPYpgJuFh3f1t5o=
-29,33,EYS4/UlADEEQJwuGRc4XTEBpjys=,/U3lbT9lfURnjPYpgJuFh3f1t5o=
-32,32,EYS4/UlADEEQJwuGRc4XTEBpjys=,/U3lbT9lfURnjPYpgJuFh3f1t5o=
-26,37,EYS4/UlADEEQJwuGRc4XTEBpjys=,/U3lbT9lfURnjPYpgJuFh3f1t5o=
-27,37,EYS4/UlADEEQJwuGRc4XTEBpjys=,/U3lbT9lfURnjPYpgJuFh3f1t5o=
-31,36,EYS4/UlADEEQJwuGRc4XTEBpjys=,/U3lbT9lfURnjPYpgJuFh3f1t5o=
-28,37,EYS4/UlADEEQJwuGRc4XTEBpjys=,/U3lbT9lfURnjPYpgJuFh3f1t5o=
-29,37,EYS4/UlADEEQJwuGRc4XTEBpjys=,/U3lbT9lfURnjPYpgJuFh3f1t5o=
-28,34,EYS4/UlADEEQJwuGRc4XTEBpjys=,/U3lbT9lfURnjPYpgJuFh3f1t5o=
-31,35,EYS4/UlADEEQJwuGRc4XTEBpjys=,/U3lbT9lfURnjPYpgJuFh3f1t5o=
-32,35,EYS4/UlADEEQJwuGRc4XTEBpjys=,/U3lbT9lfURnjPYpgJuFh3f1t5o=
-30,37,EYS4/UlADEEQJwuGRc4XTEBpjys=,/U3lbT9lfURnjPYpgJuFh3f1t5o=
-31,37,EYS4/UlADEEQJwuGRc4XTEBpjys=,/U3lbT9lfURnjPYpgJuFh3f1t5o=
-30,33,EYS4/UlADEEQJwuGRc4XTEBpjys=,/U3lbT9lfURnjPYpgJuFh3f1t5o=
-32,36,EYS4/UlADEEQJwuGRc4XTEBpjys=,/U3lbT9lfURnjPYpgJuFh3f1t5o=
-32,37,EYS4/UlADEEQJwuGRc4XTEBpjys=,/U3lbT9lfURnjPYpgJuFh3f1t5o=
-29,34,EYS4/UlADEEQJwuGRc4XTEBpjys=,/U3lbT9lfURnjPYpgJuFh3f1t5o=
-26,36,EYS4/UlADEEQJwuGRc4XTEBpjys=,/U3lbT9lfURnjPYpgJuFh3f1t5o=
-17,39,EYS4/UlADEEQJwuGRc4XTEBpjys=,dzUU9ypJBoj04h8jAxBS0j2BKsk=
-18,34,EYS4/UlADEEQJwuGRc4XTEBpjys=,dzUU9ypJBoj04h8jAxBS0j2BKsk=
-18,39,EYS4/UlADEEQJwuGRc4XTEBpjys=,dzUU9ypJBoj04h8jAxBS0j2BKsk=
-17,34,EYS4/UlADEEQJwuGRc4XTEBpjys=,dzUU9ypJBoj04h8jAxBS0j2BKsk=
-19,39,EYS4/UlADEEQJwuGRc4XTEBpjys=,dzUU9ypJBoj04h8jAxBS0j2BKsk=
-24,35,EYS4/UlADEEQJwuGRc4XTEBpjys=,dzUU9ypJBoj04h8jAxBS0j2BKsk=
-19,34,EYS4/UlADEEQJwuGRc4XTEBpjys=,dzUU9ypJBoj04h8jAxBS0j2BKsk=
-25,36,EYS4/UlADEEQJwuGRc4XTEBpjys=,/U3lbT9lfURnjPYpgJuFh3f1t5o=
-20,34,EYS4/UlADEEQJwuGRc4XTEBpjys=,dzUU9ypJBoj04h8jAxBS0j2BKsk=
-23,35,EYS4/UlADEEQJwuGRc4XTEBpjys=,dzUU9ypJBoj04h8jAxBS0j2BKsk=
-20,39,EYS4/UlADEEQJwuGRc4XTEBpjys=,dzUU9ypJBoj04h8jAxBS0j2BKsk=
-22,35,EYS4/UlADEEQJwuGRc4XTEBpjys=,dzUU9ypJBoj04h8jAxBS0j2BKsk=
-25,35,EYS4/UlADEEQJwuGRc4XTEBpjys=,/U3lbT9lfURnjPYpgJuFh3f1t5o=
-21,39,EYS4/UlADEEQJwuGRc4XTEBpjys=,dzUU9ypJBoj04h8jAxBS0j2BKsk=
-20,35,EYS4/UlADEEQJwuGRc4XTEBpjys=,dzUU9ypJBoj04h8jAxBS0j2BKsk=
-21,35,EYS4/UlADEEQJwuGRc4XTEBpjys=,dzUU9ypJBoj04h8jAxBS0j2BKsk=
-22,39,EYS4/UlADEEQJwuGRc4XTEBpjys=,dzUU9ypJBoj04h8jAxBS0j2BKsk=
-19,35,EYS4/UlADEEQJwuGRc4XTEBpjys=,dzUU9ypJBoj04h8jAxBS0j2BKsk=
-25,34,EYS4/UlADEEQJwuGRc4XTEBpjys=,/U3lbT9lfURnjPYpgJuFh3f1t5o=
-17,35,EYS4/UlADEEQJwuGRc4XTEBpjys=,dzUU9ypJBoj04h8jAxBS0j2BKsk=
-18,35,EYS4/UlADEEQJwuGRc4XTEBpjys=,dzUU9ypJBoj04h8jAxBS0j2BKsk=
-25,32,EYS4/UlADEEQJwuGRc4XTEBpjys=,/U3lbT9lfURnjPYpgJuFh3f1t5o=
-24,36,EYS4/UlADEEQJwuGRc4XTEBpjys=,dzUU9ypJBoj04h8jAxBS0j2BKsk=
-23,36,EYS4/UlADEEQJwuGRc4XTEBpjys=,dzUU9ypJBoj04h8jAxBS0j2BKsk=
-24,39,EYS4/UlADEEQJwuGRc4XTEBpjys=,dzUU9ypJBoj04h8jAxBS0j2BKsk=
-23,39,EYS4/UlADEEQJwuGRc4XTEBpjys=,dzUU9ypJBoj04h8jAxBS0j2BKsk=
-22,36,EYS4/UlADEEQJwuGRc4XTEBpjys=,dzUU9ypJBoj04h8jAxBS0j2BKsk=
-21,34,EYS4/UlADEEQJwuGRc4XTEBpjys=,dzUU9ypJBoj04h8jAxBS0j2BKsk=
-21,36,EYS4/UlADEEQJwuGRc4XTEBpjys=,dzUU9ypJBoj04h8jAxBS0j2BKsk=
-17,38,EYS4/UlADEEQJwuGRc4XTEBpjys=,dzUU9ypJBoj04h8jAxBS0j2BKsk=
-25,37,EYS4/UlADEEQJwuGRc4XTEBpjys=,/U3lbT9lfURnjPYpgJuFh3f1t5o=
-18,38,EYS4/UlADEEQJwuGRc4XTEBpjys=,dzUU9ypJBoj04h8jAxBS0j2BKsk=
-20,36,EYS4/UlADEEQJwuGRc4XTEBpjys=,dzUU9ypJBoj04h8jAxBS0j2BKsk=
-19,38,EYS4/UlADEEQJwuGRc4XTEBpjys=,dzUU9ypJBoj04h8jAxBS0j2BKsk=
-19,36,EYS4/UlADEEQJwuGRc4XTEBpjys=,dzUU9ypJBoj04h8jAxBS0j2BKsk=
-20,38,EYS4/UlADEEQJwuGRc4XTEBpjys=,dzUU9ypJBoj04h8jAxBS0j2BKsk=
-25,38,EYS4/UlADEEQJwuGRc4XTEBpjys=,/U3lbT9lfURnjPYpgJuFh3f1t5o=
-18,36,EYS4/UlADEEQJwuGRc4XTEBpjys=,dzUU9ypJBoj04h8jAxBS0j2BKsk=
-22,34,EYS4/UlADEEQJwuGRc4XTEBpjys=,dzUU9ypJBoj04h8jAxBS0j2BKsk=
-17,36,EYS4/UlADEEQJwuGRc4XTEBpjys=,dzUU9ypJBoj04h8jAxBS0j2BKsk=
-25,39,EYS4/UlADEEQJwuGRc4XTEBpjys=,/U3lbT9lfURnjPYpgJuFh3f1t5o=
-21,38,EYS4/UlADEEQJwuGRc4XTEBpjys=,dzUU9ypJBoj04h8jAxBS0j2BKsk=
-23,34,EYS4/UlADEEQJwuGRc4XTEBpjys=,dzUU9ypJBoj04h8jAxBS0j2BKsk=
-24,32,EYS4/UlADEEQJwuGRc4XTEBpjys=,dzUU9ypJBoj04h8jAxBS0j2BKsk=
-22,38,EYS4/UlADEEQJwuGRc4XTEBpjys=,dzUU9ypJBoj04h8jAxBS0j2BKsk=
-23,32,EYS4/UlADEEQJwuGRc4XTEBpjys=,dzUU9ypJBoj04h8jAxBS0j2BKsk=
-22,32,EYS4/UlADEEQJwuGRc4XTEBpjys=,dzUU9ypJBoj04h8jAxBS0j2BKsk=
-17,33,EYS4/UlADEEQJwuGRc4XTEBpjys=,dzUU9ypJBoj04h8jAxBS0j2BKsk=
-24,34,EYS4/UlADEEQJwuGRc4XTEBpjys=,dzUU9ypJBoj04h8jAxBS0j2BKsk=
-21,32,EYS4/UlADEEQJwuGRc4XTEBpjys=,dzUU9ypJBoj04h8jAxBS0j2BKsk=
-19,33,EYS4/UlADEEQJwuGRc4XTEBpjys=,dzUU9ypJBoj04h8jAxBS0j2BKsk=
-20,32,EYS4/UlADEEQJwuGRc4XTEBpjys=,dzUU9ypJBoj04h8jAxBS0j2BKsk=
-20,33,EYS4/UlADEEQJwuGRc4XTEBpjys=,dzUU9ypJBoj04h8jAxBS0j2BKsk=
-18,33,EYS4/UlADEEQJwuGRc4XTEBpjys=,dzUU9ypJBoj04h8jAxBS0j2BKsk=
-24,37,EYS4/UlADEEQJwuGRc4XTEBpjys=,dzUU9ypJBoj04h8jAxBS0j2BKsk=
-21,33,EYS4/UlADEEQJwuGRc4XTEBpjys=,dzUU9ypJBoj04h8jAxBS0j2BKsk=
-23,37,EYS4/UlADEEQJwuGRc4XTEBpjys=,dzUU9ypJBoj04h8jAxBS0j2BKsk=
-23,38,EYS4/UlADEEQJwuGRc4XTEBpjys=,dzUU9ypJBoj04h8jAxBS0j2BKsk=
-24,38,EYS4/UlADEEQJwuGRc4XTEBpjys=,dzUU9ypJBoj04h8jAxBS0j2BKsk=
-22,37,EYS4/UlADEEQJwuGRc4XTEBpjys=,dzUU9ypJBoj04h8jAxBS0j2BKsk=
-17,37,EYS4/UlADEEQJwuGRc4XTEBpjys=,dzUU9ypJBoj04h8jAxBS0j2BKsk=
-25,33,EYS4/UlADEEQJwuGRc4XTEBpjys=,/U3lbT9lfURnjPYpgJuFh3f1t5o=
-22,33,EYS4/UlADEEQJwuGRc4XTEBpjys=,dzUU9ypJBoj04h8jAxBS0j2BKsk=
-18,37,EYS4/UlADEEQJwuGRc4XTEBpjys=,dzUU9ypJBoj04h8jAxBS0j2BKsk=
-23,33,EYS4/UlADEEQJwuGRc4XTEBpjys=,dzUU9ypJBoj04h8jAxBS0j2BKsk=
-21,37,EYS4/UlADEEQJwuGRc4XTEBpjys=,dzUU9ypJBoj04h8jAxBS0j2BKsk=
-24,33,EYS4/UlADEEQJwuGRc4XTEBpjys=,dzUU9ypJBoj04h8jAxBS0j2BKsk=
-20,37,EYS4/UlADEEQJwuGRc4XTEBpjys=,dzUU9ypJBoj04h8jAxBS0j2BKsk=
-18,32,EYS4/UlADEEQJwuGRc4XTEBpjys=,dzUU9ypJBoj04h8jAxBS0j2BKsk=
-17,32,EYS4/UlADEEQJwuGRc4XTEBpjys=,dzUU9ypJBoj04h8jAxBS0j2BKsk=
-19,32,EYS4/UlADEEQJwuGRc4XTEBpjys=,dzUU9ypJBoj04h8jAxBS0j2BKsk=
-19,37,EYS4/UlADEEQJwuGRc4XTEBpjys=,dzUU9ypJBoj04h8jAxBS0j2BKsk=
