4,11,t+8qbjJdzyqSGE9UbZnf8Z1lk4E=,cOKAPMG9UWrInahZaXdsMm16n1I=
4,9,t+8qbjJdzyqSGE9UbZnf8Z1lk4E=,cOKAPMG9UWrInahZaXdsMm16n1I=
5,11,t+8qbjJdzyqSGE9UbZnf8Z1lk4E=,cOKAPMG9UWrInahZaXdsMm16n1I=
6,11,t+8qbjJdzyqSGE9UbZnf8Z1lk4E=,cOKAPMG9UWrInahZaXdsMm16n1I=
4,13,t+8qbjJdzyqSGE9UbZnf8Z1lk4E=,cOKAPMG9UWrInahZaXdsMm16n1I=
5,13,t+8qbjJdzyqSGE9UbZnf8Z1lk4E=,cOKAPMG9UWrInahZaXdsMm16n1I=
6,13,t+8qbjJdzyqSGE9UbZnf8Z1lk4E=,cOKAPMG9UWrInahZaXdsMm16n1I=
1,12,t+8qbjJdzyqSGE9UbZnf8Z1lk4E=,cOKAPMG9UWrInahZaXdsMm16n1I=
2,12,t+8qbjJdzyqSGE9UbZnf8Z1lk4E=,cOKAPMG9UWrInahZaXdsMm16n1I=
5,9,t+8qbjJdzyqSGE9UbZnf8Z1lk4E=,cOKAPMG9UWrInahZaXdsMm16n1I=
6,9,t+8qbjJdzyqSGE9UbZnf8Z1lk4E=,cOKAPMG9UWrInahZaXdsMm16n1I=
1,14,t+8qbjJdzyqSGE9UbZnf8Z1lk4E=,cOKAPMG9UWrInahZaXdsMm16n1I=
2,14,t+8qbjJdzyqSGE9UbZnf8Z1lk4E=,cOKAPMG9UWrInahZaXdsMm16n1I=
3,14,t+8qbjJdzyqSGE9UbZnf8Z1lk4E=,cOKAPMG9UWrInahZaXdsMm16n1I=
4,14,t+8qbjJdzyqSGE9UbZnf8Z1lk4E=,cOKAPMG9UWrInahZaXdsMm16n1I=
3,12,t+8qbjJdzyqSGE9UbZnf8Z1lk4E=,cOKAPMG9UWrInahZaXdsMm16n1I=
1,10,t+8qbjJdzyqSGE9UbZnf8Z1lk4E=,cOKAPMG9UWrInahZaXdsMm16n1I=
4,12,t+8qbjJdzyqSGE9UbZnf8Z1lk4E=,cOKAPMG9UWrInahZaXdsMm16n1I=
2,10,t+8qbjJdzyqSGE9UbZnf8Z1lk4E=,cOKAPMG9UWrInahZaXdsMm16n1I=
5,14,t+8qbjJdzyqSGE9UbZnf8Z1lk4E=,cOKAPMG9UWrInahZaXdsMm16n1I=
6,14,t+8qbjJdzyqSGE9UbZnf8Z1lk4E=,cOKAPMG9UWrInahZaXdsMm16n1I=
3,10,t+8qbjJdzyqSGE9UbZnf8Z1lk4E=,cOKAPMG9UWrInahZaXdsMm16n1I=
4,10,t+8qbjJdzyqSGE9UbZnf8Z1lk4E=,cOKAPMG9UWrInahZaXdsMm16n1I=
5,10,t+8qbjJdzyqSGE9UbZnf8Z1lk4E=,cOKAPMG9UWrInahZaXdsMm16n1I=
6,10,t+8qbjJdzyqSGE9UbZnf8Z1lk4E=,cOKAPMG9UWrInahZaXdsMm16n1I=
5,12,t+8qbjJdzyqSGE9UbZnf8Z1lk4E=,cOKAPMG9UWrInahZaXdsMm16n1I=
1,11,t+8qbjJdzyqSGE9UbZnf8Z1lk4E=,cOKAPMG9UWrInahZaXdsMm16n1I=
6,12,t+8qbjJdzyqSGE9UbZnf8Z1lk4E=,cOKAPMG9UWrInahZaXdsMm16n1I=
1,13,t+8qbjJdzyqSGE9UbZnf8Z1lk4E=,cOKAPMG9UWrInahZaXdsMm16n1I=
2,13,t+8qbjJdzyqSGE9UbZnf8Z1lk4E=,cOKAPMG9UWrInahZaXdsMm16n1I=
1,9,t+8qbjJdzyqSGE9UbZnf8Z1lk4E=,cOKAPMG9UWrInahZaXdsMm16n1I=
2,9,t+8qbjJdzyqSGE9UbZnf8Z1lk4E=,cOKAPMG9UWrInahZaXdsMm16n1I=
2,11,t+8qbjJdzyqSGE9UbZnf8Z1lk4E=,cOKAPMG9UWrInahZaXdsMm16n1I=
3,11,t+8qbjJdzyqSGE9UbZnf8Z1lk4E=,cOKAPMG9UWrInahZaXdsMm16n1I=
3,9,t+8qbjJdzyqSGE9UbZnf8Z1lk4E=,cOKAPMG9UWrInahZaXdsMm16n1I=
3,13,t+8qbjJdzyqSGE9UbZnf8Z1lk4E=,cOKAPMG9UWrInahZaXdsMm16n1I=
12,13,t+8qbjJdzyqSGE9UbZnf8Z1lk4E=,yHtiQAabmChcYGTkkCss/q8v7TE=
13,13,t+8qbjJdzyqSGE9UbZnf8Z1lk4E=,yHtiQAabmChcYGTkkCss/q8v7TE=
12,10,t+8qbjJdzyqSGE9UbZnf8Z1lk4E=,yHtiQAabmChcYGTkkCss/q8v7TE=
14,13,t+8qbjJdzyqSGE9UbZnf8Z1lk4E=,yHtiQAabmChcYGTkkCss/q8v7TE=
7,11,t+8qbjJdzyqSGE9UbZnf8Z1lk4E=,cOKAPMG9UWrInahZaXdsMm16n1I=
11,10,t+8qbjJdzyqSGE9UbZnf8Z1lk4E=,yHtiQAabmChcYGTkkCss/q8v7TE=
4,5,t+8qbjJdzyqSGE9UbZnf8Z1lk4E=,0YibkdGkXLZWthNxa3K/FsSlu2o=
4,4,t+8qbjJdzyqSGE9UbZnf8Z1lk4E=,0YibkdGkXLZWthNxa3K/FsSlu2o=
5,4,t+8qbjJdzyqSGE9UbZnf8Z1lk4E=,0YibkdGkXLZWthNxa3K/FsSlu2o=
4,1,t+8qbjJdzyqSGE9UbZnf8Z1lk4E=,0YibkdGkXLZWthNxa3K/FsSlu2o=
5,5,t+8qbjJdzyqSGE9UbZnf8Z1lk4E=,0YibkdGkXLZWthNxa3K/FsSlu2o=
4,2,t+8qbjJdzyqSGE9UbZnf8Z1lk4E=,0YibkdGkXLZWthNxa3K/FsSlu2o=
4,3,t+8qbjJdzyqSGE9UbZnf8Z1lk4E=,0YibkdGkXLZWthNxa3K/FsSlu2o=
6,5,t+8qbjJdzyqSGE9UbZnf8Z1lk4E=,0YibkdGkXLZWthNxa3K/FsSlu2o=
4,6,t+8qbjJdzyqSGE9UbZnf8Z1lk4E=,0YibkdGkXLZWthNxa3K/FsSlu2o=
6,4,t+8qbjJdzyqSGE9UbZnf8Z1lk4E=,0YibkdGkXLZWthNxa3K/FsSlu2o=
15,13,t+8qbjJdzyqSGE9UbZnf8Z1lk4E=,yHtiQAabmChcYGTkkCss/q8v7TE=
2,1,t+8qbjJdzyqSGE9UbZnf8Z1lk4E=,0YibkdGkXLZWthNxa3K/FsSlu2o=
15,10,t+8qbjJdzyqSGE9UbZnf8Z1lk4E=,yHtiQAabmChcYGTkkCss/q8v7TE=
5,1,t+8qbjJdzyqSGE9UbZnf8Z1lk4E=,0YibkdGkXLZWthNxa3K/FsSlu2o=
15,11,t+8qbjJdzyqSGE9UbZnf8Z1lk4E=,yHtiQAabmChcYGTkkCss/q8v7TE=
5,6,t+8qbjJdzyqSGE9UbZnf8Z1lk4E=,0YibkdGkXLZWthNxa3K/FsSlu2o=
15,14,t+8qbjJdzyqSGE9UbZnf8Z1lk4E=,yHtiQAabmChcYGTkkCss/q8v7TE=
1,2,t+8qbjJdzyqSGE9UbZnf8Z1lk4E=,0YibkdGkXLZWthNxa3K/FsSlu2o=
6,6,t+8qbjJdzyqSGE9UbZnf8Z1lk4E=,0YibkdGkXLZWthNxa3K/FsSlu2o=
15,12,t+8qbjJdzyqSGE9UbZnf8Z1lk4E=,yHtiQAabmChcYGTkkCss/q8v7TE=
2,2,t+8qbjJdzyqSGE9UbZnf8Z1lk4E=,0YibkdGkXLZWthNxa3K/FsSlu2o=
15,9,t+8qbjJdzyqSGE9UbZnf8Z1lk4E=,yHtiQAabmChcYGTkkCss/q8v7TE=
6,3,t+8qbjJdzyqSGE9UbZnf8Z1lk4E=,0YibkdGkXLZWthNxa3K/FsSlu2o=
1,5,t+8qbjJdzyqSGE9UbZnf8Z1lk4E=,0YibkdGkXLZWthNxa3K/FsSlu2o=
1,3,t+8qbjJdzyqSGE9UbZnf8Z1lk4E=,0YibkdGkXLZWthNxa3K/FsSlu2o=
4,7,t+8qbjJdzyqSGE9UbZnf8Z1lk4E=,0YibkdGkXLZWthNxa3K/FsSlu2o=
6,1,t+8qbjJdzyqSGE9UbZnf8Z1lk4E=,0YibkdGkXLZWthNxa3K/FsSlu2o=
11,12,t+8qbjJdzyqSGE9UbZnf8Z1lk4E=,yHtiQAabmChcYGTkkCss/q8v7TE=
3,4,t+8qbjJdzyqSGE9UbZnf8Z1lk4E=,0YibkdGkXLZWthNxa3K/FsSlu2o=
5,2,t+8qbjJdzyqSGE9UbZnf8Z1lk4E=,0YibkdGkXLZWthNxa3K/FsSlu2o=
11,13,t+8qbjJdzyqSGE9UbZnf8Z1lk4E=,yHtiQAabmChcYGTkkCss/q8v7TE=
5,7,t+8qbjJdzyqSGE9UbZnf8Z1lk4E=,0YibkdGkXLZWthNxa3K/FsSlu2o=
1,6,t+8qbjJdzyqSGE9UbZnf8Z1lk4E=,0YibkdGkXLZWthNxa3K/FsSlu2o=
3,2,t+8qbjJdzyqSGE9UbZnf8Z1lk4E=,0YibkdGkXLZWthNxa3K/FsSlu2o=
3,1,t+8qbjJdzyqSGE9UbZnf8Z1lk4E=,0YibkdGkXLZWthNxa3K/FsSlu2o=
2,6,t+8qbjJdzyqSGE9UbZnf8Z1lk4E=,0YibkdGkXLZWthNxa3K/FsSlu2o=
10,10,t+8qbjJdzyqSGE9UbZnf8Z1lk4E=,yHtiQAabmChcYGTkkCss/q8v7TE=
5,3,t+8qbjJdzyqSGE9UbZnf8Z1lk4E=,0YibkdGkXLZWthNxa3K/FsSlu2o=
1,8,t+8qbjJdzyqSGE9UbZnf8Z1lk4E=,cOKAPMG9UWrInahZaXdsMm16n1I=
11,9,t+8qbjJdzyqSGE9UbZnf8Z1lk4E=,yHtiQAabmChcYGTkkCss/q8v7TE=
1,4,t+8qbjJdzyqSGE9UbZnf8Z1lk4E=,0YibkdGkXLZWthNxa3K/FsSlu2o=
2,8,t+8qbjJdzyqSGE9UbZnf8Z1lk4E=,cOKAPMG9UWrInahZaXdsMm16n1I=
1,0,t+8qbjJdzyqSGE9UbZnf8Z1lk4E=,0YibkdGkXLZWthNxa3K/FsSlu2o=
10,12,t+8qbjJdzyqSGE9UbZnf8Z1lk4E=,yHtiQAabmChcYGTkkCss/q8v7TE=
6,0,t+8qbjJdzyqSGE9UbZnf8Z1lk4E=,0YibkdGkXLZWthNxa3K/FsSlu2o=
2,0,t+8qbjJdzyqSGE9UbZnf8Z1lk4E=,0YibkdGkXLZWthNxa3K/FsSlu2o=
1,1,t+8qbjJdzyqSGE9UbZnf8Z1lk4E=,0YibkdGkXLZWthNxa3K/FsSlu2o=
9,10,t+8qbjJdzyqSGE9UbZnf8Z1lk4E=,yHtiQAabmChcYGTkkCss/q8v7TE=
7,12,t+8qbjJdzyqSGE9UbZnf8Z1lk4E=,cOKAPMG9UWrInahZaXdsMm16n1I=
2,5,t+8qbjJdzyqSGE9UbZnf8Z1lk4E=,0YibkdGkXLZWthNxa3K/FsSlu2o=
5,0,t+8qbjJdzyqSGE9UbZnf8Z1lk4E=,0YibkdGkXLZWthNxa3K/FsSlu2o=
3,0,t+8qbjJdzyqSGE9UbZnf8Z1lk4E=,0YibkdGkXLZWthNxa3K/FsSlu2o=
6,7,t+8qbjJdzyqSGE9UbZnf8Z1lk4E=,0YibkdGkXLZWthNxa3K/FsSlu2o=
10,13,t+8qbjJdzyqSGE9UbZnf8Z1lk4E=,yHtiQAabmChcYGTkkCss/q8v7TE=
4,0,t+8qbjJdzyqSGE9UbZnf8Z1lk4E=,0YibkdGkXLZWthNxa3K/FsSlu2o=
8,10,t+8qbjJdzyqSGE9UbZnf8Z1lk4E=,yHtiQAabmChcYGTkkCss/q8v7TE=
1,7,t+8qbjJdzyqSGE9UbZnf8Z1lk4E=,0YibkdGkXLZWthNxa3K/FsSlu2o=
3,8,t+8qbjJdzyqSGE9UbZnf8Z1lk4E=,cOKAPMG9UWrInahZaXdsMm16n1I=
2,3,t+8qbjJdzyqSGE9UbZnf8Z1lk4E=,0YibkdGkXLZWthNxa3K/FsSlu2o=
4,8,t+8qbjJdzyqSGE9UbZnf8Z1lk4E=,cOKAPMG9UWrInahZaXdsMm16n1I=
5,8,t+8qbjJdzyqSGE9UbZnf8Z1lk4E=,cOKAPMG9UWrInahZaXdsMm16n1I=
9,13,t+8qbjJdzyqSGE9UbZnf8Z1lk4E=,yHtiQAabmChcYGTkkCss/q8v7TE=
3,3,t+8qbjJdzyqSGE9UbZnf8Z1lk4E=,0YibkdGkXLZWthNxa3K/FsSlu2o=
6,8,t+8qbjJdzyqSGE9UbZnf8Z1lk4E=,cOKAPMG9UWrInahZaXdsMm16n1I=
3,5,t+8qbjJdzyqSGE9UbZnf8Z1lk4E=,0YibkdGkXLZWthNxa3K/FsSlu2o=
2,4,t+8qbjJdzyqSGE9UbZnf8Z1lk4E=,0YibkdGkXLZWthNxa3K/FsSlu2o=
2,7,t+8qbjJdzyqSGE9UbZnf8Z1lk4E=,0YibkdGkXLZWthNxa3K/FsSlu2o=
9,12,t+8qbjJdzyqSGE9UbZnf8Z1lk4E=,yHtiQAabmChcYGTkkCss/q8v7TE=
6,2,t+8qbjJdzyqSGE9UbZnf8Z1lk4E=,0YibkdGkXLZWthNxa3K/FsSlu2o=
3,7,t+8qbjJdzyqSGE9UbZnf8Z1lk4E=,0YibkdGkXLZWthNxa3K/FsSlu2o=
3,6,t+8qbjJdzyqSGE9UbZnf8Z1lk4E=,0YibkdGkXLZWthNxa3K/FsSlu2o=
8,13,t+8qbjJdzyqSGE9UbZnf8Z1lk4E=,yHtiQAabmChcYGTkkCss/q8v7TE=
7,10,t+8qbjJdzyqSGE9UbZnf8Z1lk4E=,cOKAPMG9UWrInahZaXdsMm16n1I=
14,9,t+8qbjJdzyqSGE9UbZnf8Z1lk4E=,yHtiQAabmChcYGTkkCss/q8v7TE=
4,15,t+8qbjJdzyqSGE9UbZnf8Z1lk4E=,cOKAPMG9UWrInahZaXdsMm16n1I=
10,9,t+8qbjJdzyqSGE9UbZnf8Z1lk4E=,yHtiQAabmChcYGTkkCss/q8v7TE=
7,14,t+8qbjJdzyqSGE9UbZnf8Z1lk4E=,cOKAPMG9UWrInahZaXdsMm16n1I=
8,12,t+8qbjJdzyqSGE9UbZnf8Z1lk4E=,yHtiQAabmChcYGTkkCss/q8v7TE=
5,15,t+8qbjJdzyqSGE9UbZnf8Z1lk4E=,cOKAPMG9UWrInahZaXdsMm16n1I=
14,14,t+8qbjJdzyqSGE9UbZnf8Z1lk4E=,yHtiQAabmChcYGTkkCss/q8v7TE=
6,15,t+8qbjJdzyqSGE9UbZnf8Z1lk4E=,cOKAPMG9UWrInahZaXdsMm16n1I=
14,11,t+8qbjJdzyqSGE9UbZnf8Z1lk4E=,yHtiQAabmChcYGTkkCss/q8v7TE=
1,15,t+8qbjJdzyqSGE9UbZnf8Z1lk4E=,cOKAPMG9UWrInahZaXdsMm16n1I=
13,11,t+8qbjJdzyqSGE9UbZnf8Z1lk4E=,yHtiQAabmChcYGTkkCss/q8v7TE=
13,14,t+8qbjJdzyqSGE9UbZnf8Z1lk4E=,yHtiQAabmChcYGTkkCss/q8v7TE=
2,15,t+8qbjJdzyqSGE9UbZnf8Z1lk4E=,cOKAPMG9UWrInahZaXdsMm16n1I=
9,9,t+8qbjJdzyqSGE9UbZnf8Z1lk4E=,yHtiQAabmChcYGTkkCss/q8v7TE=
3,15,t+8qbjJdzyqSGE9UbZnf8Z1lk4E=,cOKAPMG9UWrInahZaXdsMm16n1I=
11,11,t+8qbjJdzyqSGE9UbZnf8Z1lk4E=,yHtiQAabmChcYGTkkCss/q8v7TE=
8,9,t+8qbjJdzyqSGE9UbZnf8Z1lk4E=,yHtiQAabmChcYGTkkCss/q8v7TE=
12,15,t+8qbjJdzyqSGE9UbZnf8Z1lk4E=,yHtiQAabmChcYGTkkCss/q8v7TE=
11,15,t+8qbjJdzyqSGE9UbZnf8Z1lk4E=,yHtiQAabmChcYGTkkCss/q8v7TE=
7,15,t+8qbjJdzyqSGE9UbZnf8Z1lk4E=,cOKAPMG9UWrInahZaXdsMm16n1I=
12,14,t+8qbjJdzyqSGE9UbZnf8Z1lk4E=,yHtiQAabmChcYGTkkCss/q8v7TE=
9,15,t+8qbjJdzyqSGE9UbZnf8Z1lk4E=,yHtiQAabmChcYGTkkCss/q8v7TE=
10,15,t+8qbjJdzyqSGE9UbZnf8Z1lk4E=,yHtiQAabmChcYGTkkCss/q8v7TE=
13,15,t+8qbjJdzyqSGE9UbZnf8Z1lk4E=,yHtiQAabmChcYGTkkCss/q8v7TE=
8,15,t+8qbjJdzyqSGE9UbZnf8Z1lk4E=,yHtiQAabmChcYGTkkCss/q8v7TE=
14,15,t+8qbjJdzyqSGE9UbZnf8Z1lk4E=,yHtiQAabmChcYGTkkCss/q8v7TE=
10,11,t+8qbjJdzyqSGE9UbZnf8Z1lk4E=,yHtiQAabmChcYGTkkCss/q8v7TE=
14,12,t+8qbjJdzyqSGE9UbZnf8Z1lk4E=,yHtiQAabmChcYGTkkCss/q8v7TE=
12,11,t+8qbjJdzyqSGE9UbZnf8Z1lk4E=,yHtiQAabmChcYGTkkCss/q8v7TE=
9,11,t+8qbjJdzyqSGE9UbZnf8Z1lk4E=,yHtiQAabmChcYGTkkCss/q8v7TE=
8,11,t+8qbjJdzyqSGE9UbZnf8Z1lk4E=,yHtiQAabmChcYGTkkCss/q8v7TE=
7,9,t+8qbjJdzyqSGE9UbZnf8Z1lk4E=,cOKAPMG9UWrInahZaXdsMm16n1I=
11,14,t+8qbjJdzyqSGE9UbZnf8Z1lk4E=,yHtiQAabmChcYGTkkCss/q8v7TE=
9,14,t+8qbjJdzyqSGE9UbZnf8Z1lk4E=,yHtiQAabmChcYGTkkCss/q8v7TE=
10,14,t+8qbjJdzyqSGE9UbZnf8Z1lk4E=,yHtiQAabmChcYGTkkCss/q8v7TE=
8,14,t+8qbjJdzyqSGE9UbZnf8Z1lk4E=,yHtiQAabmChcYGTkkCss/q8v7TE=
13,9,t+8qbjJdzyqSGE9UbZnf8Z1lk4E=,yHtiQAabmChcYGTkkCss/q8v7TE=
14,10,t+8qbjJdzyqSGE9UbZnf8Z1lk4E=,yHtiQAabmChcYGTkkCss/q8v7TE=
7,13,t+8qbjJdzyqSGE9UbZnf8Z1lk4E=,cOKAPMG9UWrInahZaXdsMm16n1I=
13,10,t+8qbjJdzyqSGE9UbZnf8Z1lk4E=,yHtiQAabmChcYGTkkCss/q8v7TE=
12,9,t+8qbjJdzyqSGE9UbZnf8Z1lk4E=,yHtiQAabmChcYGTkkCss/q8v7TE=
12,12,t+8qbjJdzyqSGE9UbZnf8Z1lk4E=,yHtiQAabmChcYGTkkCss/q8v7TE=
0,12,t+8qbjJdzyqSGE9UbZnf8Z1lk4E=,cOKAPMG9UWrInahZaXdsMm16n1I=
0,13,t+8qbjJdzyqSGE9UbZnf8Z1lk4E=,cOKAPMG9UWrInahZaXdsMm16n1I=
0,14,t+8qbjJdzyqSGE9UbZnf8Z1lk4E=,cOKAPMG9UWrInahZaXdsMm16n1I=
0,15,t+8qbjJdzyqSGE9UbZnf8Z1lk4E=,cOKAPMG9UWrInahZaXdsMm16n1I=
0,9,t+8qbjJdzyqSGE9UbZnf8Z1lk4E=,cOKAPMG9UWrInahZaXdsMm16n1I=
0,10,t+8qbjJdzyqSGE9UbZnf8Z1lk4E=,cOKAPMG9UWrInahZaXdsMm16n1I=
0,2,t+8qbjJdzyqSGE9UbZnf8Z1lk4E=,0YibkdGkXLZWthNxa3K/FsSlu2o=
0,4,t+8qbjJdzyqSGE9UbZnf8Z1lk4E=,0YibkdGkXLZWthNxa3K/FsSlu2o=
0,11,t+8qbjJdzyqSGE9UbZnf8Z1lk4E=,cOKAPMG9UWrInahZaXdsMm16n1I=
0,1,t+8qbjJdzyqSGE9UbZnf8Z1lk4E=,0YibkdGkXLZWthNxa3K/FsSlu2o=
0,3,t+8qbjJdzyqSGE9UbZnf8Z1lk4E=,0YibkdGkXLZWthNxa3K/FsSlu2o=
0,7,t+8qbjJdzyqSGE9UbZnf8Z1lk4E=,0YibkdGkXLZWthNxa3K/FsSlu2o=
0,5,t+8qbjJdzyqSGE9UbZnf8Z1lk4E=,0YibkdGkXLZWthNxa3K/FsSlu2o=
0,6,t+8qbjJdzyqSGE9UbZnf8Z1lk4E=,0YibkdGkXLZWthNxa3K/FsSlu2o=
0,8,t+8qbjJdzyqSGE9UbZnf8Z1lk4E=,cOKAPMG9UWrInahZaXdsMm16n1I=
13,12,t+8qbjJdzyqSGE9UbZnf8Z1lk4E=,yHtiQAabmChcYGTkkCss/q8v7TE=
12,5,t+8qbjJdzyqSGE9UbZnf8Z1lk4E=,VcitiBLU6pFs7OIF6oIOJMrGNy4=
11,6,t+8qbjJdzyqSGE9UbZnf8Z1lk4E=,VcitiBLU6pFs7OIF6oIOJMrGNy4=
15,7,t+8qbjJdzyqSGE9UbZnf8Z1lk4E=,VcitiBLU6pFs7OIF6oIOJMrGNy4=
13,5,t+8qbjJdzyqSGE9UbZnf8Z1lk4E=,VcitiBLU6pFs7OIF6oIOJMrGNy4=
0,0,t+8qbjJdzyqSGE9UbZnf8Z1lk4E=,0YibkdGkXLZWthNxa3K/FsSlu2o=
11,2,t+8qbjJdzyqSGE9UbZnf8Z1lk4E=,VcitiBLU6pFs7OIF6oIOJMrGNy4=
15,15,t+8qbjJdzyqSGE9UbZnf8Z1lk4E=,yHtiQAabmChcYGTkkCss/q8v7TE=
11,5,t+8qbjJdzyqSGE9UbZnf8Z1lk4E=,VcitiBLU6pFs7OIF6oIOJMrGNy4=
7,2,t+8qbjJdzyqSGE9UbZnf8Z1lk4E=,0YibkdGkXLZWthNxa3K/FsSlu2o=
13,3,t+8qbjJdzyqSGE9UbZnf8Z1lk4E=,VcitiBLU6pFs7OIF6oIOJMrGNy4=
12,3,t+8qbjJdzyqSGE9UbZnf8Z1lk4E=,VcitiBLU6pFs7OIF6oIOJMrGNy4=
11,0,t+8qbjJdzyqSGE9UbZnf8Z1lk4E=,VcitiBLU6pFs7OIF6oIOJMrGNy4=
10,6,t+8qbjJdzyqSGE9UbZnf8Z1lk4E=,VcitiBLU6pFs7OIF6oIOJMrGNy4=
11,3,t+8qbjJdzyqSGE9UbZnf8Z1lk4E=,VcitiBLU6pFs7OIF6oIOJMrGNy4=
7,8,t+8qbjJdzyqSGE9UbZnf8Z1lk4E=,cOKAPMG9UWrInahZaXdsMm16n1I=
12,6,t+8qbjJdzyqSGE9UbZnf8Z1lk4E=,VcitiBLU6pFs7OIF6oIOJMrGNy4=
9,6,t+8qbjJdzyqSGE9UbZnf8Z1lk4E=,VcitiBLU6pFs7OIF6oIOJMrGNy4=
10,3,t+8qbjJdzyqSGE9UbZnf8Z1lk4E=,VcitiBLU6pFs7OIF6oIOJMrGNy4=
9,3,t+8qbjJdzyqSGE9UbZnf8Z1lk4E=,VcitiBLU6pFs7OIF6oIOJMrGNy4=
12,0,t+8qbjJdzyqSGE9UbZnf8Z1lk4E=,VcitiBLU6pFs7OIF6oIOJMrGNy4=
9,2,t+8qbjJdzyqSGE9UbZnf8Z1lk4E=,VcitiBLU6pFs7OIF6oIOJMrGNy4=
10,2,t+8qbjJdzyqSGE9UbZnf8Z1lk4E=,VcitiBLU6pFs7OIF6oIOJMrGNy4=
14,3,t+8qbjJdzyqSGE9UbZnf8Z1lk4E=,VcitiBLU6pFs7OIF6oIOJMrGNy4=
8,2,t+8qbjJdzyqSGE9UbZnf8Z1lk4E=,VcitiBLU6pFs7OIF6oIOJMrGNy4=
10,5,t+8qbjJdzyqSGE9UbZnf8Z1lk4E=,VcitiBLU6pFs7OIF6oIOJMrGNy4=
7,7,t+8qbjJdzyqSGE9UbZnf8Z1lk4E=,0YibkdGkXLZWthNxa3K/FsSlu2o=
9,5,t+8qbjJdzyqSGE9UbZnf8Z1lk4E=,VcitiBLU6pFs7OIF6oIOJMrGNy4=
12,2,t+8qbjJdzyqSGE9UbZnf8Z1lk4E=,VcitiBLU6pFs7OIF6oIOJMrGNy4=
10,0,t+8qbjJdzyqSGE9UbZnf8Z1lk4E=,VcitiBLU6pFs7OIF6oIOJMrGNy4=
15,1,t+8qbjJdzyqSGE9UbZnf8Z1lk4E=,VcitiBLU6pFs7OIF6oIOJMrGNy4=
9,0,t+8qbjJdzyqSGE9UbZnf8Z1lk4E=,VcitiBLU6pFs7OIF6oIOJMrGNy4=
15,2,t+8qbjJdzyqSGE9UbZnf8Z1lk4E=,VcitiBLU6pFs7OIF6oIOJMrGNy4=
8,3,t+8qbjJdzyqSGE9UbZnf8Z1lk4E=,VcitiBLU6pFs7OIF6oIOJMrGNy4=
15,3,t+8qbjJdzyqSGE9UbZnf8Z1lk4E=,VcitiBLU6pFs7OIF6oIOJMrGNy4=
15,8,t+8qbjJdzyqSGE9UbZnf8Z1lk4E=,yHtiQAabmChcYGTkkCss/q8v7TE=
13,0,t+8qbjJdzyqSGE9UbZnf8Z1lk4E=,VcitiBLU6pFs7OIF6oIOJMrGNy4=
7,3,t+8qbjJdzyqSGE9UbZnf8Z1lk4E=,0YibkdGkXLZWthNxa3K/FsSlu2o=
14,8,t+8qbjJdzyqSGE9UbZnf8Z1lk4E=,yHtiQAabmChcYGTkkCss/q8v7TE=
8,4,t+8qbjJdzyqSGE9UbZnf8Z1lk4E=,VcitiBLU6pFs7OIF6oIOJMrGNy4=
8,5,t+8qbjJdzyqSGE9UbZnf8Z1lk4E=,VcitiBLU6pFs7OIF6oIOJMrGNy4=
14,4,t+8qbjJdzyqSGE9UbZnf8Z1lk4E=,VcitiBLU6pFs7OIF6oIOJMrGNy4=
13,4,t+8qbjJdzyqSGE9UbZnf8Z1lk4E=,VcitiBLU6pFs7OIF6oIOJMrGNy4=
15,4,t+8qbjJdzyqSGE9UbZnf8Z1lk4E=,VcitiBLU6pFs7OIF6oIOJMrGNy4=
14,0,t+8qbjJdzyqSGE9UbZnf8Z1lk4E=,VcitiBLU6pFs7OIF6oIOJMrGNy4=
14,1,t+8qbjJdzyqSGE9UbZnf8Z1lk4E=,VcitiBLU6pFs7OIF6oIOJMrGNy4=
8,6,t+8qbjJdzyqSGE9UbZnf8Z1lk4E=,VcitiBLU6pFs7OIF6oIOJMrGNy4=
15,0,t+8qbjJdzyqSGE9UbZnf8Z1lk4E=,VcitiBLU6pFs7OIF6oIOJMrGNy4=
13,8,t+8qbjJdzyqSGE9UbZnf8Z1lk4E=,yHtiQAabmChcYGTkkCss/q8v7TE=
7,6,t+8qbjJdzyqSGE9UbZnf8Z1lk4E=,0YibkdGkXLZWthNxa3K/FsSlu2o=
12,8,t+8qbjJdzyqSGE9UbZnf8Z1lk4E=,yHtiQAabmChcYGTkkCss/q8v7TE=
7,0,t+8qbjJdzyqSGE9UbZnf8Z1lk4E=,0YibkdGkXLZWthNxa3K/FsSlu2o=
8,0,t+8qbjJdzyqSGE9UbZnf8Z1lk4E=,VcitiBLU6pFs7OIF6oIOJMrGNy4=
13,1,t+8qbjJdzyqSGE9UbZnf8Z1lk4E=,VcitiBLU6pFs7OIF6oIOJMrGNy4=
7,1,t+8qbjJdzyqSGE9UbZnf8Z1lk4E=,0YibkdGkXLZWthNxa3K/FsSlu2o=
11,7,t+8qbjJdzyqSGE9UbZnf8Z1lk4E=,VcitiBLU6pFs7OIF6oIOJMrGNy4=
12,1,t+8qbjJdzyqSGE9UbZnf8Z1lk4E=,VcitiBLU6pFs7OIF6oIOJMrGNy4=
15,5,t+8qbjJdzyqSGE9UbZnf8Z1lk4E=,VcitiBLU6pFs7OIF6oIOJMrGNy4=
13,6,t+8qbjJdzyqSGE9UbZnf8Z1lk4E=,VcitiBLU6pFs7OIF6oIOJMrGNy4=
12,4,t+8qbjJdzyqSGE9UbZnf8Z1lk4E=,VcitiBLU6pFs7OIF6oIOJMrGNy4=
14,5,t+8qbjJdzyqSGE9UbZnf8Z1lk4E=,VcitiBLU6pFs7OIF6oIOJMrGNy4=
10,7,t+8qbjJdzyqSGE9UbZnf8Z1lk4E=,VcitiBLU6pFs7OIF6oIOJMrGNy4=
8,1,t+8qbjJdzyqSGE9UbZnf8Z1lk4E=,VcitiBLU6pFs7OIF6oIOJMrGNy4=
11,4,t+8qbjJdzyqSGE9UbZnf8Z1lk4E=,VcitiBLU6pFs7OIF6oIOJMrGNy4=
11,8,t+8qbjJdzyqSGE9UbZnf8Z1lk4E=,yHtiQAabmChcYGTkkCss/q8v7TE=
9,7,t+8qbjJdzyqSGE9UbZnf8Z1lk4E=,VcitiBLU6pFs7OIF6oIOJMrGNy4=
14,2,t+8qbjJdzyqSGE9UbZnf8Z1lk4E=,VcitiBLU6pFs7OIF6oIOJMrGNy4=
10,8,t+8qbjJdzyqSGE9UbZnf8Z1lk4E=,yHtiQAabmChcYGTkkCss/q8v7TE=
13,2,t+8qbjJdzyqSGE9UbZnf8Z1lk4E=,VcitiBLU6pFs7OIF6oIOJMrGNy4=
14,6,t+8qbjJdzyqSGE9UbZnf8Z1lk4E=,VcitiBLU6pFs7OIF6oIOJMrGNy4=
11,1,t+8qbjJdzyqSGE9UbZnf8Z1lk4E=,VcitiBLU6pFs7OIF6oIOJMrGNy4=
7,5,t+8qbjJdzyqSGE9UbZnf8Z1lk4E=,0YibkdGkXLZWthNxa3K/FsSlu2o=
9,8,t+8qbjJdzyqSGE9UbZnf8Z1lk4E=,yHtiQAabmChcYGTkkCss/q8v7TE=
15,6,t+8qbjJdzyqSGE9UbZnf8Z1lk4E=,VcitiBLU6pFs7OIF6oIOJMrGNy4=
8,7,t+8qbjJdzyqSGE9UbZnf8Z1lk4E=,VcitiBLU6pFs7OIF6oIOJMrGNy4=
7,4,t+8qbjJdzyqSGE9UbZnf8Z1lk4E=,0YibkdGkXLZWthNxa3K/FsSlu2o=
14,7,t+8qbjJdzyqSGE9UbZnf8Z1lk4E=,VcitiBLU6pFs7OIF6oIOJMrGNy4=
10,4,t+8qbjJdzyqSGE9UbZnf8Z1lk4E=,VcitiBLU6pFs7OIF6oIOJMrGNy4=
8,8,t+8qbjJdzyqSGE9UbZnf8Z1lk4E=,yHtiQAabmChcYGTkkCss/q8v7TE=
9,4,t+8qbjJdzyqSGE9UbZnf8Z1lk4E=,VcitiBLU6pFs7OIF6oIOJMrGNy4=
9,1,t+8qbjJdzyqSGE9UbZnf8Z1lk4E=,VcitiBLU6pFs7OIF6oIOJMrGNy4=
10,1,t+8qbjJdzyqSGE9UbZnf8Z1lk4E=,VcitiBLU6pFs7OIF6oIOJMrGNy4=
12,7,t+8qbjJdzyqSGE9UbZnf8Z1lk4E=,VcitiBLU6pFs7OIF6oIOJMrGNy4=
13,7,t+8qbjJdzyqSGE9UbZnf8Z1lk4E=,VcitiBLU6pFs7OIF6oIOJMrGNy4=
1,19,dM26JRTH5dhfkI1XbFx+rvLt0D0=,yviV0q1acqvo6prhkR3+Zq20Kxw=
1,18,dM26JRTH5dhfkI1XbFx+rvLt0D0=,yviV0q1acqvo6prhkR3+Zq20Kxw=
1,21,dM26JRTH5dhfkI1XbFx+rvLt0D0=,yviV0q1acqvo6prhkR3+Zq20Kxw=
2,19,dM26JRTH5dhfkI1XbFx+rvLt0D0=,yviV0q1acqvo6prhkR3+Zq20Kxw=
6,22,dM26JRTH5dhfkI1XbFx+rvLt0D0=,yviV0q1acqvo6prhkR3+Zq20Kxw=
1,20,dM26JRTH5dhfkI1XbFx+rvLt0D0=,yviV0q1acqvo6prhkR3+Zq20Kxw=
2,20,dM26JRTH5dhfkI1XbFx+rvLt0D0=,yviV0q1acqvo6prhkR3+Zq20Kxw=
3,19,dM26JRTH5dhfkI1XbFx+rvLt0D0=,yviV0q1acqvo6prhkR3+Zq20Kxw=
2,18,dM26JRTH5dhfkI1XbFx+rvLt0D0=,yviV0q1acqvo6prhkR3+Zq20Kxw=
3,17,dM26JRTH5dhfkI1XbFx+rvLt0D0=,yviV0q1acqvo6prhkR3+Zq20Kxw=
6,21,dM26JRTH5dhfkI1XbFx+rvLt0D0=,yviV0q1acqvo6prhkR3+Zq20Kxw=
2,21,dM26JRTH5dhfkI1XbFx+rvLt0D0=,yviV0q1acqvo6prhkR3+Zq20Kxw=
4,17,dM26JRTH5dhfkI1XbFx+rvLt0D0=,yviV0q1acqvo6prhkR3+Zq20Kxw=
3,18,dM26JRTH5dhfkI1XbFx+rvLt0D0=,yviV0q1acqvo6prhkR3+Zq20Kxw=
4,18,dM26JRTH5dhfkI1XbFx+rvLt0D0=,yviV0q1acqvo6prhkR3+Zq20Kxw=
3,21,dM26JRTH5dhfkI1XbFx+rvLt0D0=,yviV0q1acqvo6prhkR3+Zq20Kxw=
4,21,dM26JRTH5dhfkI1XbFx+rvLt0D0=,yviV0q1acqvo6prhkR3+Zq20Kxw=
3,20,dM26JRTH5dhfkI1XbFx+rvLt0D0=,yviV0q1acqvo6prhkR3+Zq20Kxw=
4,20,dM26JRTH5dhfkI1XbFx+rvLt0D0=,yviV0q1acqvo6prhkR3+Zq20Kxw=
5,17,dM26JRTH5dhfkI1XbFx+rvLt0D0=,yviV0q1acqvo6prhkR3+Zq20Kxw=
1,17,dM26JRTH5dhfkI1XbFx+rvLt0D0=,yviV0q1acqvo6prhkR3+Zq20Kxw=
1,22,dM26JRTH5dhfkI1XbFx+rvLt0D0=,yviV0q1acqvo6prhkR3+Zq20Kxw=
5,20,dM26JRTH5dhfkI1XbFx+rvLt0D0=,yviV0q1acqvo6prhkR3+Zq20Kxw=
4,23,dM26JRTH5dhfkI1XbFx+rvLt0D0=,yviV0q1acqvo6prhkR3+Zq20Kxw=
6,20,dM26JRTH5dhfkI1XbFx+rvLt0D0=,yviV0q1acqvo6prhkR3+Zq20Kxw=
4,19,dM26JRTH5dhfkI1XbFx+rvLt0D0=,yviV0q1acqvo6prhkR3+Zq20Kxw=
2,22,dM26JRTH5dhfkI1XbFx+rvLt0D0=,yviV0q1acqvo6prhkR3+Zq20Kxw=
5,18,dM26JRTH5dhfkI1XbFx+rvLt0D0=,yviV0q1acqvo6prhkR3+Zq20Kxw=
3,22,dM26JRTH5dhfkI1XbFx+rvLt0D0=,yviV0q1acqvo6prhkR3+Zq20Kxw=
5,19,dM26JRTH5dhfkI1XbFx+rvLt0D0=,yviV0q1acqvo6prhkR3+Zq20Kxw=
4,22,dM26JRTH5dhfkI1XbFx+rvLt0D0=,yviV0q1acqvo6prhkR3+Zq20Kxw=
6,18,dM26JRTH5dhfkI1XbFx+rvLt0D0=,yviV0q1acqvo6prhkR3+Zq20Kxw=
6,17,dM26JRTH5dhfkI1XbFx+rvLt0D0=,yviV0q1acqvo6prhkR3+Zq20Kxw=
2,17,dM26JRTH5dhfkI1XbFx+rvLt0D0=,yviV0q1acqvo6prhkR3+Zq20Kxw=
6,19,dM26JRTH5dhfkI1XbFx+rvLt0D0=,yviV0q1acqvo6prhkR3+Zq20Kxw=
5,21,dM26JRTH5dhfkI1XbFx+rvLt0D0=,yviV0q1acqvo6prhkR3+Zq20Kxw=
5,22,dM26JRTH5dhfkI1XbFx+rvLt0D0=,yviV0q1acqvo6prhkR3+Zq20Kxw=
5,23,dM26JRTH5dhfkI1XbFx+rvLt0D0=,yviV0q1acqvo6prhkR3+Zq20Kxw=
6,23,dM26JRTH5dhfkI1XbFx+rvLt0D0=,yviV0q1acqvo6prhkR3+Zq20Kxw=
1,24,dM26JRTH5dhfkI1XbFx+rvLt0D0=,K6nOeX2cecyrRBkZf5BFMZWIAcs=
2,24,dM26JRTH5dhfkI1XbFx+rvLt0D0=,K6nOeX2cecyrRBkZf5BFMZWIAcs=
3,24,dM26JRTH5dhfkI1XbFx+rvLt0D0=,K6nOeX2cecyrRBkZf5BFMZWIAcs=
4,24,dM26JRTH5dhfkI1XbFx+rvLt0D0=,K6nOeX2cecyrRBkZf5BFMZWIAcs=
5,24,dM26JRTH5dhfkI1XbFx+rvLt0D0=,K6nOeX2cecyrRBkZf5BFMZWIAcs=
6,24,dM26JRTH5dhfkI1XbFx+rvLt0D0=,K6nOeX2cecyrRBkZf5BFMZWIAcs=
1,25,dM26JRTH5dhfkI1XbFx+rvLt0D0=,K6nOeX2cecyrRBkZf5BFMZWIAcs=
2,25,dM26JRTH5dhfkI1XbFx+rvLt0D0=,K6nOeX2cecyrRBkZf5BFMZWIAcs=
3,25,dM26JRTH5dhfkI1XbFx+rvLt0D0=,K6nOeX2cecyrRBkZf5BFMZWIAcs=
4,25,dM26JRTH5dhfkI1XbFx+rvLt0D0=,K6nOeX2cecyrRBkZf5BFMZWIAcs=
5,25,dM26JRTH5dhfkI1XbFx+rvLt0D0=,K6nOeX2cecyrRBkZf5BFMZWIAcs=
6,25,dM26JRTH5dhfkI1XbFx+rvLt0D0=,K6nOeX2cecyrRBkZf5BFMZWIAcs=
1,26,dM26JRTH5dhfkI1XbFx+rvLt0D0=,K6nOeX2cecyrRBkZf5BFMZWIAcs=
2,26,dM26JRTH5dhfkI1XbFx+rvLt0D0=,K6nOeX2cecyrRBkZf5BFMZWIAcs=
12,29,dM26JRTH5dhfkI1XbFx+rvLt0D0=,pqZQtwYoYVpO1tL6DpJdtemPsSo=
13,29,dM26JRTH5dhfkI1XbFx+rvLt0D0=,pqZQtwYoYVpO1tL6DpJdtemPsSo=
14,29,dM26JRTH5dhfkI1XbFx+rvLt0D0=,pqZQtwYoYVpO1tL6DpJdtemPsSo=
8,30,dM26JRTH5dhfkI1XbFx+rvLt0D0=,pqZQtwYoYVpO1tL6DpJdtemPsSo=
9,30,dM26JRTH5dhfkI1XbFx+rvLt0D0=,pqZQtwYoYVpO1tL6DpJdtemPsSo=
8,25,dM26JRTH5dhfkI1XbFx+rvLt0D0=,pqZQtwYoYVpO1tL6DpJdtemPsSo=
9,25,dM26JRTH5dhfkI1XbFx+rvLt0D0=,pqZQtwYoYVpO1tL6DpJdtemPsSo=
10,25,dM26JRTH5dhfkI1XbFx+rvLt0D0=,pqZQtwYoYVpO1tL6DpJdtemPsSo=
10,30,dM26JRTH5dhfkI1XbFx+rvLt0D0=,pqZQtwYoYVpO1tL6DpJdtemPsSo=
11,30,dM26JRTH5dhfkI1XbFx+rvLt0D0=,pqZQtwYoYVpO1tL6DpJdtemPsSo=
11,25,dM26JRTH5dhfkI1XbFx+rvLt0D0=,pqZQtwYoYVpO1tL6DpJdtemPsSo=
12,25,dM26JRTH5dhfkI1XbFx+rvLt0D0=,pqZQtwYoYVpO1tL6DpJdtemPsSo=
12,30,dM26JRTH5dhfkI1XbFx+rvLt0D0=,pqZQtwYoYVpO1tL6DpJdtemPsSo=
13,30,dM26JRTH5dhfkI1XbFx+rvLt0D0=,pqZQtwYoYVpO1tL6DpJdtemPsSo=
14,30,dM26JRTH5dhfkI1XbFx+rvLt0D0=,pqZQtwYoYVpO1tL6DpJdtemPsSo=
13,25,dM26JRTH5dhfkI1XbFx+rvLt0D0=,pqZQtwYoYVpO1tL6DpJdtemPsSo=
14,25,dM26JRTH5dhfkI1XbFx+rvLt0D0=,pqZQtwYoYVpO1tL6DpJdtemPsSo=
8,26,dM26JRTH5dhfkI1XbFx+rvLt0D0=,pqZQtwYoYVpO1tL6DpJdtemPsSo=
9,26,dM26JRTH5dhfkI1XbFx+rvLt0D0=,pqZQtwYoYVpO1tL6DpJdtemPsSo=
10,26,dM26JRTH5dhfkI1XbFx+rvLt0D0=,pqZQtwYoYVpO1tL6DpJdtemPsSo=
11,26,dM26JRTH5dhfkI1XbFx+rvLt0D0=,pqZQtwYoYVpO1tL6DpJdtemPsSo=
12,26,dM26JRTH5dhfkI1XbFx+rvLt0D0=,pqZQtwYoYVpO1tL6DpJdtemPsSo=
13,26,dM26JRTH5dhfkI1XbFx+rvLt0D0=,pqZQtwYoYVpO1tL6DpJdtemPsSo=
7,25,dM26JRTH5dhfkI1XbFx+rvLt0D0=,K6nOeX2cecyrRBkZf5BFMZWIAcs=
14,26,dM26JRTH5dhfkI1XbFx+rvLt0D0=,pqZQtwYoYVpO1tL6DpJdtemPsSo=
8,27,dM26JRTH5dhfkI1XbFx+rvLt0D0=,pqZQtwYoYVpO1tL6DpJdtemPsSo=
9,27,dM26JRTH5dhfkI1XbFx+rvLt0D0=,pqZQtwYoYVpO1tL6DpJdtemPsSo=
10,27,dM26JRTH5dhfkI1XbFx+rvLt0D0=,pqZQtwYoYVpO1tL6DpJdtemPsSo=
11,27,dM26JRTH5dhfkI1XbFx+rvLt0D0=,pqZQtwYoYVpO1tL6DpJdtemPsSo=
12,27,dM26JRTH5dhfkI1XbFx+rvLt0D0=,pqZQtwYoYVpO1tL6DpJdtemPsSo=
13,27,dM26JRTH5dhfkI1XbFx+rvLt0D0=,pqZQtwYoYVpO1tL6DpJdtemPsSo=
14,27,dM26JRTH5dhfkI1XbFx+rvLt0D0=,pqZQtwYoYVpO1tL6DpJdtemPsSo=
7,26,dM26JRTH5dhfkI1XbFx+rvLt0D0=,K6nOeX2cecyrRBkZf5BFMZWIAcs=
8,28,dM26JRTH5dhfkI1XbFx+rvLt0D0=,pqZQtwYoYVpO1tL6DpJdtemPsSo=
7,27,dM26JRTH5dhfkI1XbFx+rvLt0D0=,K6nOeX2cecyrRBkZf5BFMZWIAcs=
9,28,dM26JRTH5dhfkI1XbFx+rvLt0D0=,pqZQtwYoYVpO1tL6DpJdtemPsSo=
10,28,dM26JRTH5dhfkI1XbFx+rvLt0D0=,pqZQtwYoYVpO1tL6DpJdtemPsSo=
7,28,dM26JRTH5dhfkI1XbFx+rvLt0D0=,K6nOeX2cecyrRBkZf5BFMZWIAcs=
3,26,dM26JRTH5dhfkI1XbFx+rvLt0D0=,K6nOeX2cecyrRBkZf5BFMZWIAcs=
15,29,dM26JRTH5dhfkI1XbFx+rvLt0D0=,pqZQtwYoYVpO1tL6DpJdtemPsSo=
4,26,dM26JRTH5dhfkI1XbFx+rvLt0D0=,K6nOeX2cecyrRBkZf5BFMZWIAcs=
11,29,dM26JRTH5dhfkI1XbFx+rvLt0D0=,pqZQtwYoYVpO1tL6DpJdtemPsSo=
15,30,dM26JRTH5dhfkI1XbFx+rvLt0D0=,pqZQtwYoYVpO1tL6DpJdtemPsSo=
1,23,dM26JRTH5dhfkI1XbFx+rvLt0D0=,yviV0q1acqvo6prhkR3+Zq20Kxw=
15,25,dM26JRTH5dhfkI1XbFx+rvLt0D0=,pqZQtwYoYVpO1tL6DpJdtemPsSo=
10,29,dM26JRTH5dhfkI1XbFx+rvLt0D0=,pqZQtwYoYVpO1tL6DpJdtemPsSo=
15,28,dM26JRTH5dhfkI1XbFx+rvLt0D0=,pqZQtwYoYVpO1tL6DpJdtemPsSo=
5,26,dM26JRTH5dhfkI1XbFx+rvLt0D0=,K6nOeX2cecyrRBkZf5BFMZWIAcs=
15,26,dM26JRTH5dhfkI1XbFx+rvLt0D0=,pqZQtwYoYVpO1tL6DpJdtemPsSo=
2,23,dM26JRTH5dhfkI1XbFx+rvLt0D0=,yviV0q1acqvo6prhkR3+Zq20Kxw=
15,27,dM26JRTH5dhfkI1XbFx+rvLt0D0=,pqZQtwYoYVpO1tL6DpJdtemPsSo=
6,26,dM26JRTH5dhfkI1XbFx+rvLt0D0=,K6nOeX2cecyrRBkZf5BFMZWIAcs=
3,23,dM26JRTH5dhfkI1XbFx+rvLt0D0=,yviV0q1acqvo6prhkR3+Zq20Kxw=
9,29,dM26JRTH5dhfkI1XbFx+rvLt0D0=,pqZQtwYoYVpO1tL6DpJdtemPsSo=
1,27,dM26JRTH5dhfkI1XbFx+rvLt0D0=,K6nOeX2cecyrRBkZf5BFMZWIAcs=
15,23,dM26JRTH5dhfkI1XbFx+rvLt0D0=,ie6a1lubdMyx2CKUTse1Xh40I3k=
2,27,dM26JRTH5dhfkI1XbFx+rvLt0D0=,K6nOeX2cecyrRBkZf5BFMZWIAcs=
3,27,dM26JRTH5dhfkI1XbFx+rvLt0D0=,K6nOeX2cecyrRBkZf5BFMZWIAcs=
7,30,dM26JRTH5dhfkI1XbFx+rvLt0D0=,K6nOeX2cecyrRBkZf5BFMZWIAcs=
4,27,dM26JRTH5dhfkI1XbFx+rvLt0D0=,K6nOeX2cecyrRBkZf5BFMZWIAcs=
12,19,dM26JRTH5dhfkI1XbFx+rvLt0D0=,ie6a1lubdMyx2CKUTse1Xh40I3k=
5,27,dM26JRTH5dhfkI1XbFx+rvLt0D0=,K6nOeX2cecyrRBkZf5BFMZWIAcs=
8,29,dM26JRTH5dhfkI1XbFx+rvLt0D0=,pqZQtwYoYVpO1tL6DpJdtemPsSo=
13,19,dM26JRTH5dhfkI1XbFx+rvLt0D0=,ie6a1lubdMyx2CKUTse1Xh40I3k=
6,27,dM26JRTH5dhfkI1XbFx+rvLt0D0=,K6nOeX2cecyrRBkZf5BFMZWIAcs=
9,16,dM26JRTH5dhfkI1XbFx+rvLt0D0=,ie6a1lubdMyx2CKUTse1Xh40I3k=
1,28,dM26JRTH5dhfkI1XbFx+rvLt0D0=,K6nOeX2cecyrRBkZf5BFMZWIAcs=
2,28,dM26JRTH5dhfkI1XbFx+rvLt0D0=,K6nOeX2cecyrRBkZf5BFMZWIAcs=
10,16,dM26JRTH5dhfkI1XbFx+rvLt0D0=,ie6a1lubdMyx2CKUTse1Xh40I3k=
6,30,dM26JRTH5dhfkI1XbFx+rvLt0D0=,K6nOeX2cecyrRBkZf5BFMZWIAcs=
3,28,dM26JRTH5dhfkI1XbFx+rvLt0D0=,K6nOeX2cecyrRBkZf5BFMZWIAcs=
14,19,guolGAd+N/xW3QetjupXbw4AN6c=,ie6a1lubdMyx2CKUTse1Xh40I3k=
4,28,guolGAd+N/xW3QetjupXbw4AN6c=,K6nOeX2cecyrRBkZf5BFMZWIAcs=
5,28,guolGAd+N/xW3QetjupXbw4AN6c=,K6nOeX2cecyrRBkZf5BFMZWIAcs=
11,16,guolGAd+N/xW3QetjupXbw4AN6c=,ie6a1lubdMyx2CKUTse1Xh40I3k=
15,19,guolGAd+N/xW3QetjupXbw4AN6c=,ie6a1lubdMyx2CKUTse1Xh40I3k=
5,30,guolGAd+N/xW3QetjupXbw4AN6c=,K6nOeX2cecyrRBkZf5BFMZWIAcs=
7,23,guolGAd+N/xW3QetjupXbw4AN6c=,yviV0q1acqvo6prhkR3+Zq20Kxw=
6,28,guolGAd+N/xW3QetjupXbw4AN6c=,K6nOeX2cecyrRBkZf5BFMZWIAcs=
13,28,guolGAd+N/xW3QetjupXbw4AN6c=,pqZQtwYoYVpO1tL6DpJdtemPsSo=
12,16,guolGAd+N/xW3QetjupXbw4AN6c=,ie6a1lubdMyx2CKUTse1Xh40I3k=
13,16,guolGAd+N/xW3QetjupXbw4AN6c=,ie6a1lubdMyx2CKUTse1Xh40I3k=
1,29,guolGAd+N/xW3QetjupXbw4AN6c=,K6nOeX2cecyrRBkZf5BFMZWIAcs=
14,23,guolGAd+N/xW3QetjupXbw4AN6c=,ie6a1lubdMyx2CKUTse1Xh40I3k=
2,29,guolGAd+N/xW3QetjupXbw4AN6c=,K6nOeX2cecyrRBkZf5BFMZWIAcs=
8,24,guolGAd+N/xW3QetjupXbw4AN6c=,pqZQtwYoYVpO1tL6DpJdtemPsSo=
14,16,guolGAd+N/xW3QetjupXbw4AN6c=,ie6a1lubdMyx2CKUTse1Xh40I3k=
8,20,guolGAd+N/xW3QetjupXbw4AN6c=,ie6a1lubdMyx2CKUTse1Xh40I3k=
9,20,guolGAd+N/xW3QetjupXbw4AN6c=,ie6a1lubdMyx2CKUTse1Xh40I3k=
7,29,guolGAd+N/xW3QetjupXbw4AN6c=,K6nOeX2cecyrRBkZf5BFMZWIAcs=
4,30,guolGAd+N/xW3QetjupXbw4AN6c=,K6nOeX2cecyrRBkZf5BFMZWIAcs=
14,28,guolGAd+N/xW3QetjupXbw4AN6c=,pqZQtwYoYVpO1tL6DpJdtemPsSo=
3,30,guolGAd+N/xW3QetjupXbw4AN6c=,K6nOeX2cecyrRBkZf5BFMZWIAcs=
10,20,guolGAd+N/xW3QetjupXbw4AN6c=,ie6a1lubdMyx2CKUTse1Xh40I3k=
9,24,guolGAd+N/xW3QetjupXbw4AN6c=,pqZQtwYoYVpO1tL6DpJdtemPsSo=
12,28,guolGAd+N/xW3QetjupXbw4AN6c=,pqZQtwYoYVpO1tL6DpJdtemPsSo=
7,19,guolGAd+N/xW3QetjupXbw4AN6c=,yviV0q1acqvo6prhkR3+Zq20Kxw=
10,24,guolGAd+N/xW3QetjupXbw4AN6c=,pqZQtwYoYVpO1tL6DpJdtemPsSo=
11,24,guolGAd+N/xW3QetjupXbw4AN6c=,pqZQtwYoYVpO1tL6DpJdtemPsSo=
11,28,guolGAd+N/xW3QetjupXbw4AN6c=,pqZQtwYoYVpO1tL6DpJdtemPsSo=
3,16,guolGAd+N/xW3QetjupXbw4AN6c=,yviV0q1acqvo6prhkR3+Zq20Kxw=
12,24,guolGAd+N/xW3QetjupXbw4AN6c=,pqZQtwYoYVpO1tL6DpJdtemPsSo=
5,16,guolGAd+N/xW3QetjupXbw4AN6c=,yviV0q1acqvo6prhkR3+Zq20Kxw=
11,20,guolGAd+N/xW3QetjupXbw4AN6c=,ie6a1lubdMyx2CKUTse1Xh40I3k=
4,16,guolGAd+N/xW3QetjupXbw4AN6c=,yviV0q1acqvo6prhkR3+Zq20Kxw=
13,24,guolGAd+N/xW3QetjupXbw4AN6c=,pqZQtwYoYVpO1tL6DpJdtemPsSo=
6,16,guolGAd+N/xW3QetjupXbw4AN6c=,yviV0q1acqvo6prhkR3+Zq20Kxw=
14,24,guolGAd+N/xW3QetjupXbw4AN6c=,pqZQtwYoYVpO1tL6DpJdtemPsSo=
8,16,guolGAd+N/xW3QetjupXbw4AN6c=,ie6a1lubdMyx2CKUTse1Xh40I3k=
15,24,guolGAd+N/xW3QetjupXbw4AN6c=,pqZQtwYoYVpO1tL6DpJdtemPsSo=
3,29,guolGAd+N/xW3QetjupXbw4AN6c=,K6nOeX2cecyrRBkZf5BFMZWIAcs=
12,20,guolGAd+N/xW3QetjupXbw4AN6c=,ie6a1lubdMyx2CKUTse1Xh40I3k=
4,29,guolGAd+N/xW3QetjupXbw4AN6c=,K6nOeX2cecyrRBkZf5BFMZWIAcs=
1,16,guolGAd+N/xW3QetjupXbw4AN6c=,yviV0q1acqvo6prhkR3+Zq20Kxw=
7,16,guolGAd+N/xW3QetjupXbw4AN6c=,yviV0q1acqvo6prhkR3+Zq20Kxw=
5,29,guolGAd+N/xW3QetjupXbw4AN6c=,K6nOeX2cecyrRBkZf5BFMZWIAcs=
2,30,guolGAd+N/xW3QetjupXbw4AN6c=,K6nOeX2cecyrRBkZf5BFMZWIAcs=
13,20,guolGAd+N/xW3QetjupXbw4AN6c=,ie6a1lubdMyx2CKUTse1Xh40I3k=
6,29,guolGAd+N/xW3QetjupXbw4AN6c=,K6nOeX2cecyrRBkZf5BFMZWIAcs=
2,16,guolGAd+N/xW3QetjupXbw4AN6c=,yviV0q1acqvo6prhkR3+Zq20Kxw=
14,20,guolGAd+N/xW3QetjupXbw4AN6c=,ie6a1lubdMyx2CKUTse1Xh40I3k=
15,20,guolGAd+N/xW3QetjupXbw4AN6c=,ie6a1lubdMyx2CKUTse1Xh40I3k=
8,21,guolGAd+N/xW3QetjupXbw4AN6c=,ie6a1lubdMyx2CKUTse1Xh40I3k=
7,22,guolGAd+N/xW3QetjupXbw4AN6c=,yviV0q1acqvo6prhkR3+Zq20Kxw=
7,24,guolGAd+N/xW3QetjupXbw4AN6c=,K6nOeX2cecyrRBkZf5BFMZWIAcs=
9,21,guolGAd+N/xW3QetjupXbw4AN6c=,ie6a1lubdMyx2CKUTse1Xh40I3k=
10,21,guolGAd+N/xW3QetjupXbw4AN6c=,ie6a1lubdMyx2CKUTse1Xh40I3k=
11,21,guolGAd+N/xW3QetjupXbw4AN6c=,ie6a1lubdMyx2CKUTse1Xh40I3k=
4,31,guolGAd+N/xW3QetjupXbw4AN6c=,K6nOeX2cecyrRBkZf5BFMZWIAcs=
0,25,guolGAd+N/xW3QetjupXbw4AN6c=,K6nOeX2cecyrRBkZf5BFMZWIAcs=
12,21,guolGAd+N/xW3QetjupXbw4AN6c=,ie6a1lubdMyx2CKUTse1Xh40I3k=
0,21,guolGAd+N/xW3QetjupXbw4AN6c=,yviV0q1acqvo6prhkR3+Zq20Kxw=
13,21,guolGAd+N/xW3QetjupXbw4AN6c=,ie6a1lubdMyx2CKUTse1Xh40I3k=
0,26,guolGAd+N/xW3QetjupXbw4AN6c=,K6nOeX2cecyrRBkZf5BFMZWIAcs=
0,24,guolGAd+N/xW3QetjupXbw4AN6c=,K6nOeX2cecyrRBkZf5BFMZWIAcs=
14,21,guolGAd+N/xW3QetjupXbw4AN6c=,ie6a1lubdMyx2CKUTse1Xh40I3k=
0,27,guolGAd+N/xW3QetjupXbw4AN6c=,K6nOeX2cecyrRBkZf5BFMZWIAcs=
5,31,guolGAd+N/xW3QetjupXbw4AN6c=,K6nOeX2cecyrRBkZf5BFMZWIAcs=
6,31,guolGAd+N/xW3QetjupXbw4AN6c=,K6nOeX2cecyrRBkZf5BFMZWIAcs=
0,28,guolGAd+N/xW3QetjupXbw4AN6c=,K6nOeX2cecyrRBkZf5BFMZWIAcs=
0,20,guolGAd+N/xW3QetjupXbw4AN6c=,yviV0q1acqvo6prhkR3+Zq20Kxw=
1,31,guolGAd+N/xW3QetjupXbw4AN6c=,K6nOeX2cecyrRBkZf5BFMZWIAcs=
7,21,guolGAd+N/xW3QetjupXbw4AN6c=,yviV0q1acqvo6prhkR3+Zq20Kxw=
15,21,guolGAd+N/xW3QetjupXbw4AN6c=,ie6a1lubdMyx2CKUTse1Xh40I3k=
0,29,guolGAd+N/xW3QetjupXbw4AN6c=,K6nOeX2cecyrRBkZf5BFMZWIAcs=
2,31,guolGAd+N/xW3QetjupXbw4AN6c=,K6nOeX2cecyrRBkZf5BFMZWIAcs=
0,23,guolGAd+N/xW3QetjupXbw4AN6c=,yviV0q1acqvo6prhkR3+Zq20Kxw=
8,22,guolGAd+N/xW3QetjupXbw4AN6c=,ie6a1lubdMyx2CKUTse1Xh40I3k=
3,31,guolGAd+N/xW3QetjupXbw4AN6c=,K6nOeX2cecyrRBkZf5BFMZWIAcs=
0,30,guolGAd+N/xW3QetjupXbw4AN6c=,K6nOeX2cecyrRBkZf5BFMZWIAcs=
0,17,guolGAd+N/xW3QetjupXbw4AN6c=,yviV0q1acqvo6prhkR3+Zq20Kxw=
10,22,guolGAd+N/xW3QetjupXbw4AN6c=,ie6a1lubdMyx2CKUTse1Xh40I3k=
9,22,guolGAd+N/xW3QetjupXbw4AN6c=,ie6a1lubdMyx2CKUTse1Xh40I3k=
11,22,guolGAd+N/xW3QetjupXbw4AN6c=,ie6a1lubdMyx2CKUTse1Xh40I3k=
8,17,guolGAd+N/xW3QetjupXbw4AN6c=,ie6a1lubdMyx2CKUTse1Xh40I3k=
9,17,guolGAd+N/xW3QetjupXbw4AN6c=,ie6a1lubdMyx2CKUTse1Xh40I3k=
0,22,guolGAd+N/xW3QetjupXbw4AN6c=,yviV0q1acqvo6prhkR3+Zq20Kxw=
10,17,guolGAd+N/xW3QetjupXbw4AN6c=,ie6a1lubdMyx2CKUTse1Xh40I3k=
0,31,guolGAd+N/xW3QetjupXbw4AN6c=,K6nOeX2cecyrRBkZf5BFMZWIAcs=
11,17,guolGAd+N/xW3QetjupXbw4AN6c=,ie6a1lubdMyx2CKUTse1Xh40I3k=
0,19,guolGAd+N/xW3QetjupXbw4AN6c=,yviV0q1acqvo6prhkR3+Zq20Kxw=
1,30,guolGAd+N/xW3QetjupXbw4AN6c=,K6nOeX2cecyrRBkZf5BFMZWIAcs=
15,16,guolGAd+N/xW3QetjupXbw4AN6c=,ie6a1lubdMyx2CKUTse1Xh40I3k=
12,17,guolGAd+N/xW3QetjupXbw4AN6c=,ie6a1lubdMyx2CKUTse1Xh40I3k=
11,19,guolGAd+N/xW3QetjupXbw4AN6c=,ie6a1lubdMyx2CKUTse1Xh40I3k=
13,17,guolGAd+N/xW3QetjupXbw4AN6c=,ie6a1lubdMyx2CKUTse1Xh40I3k=
0,16,guolGAd+N/xW3QetjupXbw4AN6c=,yviV0q1acqvo6prhkR3+Zq20Kxw=
13,23,guolGAd+N/xW3QetjupXbw4AN6c=,ie6a1lubdMyx2CKUTse1Xh40I3k=
10,19,guolGAd+N/xW3QetjupXbw4AN6c=,ie6a1lubdMyx2CKUTse1Xh40I3k=
14,17,guolGAd+N/xW3QetjupXbw4AN6c=,ie6a1lubdMyx2CKUTse1Xh40I3k=
15,31,guolGAd+N/xW3QetjupXbw4AN6c=,pqZQtwYoYVpO1tL6DpJdtemPsSo=
12,22,guolGAd+N/xW3QetjupXbw4AN6c=,ie6a1lubdMyx2CKUTse1Xh40I3k=
7,31,guolGAd+N/xW3QetjupXbw4AN6c=,K6nOeX2cecyrRBkZf5BFMZWIAcs=
15,17,guolGAd+N/xW3QetjupXbw4AN6c=,ie6a1lubdMyx2CKUTse1Xh40I3k=
8,31,guolGAd+N/xW3QetjupXbw4AN6c=,pqZQtwYoYVpO1tL6DpJdtemPsSo=
13,22,guolGAd+N/xW3QetjupXbw4AN6c=,ie6a1lubdMyx2CKUTse1Xh40I3k=
0,18,guolGAd+N/xW3QetjupXbw4AN6c=,yviV0q1acqvo6prhkR3+Zq20Kxw=
9,31,guolGAd+N/xW3QetjupXbw4AN6c=,pqZQtwYoYVpO1tL6DpJdtemPsSo=
8,18,guolGAd+N/xW3QetjupXbw4AN6c=,ie6a1lubdMyx2CKUTse1Xh40I3k=
10,31,guolGAd+N/xW3QetjupXbw4AN6c=,pqZQtwYoYVpO1tL6DpJdtemPsSo=
7,18,guolGAd+N/xW3QetjupXbw4AN6c=,yviV0q1acqvo6prhkR3+Zq20Kxw=
7,20,guolGAd+N/xW3QetjupXbw4AN6c=,yviV0q1acqvo6prhkR3+Zq20Kxw=
11,31,guolGAd+N/xW3QetjupXbw4AN6c=,pqZQtwYoYVpO1tL6DpJdtemPsSo=
9,19,guolGAd+N/xW3QetjupXbw4AN6c=,ie6a1lubdMyx2CKUTse1Xh40I3k=
12,31,guolGAd+N/xW3QetjupXbw4AN6c=,pqZQtwYoYVpO1tL6DpJdtemPsSo=
14,22,guolGAd+N/xW3QetjupXbw4AN6c=,ie6a1lubdMyx2CKUTse1Xh40I3k=
13,31,guolGAd+N/xW3QetjupXbw4AN6c=,pqZQtwYoYVpO1tL6DpJdtemPsSo=
8,19,guolGAd+N/xW3QetjupXbw4AN6c=,ie6a1lubdMyx2CKUTse1Xh40I3k=
9,18,guolGAd+N/xW3QetjupXbw4AN6c=,ie6a1lubdMyx2CKUTse1Xh40I3k=
12,23,guolGAd+N/xW3QetjupXbw4AN6c=,ie6a1lubdMyx2CKUTse1Xh40I3k=
11,23,guolGAd+N/xW3QetjupXbw4AN6c=,ie6a1lubdMyx2CKUTse1Xh40I3k=
10,18,guolGAd+N/xW3QetjupXbw4AN6c=,ie6a1lubdMyx2CKUTse1Xh40I3k=
7,17,guolGAd+N/xW3QetjupXbw4AN6c=,yviV0q1acqvo6prhkR3+Zq20Kxw=
15,22,guolGAd+N/xW3QetjupXbw4AN6c=,ie6a1lubdMyx2CKUTse1Xh40I3k=
15,18,guolGAd+N/xW3QetjupXbw4AN6c=,ie6a1lubdMyx2CKUTse1Xh40I3k=
14,18,guolGAd+N/xW3QetjupXbw4AN6c=,ie6a1lubdMyx2CKUTse1Xh40I3k=
13,18,guolGAd+N/xW3QetjupXbw4AN6c=,ie6a1lubdMyx2CKUTse1Xh40I3k=
11,18,guolGAd+N/xW3QetjupXbw4AN6c=,ie6a1lubdMyx2CKUTse1Xh40I3k=
10,23,guolGAd+N/xW3QetjupXbw4AN6c=,ie6a1lubdMyx2CKUTse1Xh40I3k=
14,31,guolGAd+N/xW3QetjupXbw4AN6c=,pqZQtwYoYVpO1tL6DpJdtemPsSo=
12,18,guolGAd+N/xW3QetjupXbw4AN6c=,ie6a1lubdMyx2CKUTse1Xh40I3k=
9,23,guolGAd+N/xW3QetjupXbw4AN6c=,ie6a1lubdMyx2CKUTse1Xh40I3k=
8,23,guolGAd+N/xW3QetjupXbw4AN6c=,ie6a1lubdMyx2CKUTse1Xh40I3k=
17,25,d+kM1t9acsMhYjF23NNj5Cw9Iik=,M1stgfkTSki7TO3G/IyGcyz6gxI=
18,25,d+kM1t9acsMhYjF23NNj5Cw9Iik=,M1stgfkTSki7TO3G/IyGcyz6gxI=
19,25,d+kM1t9acsMhYjF23NNj5Cw9Iik=,M1stgfkTSki7TO3G/IyGcyz6gxI=
20,25,d+kM1t9acsMhYjF23NNj5Cw9Iik=,M1stgfkTSki7TO3G/IyGcyz6gxI=
21,25,d+kM1t9acsMhYjF23NNj5Cw9Iik=,M1stgfkTSki7TO3G/IyGcyz6gxI=
22,25,d+kM1t9acsMhYjF23NNj5Cw9Iik=,M1stgfkTSki7TO3G/IyGcyz6gxI=
17,26,d+kM1t9acsMhYjF23NNj5Cw9Iik=,M1stgfkTSki7TO3G/IyGcyz6gxI=
18,26,d+kM1t9acsMhYjF23NNj5Cw9Iik=,M1stgfkTSki7TO3G/IyGcyz6gxI=
19,26,d+kM1t9acsMhYjF23NNj5Cw9Iik=,M1stgfkTSki7TO3G/IyGcyz6gxI=
20,26,d+kM1t9acsMhYjF23NNj5Cw9Iik=,M1stgfkTSki7TO3G/IyGcyz6gxI=
21,26,d+kM1t9acsMhYjF23NNj5Cw9Iik=,M1stgfkTSki7TO3G/IyGcyz6gxI=
22,26,d+kM1t9acsMhYjF23NNj5Cw9Iik=,M1stgfkTSki7TO3G/IyGcyz6gxI=
17,27,d+kM1t9acsMhYjF23NNj5Cw9Iik=,M1stgfkTSki7TO3G/IyGcyz6gxI=
18,27,d+kM1t9acsMhYjF23NNj5Cw9Iik=,M1stgfkTSki7TO3G/IyGcyz6gxI=
19,27,d+kM1t9acsMhYjF23NNj5Cw9Iik=,M1stgfkTSki7TO3G/IyGcyz6gxI=
20,27,d+kM1t9acsMhYjF23NNj5Cw9Iik=,M1stgfkTSki7TO3G/IyGcyz6gxI=
21,27,d+kM1t9acsMhYjF23NNj5Cw9Iik=,M1stgfkTSki7TO3G/IyGcyz6gxI=
22,27,d+kM1t9acsMhYjF23NNj5Cw9Iik=,M1stgfkTSki7TO3G/IyGcyz6gxI=
17,28,d+kM1t9acsMhYjF23NNj5Cw9Iik=,M1stgfkTSki7TO3G/IyGcyz6gxI=
18,28,d+kM1t9acsMhYjF23NNj5Cw9Iik=,M1stgfkTSki7TO3G/IyGcyz6gxI=
19,28,d+kM1t9acsMhYjF23NNj5Cw9Iik=,M1stgfkTSki7TO3G/IyGcyz6gxI=
20,28,d+kM1t9acsMhYjF23NNj5Cw9Iik=,M1stgfkTSki7TO3G/IyGcyz6gxI=
21,28,d+kM1t9acsMhYjF23NNj5Cw9Iik=,M1stgfkTSki7TO3G/IyGcyz6gxI=
22,28,d+kM1t9acsMhYjF23NNj5Cw9Iik=,M1stgfkTSki7TO3G/IyGcyz6gxI=
17,29,d+kM1t9acsMhYjF23NNj5Cw9Iik=,M1stgfkTSki7TO3G/IyGcyz6gxI=
18,29,d+kM1t9acsMhYjF23NNj5Cw9Iik=,M1stgfkTSki7TO3G/IyGcyz6gxI=
19,29,d+kM1t9acsMhYjF23NNj5Cw9Iik=,M1stgfkTSki7TO3G/IyGcyz6gxI=
20,29,d+kM1t9acsMhYjF23NNj5Cw9Iik=,M1stgfkTSki7TO3G/IyGcyz6gxI=
21,29,d+kM1t9acsMhYjF23NNj5Cw9Iik=,M1stgfkTSki7TO3G/IyGcyz6gxI=
22,29,d+kM1t9acsMhYjF23NNj5Cw9Iik=,M1stgfkTSki7TO3G/IyGcyz6gxI=
17,30,d+kM1t9acsMhYjF23NNj5Cw9Iik=,M1stgfkTSki7TO3G/IyGcyz6gxI=
18,30,d+kM1t9acsMhYjF23NNj5Cw9Iik=,M1stgfkTSki7TO3G/IyGcyz6gxI=
19,30,d+kM1t9acsMhYjF23NNj5Cw9Iik=,M1stgfkTSki7TO3G/IyGcyz6gxI=
20,30,d+kM1t9acsMhYjF23NNj5Cw9Iik=,M1stgfkTSki7TO3G/IyGcyz6gxI=
21,30,d+kM1t9acsMhYjF23NNj5Cw9Iik=,M1stgfkTSki7TO3G/IyGcyz6gxI=
22,30,d+kM1t9acsMhYjF23NNj5Cw9Iik=,M1stgfkTSki7TO3G/IyGcyz6gxI=
28,29,d+kM1t9acsMhYjF23NNj5Cw9Iik=,yZQx2gzUw4vykcSflUgLuYg5tIU=
29,29,d+kM1t9acsMhYjF23NNj5Cw9Iik=,yZQx2gzUw4vykcSflUgLuYg5tIU=
30,29,d+kM1t9acsMhYjF23NNj5Cw9Iik=,yZQx2gzUw4vykcSflUgLuYg5tIU=
24,30,d+kM1t9acsMhYjF23NNj5Cw9Iik=,yZQx2gzUw4vykcSflUgLuYg5tIU=
25,30,d+kM1t9acsMhYjF23NNj5Cw9Iik=,yZQx2gzUw4vykcSflUgLuYg5tIU=
26,30,d+kM1t9acsMhYjF23NNj5Cw9Iik=,yZQx2gzUw4vykcSflUgLuYg5tIU=
27,30,d+kM1t9acsMhYjF23NNj5Cw9Iik=,yZQx2gzUw4vykcSflUgLuYg5tIU=
28,30,d+kM1t9acsMhYjF23NNj5Cw9Iik=,yZQx2gzUw4vykcSflUgLuYg5tIU=
29,30,d+kM1t9acsMhYjF23NNj5Cw9Iik=,yZQx2gzUw4vykcSflUgLuYg5tIU=
30,30,d+kM1t9acsMhYjF23NNj5Cw9Iik=,yZQx2gzUw4vykcSflUgLuYg5tIU=
23,25,d+kM1t9acsMhYjF23NNj5Cw9Iik=,M1stgfkTSki7TO3G/IyGcyz6gxI=
24,25,d+kM1t9acsMhYjF23NNj5Cw9Iik=,yZQx2gzUw4vykcSflUgLuYg5tIU=
25,25,d+kM1t9acsMhYjF23NNj5Cw9Iik=,yZQx2gzUw4vykcSflUgLuYg5tIU=
26,25,d+kM1t9acsMhYjF23NNj5Cw9Iik=,yZQx2gzUw4vykcSflUgLuYg5tIU=
23,26,d+kM1t9acsMhYjF23NNj5Cw9Iik=,M1stgfkTSki7TO3G/IyGcyz6gxI=
27,25,d+kM1t9acsMhYjF23NNj5Cw9Iik=,yZQx2gzUw4vykcSflUgLuYg5tIU=
25,24,d+kM1t9acsMhYjF23NNj5Cw9Iik=,yZQx2gzUw4vykcSflUgLuYg5tIU=
26,24,d+kM1t9acsMhYjF23NNj5Cw9Iik=,yZQx2gzUw4vykcSflUgLuYg5tIU=
27,24,d+kM1t9acsMhYjF23NNj5Cw9Iik=,yZQx2gzUw4vykcSflUgLuYg5tIU=
28,19,d+kM1t9acsMhYjF23NNj5Cw9Iik=,9NWjw1yxI96Za5U8UBAF5a2dM/U=
28,24,d+kM1t9acsMhYjF23NNj5Cw9Iik=,yZQx2gzUw4vykcSflUgLuYg5tIU=
29,19,d+kM1t9acsMhYjF23NNj5Cw9Iik=,9NWjw1yxI96Za5U8UBAF5a2dM/U=
29,24,d+kM1t9acsMhYjF23NNj5Cw9Iik=,yZQx2gzUw4vykcSflUgLuYg5tIU=
30,24,d+kM1t9acsMhYjF23NNj5Cw9Iik=,yZQx2gzUw4vykcSflUgLuYg5tIU=
30,19,d+kM1t9acsMhYjF23NNj5Cw9Iik=,9NWjw1yxI96Za5U8UBAF5a2dM/U=
31,19,d+kM1t9acsMhYjF23NNj5Cw9Iik=,9NWjw1yxI96Za5U8UBAF5a2dM/U=
25,20,d+kM1t9acsMhYjF23NNj5Cw9Iik=,9NWjw1yxI96Za5U8UBAF5a2dM/U=
26,20,d+kM1t9acsMhYjF23NNj5Cw9Iik=,9NWjw1yxI96Za5U8UBAF5a2dM/U=
27,20,d+kM1t9acsMhYjF23NNj5Cw9Iik=,9NWjw1yxI96Za5U8UBAF5a2dM/U=
31,29,d+kM1t9acsMhYjF23NNj5Cw9Iik=,yZQx2gzUw4vykcSflUgLuYg5tIU=
28,20,d+kM1t9acsMhYjF23NNj5Cw9Iik=,9NWjw1yxI96Za5U8UBAF5a2dM/U=
31,24,d+kM1t9acsMhYjF23NNj5Cw9Iik=,yZQx2gzUw4vykcSflUgLuYg5tIU=
29,20,d+kM1t9acsMhYjF23NNj5Cw9Iik=,9NWjw1yxI96Za5U8UBAF5a2dM/U=
31,30,d+kM1t9acsMhYjF23NNj5Cw9Iik=,yZQx2gzUw4vykcSflUgLuYg5tIU=
30,20,d+kM1t9acsMhYjF23NNj5Cw9Iik=,9NWjw1yxI96Za5U8UBAF5a2dM/U=
31,25,d+kM1t9acsMhYjF23NNj5Cw9Iik=,yZQx2gzUw4vykcSflUgLuYg5tIU=
31,20,d+kM1t9acsMhYjF23NNj5Cw9Iik=,9NWjw1yxI96Za5U8UBAF5a2dM/U=
31,26,d+kM1t9acsMhYjF23NNj5Cw9Iik=,yZQx2gzUw4vykcSflUgLuYg5tIU=
31,27,d+kM1t9acsMhYjF23NNj5Cw9Iik=,yZQx2gzUw4vykcSflUgLuYg5tIU=
25,21,d+kM1t9acsMhYjF23NNj5Cw9Iik=,9NWjw1yxI96Za5U8UBAF5a2dM/U=
31,28,d+kM1t9acsMhYjF23NNj5Cw9Iik=,yZQx2gzUw4vykcSflUgLuYg5tIU=
26,21,d+kM1t9acsMhYjF23NNj5Cw9Iik=,9NWjw1yxI96Za5U8UBAF5a2dM/U=
31,23,d+kM1t9acsMhYjF23NNj5Cw9Iik=,9NWjw1yxI96Za5U8UBAF5a2dM/U=
27,21,d+kM1t9acsMhYjF23NNj5Cw9Iik=,9NWjw1yxI96Za5U8UBAF5a2dM/U=
28,21,d+kM1t9acsMhYjF23NNj5Cw9Iik=,9NWjw1yxI96Za5U8UBAF5a2dM/U=
29,21,d+kM1t9acsMhYjF23NNj5Cw9Iik=,9NWjw1yxI96Za5U8UBAF5a2dM/U=
30,21,d+kM1t9acsMhYjF23NNj5Cw9Iik=,9NWjw1yxI96Za5U8UBAF5a2dM/U=
31,21,d+kM1t9acsMhYjF23NNj5Cw9Iik=,9NWjw1yxI96Za5U8UBAF5a2dM/U=
25,22,d+kM1t9acsMhYjF23NNj5Cw9Iik=,9NWjw1yxI96Za5U8UBAF5a2dM/U=
26,22,d+kM1t9acsMhYjF23NNj5Cw9Iik=,9NWjw1yxI96Za5U8UBAF5a2dM/U=
27,22,d+kM1t9acsMhYjF23NNj5Cw9Iik=,9NWjw1yxI96Za5U8UBAF5a2dM/U=
28,22,d+kM1t9acsMhYjF23NNj5Cw9Iik=,9NWjw1yxI96Za5U8UBAF5a2dM/U=
29,22,d+kM1t9acsMhYjF23NNj5Cw9Iik=,9NWjw1yxI96Za5U8UBAF5a2dM/U=
25,17,d+kM1t9acsMhYjF23NNj5Cw9Iik=,9NWjw1yxI96Za5U8UBAF5a2dM/U=
26,17,d+kM1t9acsMhYjF23NNj5Cw9Iik=,9NWjw1yxI96Za5U8UBAF5a2dM/U=
30,22,d+kM1t9acsMhYjF23NNj5Cw9Iik=,9NWjw1yxI96Za5U8UBAF5a2dM/U=
27,17,d+kM1t9acsMhYjF23NNj5Cw9Iik=,9NWjw1yxI96Za5U8UBAF5a2dM/U=
28,17,d+kM1t9acsMhYjF23NNj5Cw9Iik=,9NWjw1yxI96Za5U8UBAF5a2dM/U=
29,17,d+kM1t9acsMhYjF23NNj5Cw9Iik=,9NWjw1yxI96Za5U8UBAF5a2dM/U=
30,17,d+kM1t9acsMhYjF23NNj5Cw9Iik=,9NWjw1yxI96Za5U8UBAF5a2dM/U=
31,22,d+kM1t9acsMhYjF23NNj5Cw9Iik=,9NWjw1yxI96Za5U8UBAF5a2dM/U=
31,17,d+kM1t9acsMhYjF23NNj5Cw9Iik=,9NWjw1yxI96Za5U8UBAF5a2dM/U=
25,18,d+kM1t9acsMhYjF23NNj5Cw9Iik=,9NWjw1yxI96Za5U8UBAF5a2dM/U=
26,18,d+kM1t9acsMhYjF23NNj5Cw9Iik=,9NWjw1yxI96Za5U8UBAF5a2dM/U=
25,23,d+kM1t9acsMhYjF23NNj5Cw9Iik=,9NWjw1yxI96Za5U8UBAF5a2dM/U=
27,18,d+kM1t9acsMhYjF23NNj5Cw9Iik=,9NWjw1yxI96Za5U8UBAF5a2dM/U=
28,18,d+kM1t9acsMhYjF23NNj5Cw9Iik=,9NWjw1yxI96Za5U8UBAF5a2dM/U=
26,23,d+kM1t9acsMhYjF23NNj5Cw9Iik=,9NWjw1yxI96Za5U8UBAF5a2dM/U=
29,18,d+kM1t9acsMhYjF23NNj5Cw9Iik=,9NWjw1yxI96Za5U8UBAF5a2dM/U=
30,18,d+kM1t9acsMhYjF23NNj5Cw9Iik=,9NWjw1yxI96Za5U8UBAF5a2dM/U=
27,23,d+kM1t9acsMhYjF23NNj5Cw9Iik=,9NWjw1yxI96Za5U8UBAF5a2dM/U=
28,23,d+kM1t9acsMhYjF23NNj5Cw9Iik=,9NWjw1yxI96Za5U8UBAF5a2dM/U=
29,23,d+kM1t9acsMhYjF23NNj5Cw9Iik=,9NWjw1yxI96Za5U8UBAF5a2dM/U=
31,18,d+kM1t9acsMhYjF23NNj5Cw9Iik=,9NWjw1yxI96Za5U8UBAF5a2dM/U=
25,19,d+kM1t9acsMhYjF23NNj5Cw9Iik=,9NWjw1yxI96Za5U8UBAF5a2dM/U=
26,19,d+kM1t9acsMhYjF23NNj5Cw9Iik=,9NWjw1yxI96Za5U8UBAF5a2dM/U=
27,19,d+kM1t9acsMhYjF23NNj5Cw9Iik=,9NWjw1yxI96Za5U8UBAF5a2dM/U=
30,23,d+kM1t9acsMhYjF23NNj5Cw9Iik=,9NWjw1yxI96Za5U8UBAF5a2dM/U=
16,25,d+kM1t9acsMhYjF23NNj5Cw9Iik=,M1stgfkTSki7TO3G/IyGcyz6gxI=
16,26,d+kM1t9acsMhYjF23NNj5Cw9Iik=,M1stgfkTSki7TO3G/IyGcyz6gxI=
16,27,d+kM1t9acsMhYjF23NNj5Cw9Iik=,M1stgfkTSki7TO3G/IyGcyz6gxI=
16,28,Avg6WugcxA+Azb8vJCdGvlnSF6o=,M1stgfkTSki7TO3G/IyGcyz6gxI=
16,29,Avg6WugcxA+Azb8vJCdGvlnSF6o=,M1stgfkTSki7TO3G/IyGcyz6gxI=
25,16,Avg6WugcxA+Azb8vJCdGvlnSF6o=,9NWjw1yxI96Za5U8UBAF5a2dM/U=
16,30,Avg6WugcxA+Azb8vJCdGvlnSF6o=,M1stgfkTSki7TO3G/IyGcyz6gxI=
26,16,Avg6WugcxA+Azb8vJCdGvlnSF6o=,9NWjw1yxI96Za5U8UBAF5a2dM/U=
27,16,Avg6WugcxA+Azb8vJCdGvlnSF6o=,9NWjw1yxI96Za5U8UBAF5a2dM/U=
28,16,Avg6WugcxA+Azb8vJCdGvlnSF6o=,9NWjw1yxI96Za5U8UBAF5a2dM/U=
29,16,Avg6WugcxA+Azb8vJCdGvlnSF6o=,9NWjw1yxI96Za5U8UBAF5a2dM/U=
26,29,Avg6WugcxA+Azb8vJCdGvlnSF6o=,yZQx2gzUw4vykcSflUgLuYg5tIU=
30,16,Avg6WugcxA+Azb8vJCdGvlnSF6o=,9NWjw1yxI96Za5U8UBAF5a2dM/U=
23,30,Avg6WugcxA+Azb8vJCdGvlnSF6o=,M1stgfkTSki7TO3G/IyGcyz6gxI=
24,29,Avg6WugcxA+Azb8vJCdGvlnSF6o=,yZQx2gzUw4vykcSflUgLuYg5tIU=
25,29,Avg6WugcxA+Azb8vJCdGvlnSF6o=,yZQx2gzUw4vykcSflUgLuYg5tIU=
30,28,Avg6WugcxA+Azb8vJCdGvlnSF6o=,yZQx2gzUw4vykcSflUgLuYg5tIU=
25,31,Avg6WugcxA+Azb8vJCdGvlnSF6o=,yZQx2gzUw4vykcSflUgLuYg5tIU=
27,29,Avg6WugcxA+Azb8vJCdGvlnSF6o=,yZQx2gzUw4vykcSflUgLuYg5tIU=
30,31,Avg6WugcxA+Azb8vJCdGvlnSF6o=,yZQx2gzUw4vykcSflUgLuYg5tIU=
20,31,Avg6WugcxA+Azb8vJCdGvlnSF6o=,M1stgfkTSki7TO3G/IyGcyz6gxI=
28,28,Avg6WugcxA+Azb8vJCdGvlnSF6o=,yZQx2gzUw4vykcSflUgLuYg5tIU=
26,31,Avg6WugcxA+Azb8vJCdGvlnSF6o=,yZQx2gzUw4vykcSflUgLuYg5tIU=
21,31,Avg6WugcxA+Azb8vJCdGvlnSF6o=,M1stgfkTSki7TO3G/IyGcyz6gxI=
28,31,Avg6WugcxA+Azb8vJCdGvlnSF6o=,yZQx2gzUw4vykcSflUgLuYg5tIU=
27,31,Avg6WugcxA+Azb8vJCdGvlnSF6o=,yZQx2gzUw4vykcSflUgLuYg5tIU=
22,31,Avg6WugcxA+Azb8vJCdGvlnSF6o=,M1stgfkTSki7TO3G/IyGcyz6gxI=
29,31,Avg6WugcxA+Azb8vJCdGvlnSF6o=,yZQx2gzUw4vykcSflUgLuYg5tIU=
16,31,Avg6WugcxA+Azb8vJCdGvlnSF6o=,M1stgfkTSki7TO3G/IyGcyz6gxI=
27,28,Avg6WugcxA+Azb8vJCdGvlnSF6o=,yZQx2gzUw4vykcSflUgLuYg5tIU=
23,31,Avg6WugcxA+Azb8vJCdGvlnSF6o=,M1stgfkTSki7TO3G/IyGcyz6gxI=
26,28,Avg6WugcxA+Azb8vJCdGvlnSF6o=,yZQx2gzUw4vykcSflUgLuYg5tIU=
31,16,Avg6WugcxA+Azb8vJCdGvlnSF6o=,9NWjw1yxI96Za5U8UBAF5a2dM/U=
23,28,Avg6WugcxA+Azb8vJCdGvlnSF6o=,M1stgfkTSki7TO3G/IyGcyz6gxI=
24,31,Avg6WugcxA+Azb8vJCdGvlnSF6o=,yZQx2gzUw4vykcSflUgLuYg5tIU=
31,31,Avg6WugcxA+Azb8vJCdGvlnSF6o=,yZQx2gzUw4vykcSflUgLuYg5tIU=
25,28,Avg6WugcxA+Azb8vJCdGvlnSF6o=,yZQx2gzUw4vykcSflUgLuYg5tIU=
23,29,Avg6WugcxA+Azb8vJCdGvlnSF6o=,M1stgfkTSki7TO3G/IyGcyz6gxI=
19,31,Avg6WugcxA+Azb8vJCdGvlnSF6o=,M1stgfkTSki7TO3G/IyGcyz6gxI=
29,28,Avg6WugcxA+Azb8vJCdGvlnSF6o=,yZQx2gzUw4vykcSflUgLuYg5tIU=
24,28,Avg6WugcxA+Azb8vJCdGvlnSF6o=,yZQx2gzUw4vykcSflUgLuYg5tIU=
30,27,Avg6WugcxA+Azb8vJCdGvlnSF6o=,yZQx2gzUw4vykcSflUgLuYg5tIU=
29,27,Avg6WugcxA+Azb8vJCdGvlnSF6o=,yZQx2gzUw4vykcSflUgLuYg5tIU=
27,27,Avg6WugcxA+Azb8vJCdGvlnSF6o=,yZQx2gzUw4vykcSflUgLuYg5tIU=
28,27,Avg6WugcxA+Azb8vJCdGvlnSF6o=,yZQx2gzUw4vykcSflUgLuYg5tIU=
26,27,Avg6WugcxA+Azb8vJCdGvlnSF6o=,yZQx2gzUw4vykcSflUgLuYg5tIU=
30,26,Avg6WugcxA+Azb8vJCdGvlnSF6o=,yZQx2gzUw4vykcSflUgLuYg5tIU=
24,27,Avg6WugcxA+Azb8vJCdGvlnSF6o=,yZQx2gzUw4vykcSflUgLuYg5tIU=
29,26,Avg6WugcxA+Azb8vJCdGvlnSF6o=,yZQx2gzUw4vykcSflUgLuYg5tIU=
18,31,Avg6WugcxA+Azb8vJCdGvlnSF6o=,M1stgfkTSki7TO3G/IyGcyz6gxI=
28,26,Avg6WugcxA+Azb8vJCdGvlnSF6o=,yZQx2gzUw4vykcSflUgLuYg5tIU=
23,27,Avg6WugcxA+Azb8vJCdGvlnSF6o=,M1stgfkTSki7TO3G/IyGcyz6gxI=
25,27,Avg6WugcxA+Azb8vJCdGvlnSF6o=,yZQx2gzUw4vykcSflUgLuYg5tIU=
27,26,Avg6WugcxA+Azb8vJCdGvlnSF6o=,yZQx2gzUw4vykcSflUgLuYg5tIU=
26,26,Avg6WugcxA+Azb8vJCdGvlnSF6o=,yZQx2gzUw4vykcSflUgLuYg5tIU=
25,26,Avg6WugcxA+Azb8vJCdGvlnSF6o=,yZQx2gzUw4vykcSflUgLuYg5tIU=
24,26,Avg6WugcxA+Azb8vJCdGvlnSF6o=,yZQx2gzUw4vykcSflUgLuYg5tIU=
17,31,Avg6WugcxA+Azb8vJCdGvlnSF6o=,M1stgfkTSki7TO3G/IyGcyz6gxI=
29,25,Avg6WugcxA+Azb8vJCdGvlnSF6o=,yZQx2gzUw4vykcSflUgLuYg5tIU=
30,25,Avg6WugcxA+Azb8vJCdGvlnSF6o=,yZQx2gzUw4vykcSflUgLuYg5tIU=
28,25,Avg6WugcxA+Azb8vJCdGvlnSF6o=,yZQx2gzUw4vykcSflUgLuYg5tIU=
19,23,Avg6WugcxA+Azb8vJCdGvlnSF6o=,//34bCQ7LaSmWMiHSB+Z4SqBStc=
21,22,Avg6WugcxA+Azb8vJCdGvlnSF6o=,//34bCQ7LaSmWMiHSB+Z4SqBStc=
22,22,Avg6WugcxA+Azb8vJCdGvlnSF6o=,//34bCQ7LaSmWMiHSB+Z4SqBStc=
19,20,Avg6WugcxA+Azb8vJCdGvlnSF6o=,//34bCQ7LaSmWMiHSB+Z4SqBStc=
17,23,Avg6WugcxA+Azb8vJCdGvlnSF6o=,//34bCQ7LaSmWMiHSB+Z4SqBStc=
23,22,Avg6WugcxA+Azb8vJCdGvlnSF6o=,//34bCQ7LaSmWMiHSB+Z4SqBStc=
18,23,Avg6WugcxA+Azb8vJCdGvlnSF6o=,//34bCQ7LaSmWMiHSB+Z4SqBStc=
18,20,Avg6WugcxA+Azb8vJCdGvlnSF6o=,//34bCQ7LaSmWMiHSB+Z4SqBStc=
18,21,Avg6WugcxA+Azb8vJCdGvlnSF6o=,//34bCQ7LaSmWMiHSB+Z4SqBStc=
17,20,Avg6WugcxA+Azb8vJCdGvlnSF6o=,//34bCQ7LaSmWMiHSB+Z4SqBStc=
16,23,Avg6WugcxA+Azb8vJCdGvlnSF6o=,//34bCQ7LaSmWMiHSB+Z4SqBStc=
16,20,Avg6WugcxA+Azb8vJCdGvlnSF6o=,//34bCQ7LaSmWMiHSB+Z4SqBStc=
19,19,Avg6WugcxA+Azb8vJCdGvlnSF6o=,//34bCQ7LaSmWMiHSB+Z4SqBStc=
24,19,Avg6WugcxA+Azb8vJCdGvlnSF6o=,9NWjw1yxI96Za5U8UBAF5a2dM/U=
24,24,Avg6WugcxA+Azb8vJCdGvlnSF6o=,yZQx2gzUw4vykcSflUgLuYg5tIU=
20,22,Avg6WugcxA+Azb8vJCdGvlnSF6o=,//34bCQ7LaSmWMiHSB+Z4SqBStc=
17,17,Avg6WugcxA+Azb8vJCdGvlnSF6o=,//34bCQ7LaSmWMiHSB+Z4SqBStc=
23,21,Avg6WugcxA+Azb8vJCdGvlnSF6o=,//34bCQ7LaSmWMiHSB+Z4SqBStc=
20,23,Avg6WugcxA+Azb8vJCdGvlnSF6o=,//34bCQ7LaSmWMiHSB+Z4SqBStc=
23,19,Avg6WugcxA+Azb8vJCdGvlnSF6o=,//34bCQ7LaSmWMiHSB+Z4SqBStc=
22,19,Avg6WugcxA+Azb8vJCdGvlnSF6o=,//34bCQ7LaSmWMiHSB+Z4SqBStc=
21,19,Avg6WugcxA+Azb8vJCdGvlnSF6o=,//34bCQ7LaSmWMiHSB+Z4SqBStc=
20,19,Avg6WugcxA+Azb8vJCdGvlnSF6o=,//34bCQ7LaSmWMiHSB+Z4SqBStc=
21,23,Avg6WugcxA+Azb8vJCdGvlnSF6o=,//34bCQ7LaSmWMiHSB+Z4SqBStc=
17,16,Avg6WugcxA+Azb8vJCdGvlnSF6o=,//34bCQ7LaSmWMiHSB+Z4SqBStc=
18,19,Avg6WugcxA+Azb8vJCdGvlnSF6o=,//34bCQ7LaSmWMiHSB+Z4SqBStc=
18,17,Avg6WugcxA+Azb8vJCdGvlnSF6o=,//34bCQ7LaSmWMiHSB+Z4SqBStc=
24,23,Avg6WugcxA+Azb8vJCdGvlnSF6o=,9NWjw1yxI96Za5U8UBAF5a2dM/U=
24,18,Avg6WugcxA+Azb8vJCdGvlnSF6o=,9NWjw1yxI96Za5U8UBAF5a2dM/U=
16,17,Avg6WugcxA+Azb8vJCdGvlnSF6o=,//34bCQ7LaSmWMiHSB+Z4SqBStc=
22,23,Avg6WugcxA+Azb8vJCdGvlnSF6o=,//34bCQ7LaSmWMiHSB+Z4SqBStc=
17,19,Avg6WugcxA+Azb8vJCdGvlnSF6o=,//34bCQ7LaSmWMiHSB+Z4SqBStc=
23,16,Avg6WugcxA+Azb8vJCdGvlnSF6o=,//34bCQ7LaSmWMiHSB+Z4SqBStc=
24,17,Avg6WugcxA+Azb8vJCdGvlnSF6o=,9NWjw1yxI96Za5U8UBAF5a2dM/U=
19,22,Avg6WugcxA+Azb8vJCdGvlnSF6o=,//34bCQ7LaSmWMiHSB+Z4SqBStc=
24,22,Avg6WugcxA+Azb8vJCdGvlnSF6o=,9NWjw1yxI96Za5U8UBAF5a2dM/U=
20,17,Avg6WugcxA+Azb8vJCdGvlnSF6o=,//34bCQ7LaSmWMiHSB+Z4SqBStc=
16,19,Avg6WugcxA+Azb8vJCdGvlnSF6o=,//34bCQ7LaSmWMiHSB+Z4SqBStc=
24,16,Avg6WugcxA+Azb8vJCdGvlnSF6o=,9NWjw1yxI96Za5U8UBAF5a2dM/U=
23,23,Avg6WugcxA+Azb8vJCdGvlnSF6o=,//34bCQ7LaSmWMiHSB+Z4SqBStc=
22,21,Avg6WugcxA+Azb8vJCdGvlnSF6o=,//34bCQ7LaSmWMiHSB+Z4SqBStc=
18,22,Avg6WugcxA+Azb8vJCdGvlnSF6o=,//34bCQ7LaSmWMiHSB+Z4SqBStc=
23,18,Avg6WugcxA+Azb8vJCdGvlnSF6o=,//34bCQ7LaSmWMiHSB+Z4SqBStc=
21,17,Avg6WugcxA+Azb8vJCdGvlnSF6o=,//34bCQ7LaSmWMiHSB+Z4SqBStc=
22,18,Avg6WugcxA+Azb8vJCdGvlnSF6o=,//34bCQ7LaSmWMiHSB+Z4SqBStc=
21,21,Avg6WugcxA+Azb8vJCdGvlnSF6o=,//34bCQ7LaSmWMiHSB+Z4SqBStc=
16,24,Avg6WugcxA+Azb8vJCdGvlnSF6o=,M1stgfkTSki7TO3G/IyGcyz6gxI=
20,21,Avg6WugcxA+Azb8vJCdGvlnSF6o=,//34bCQ7LaSmWMiHSB+Z4SqBStc=
22,16,Avg6WugcxA+Azb8vJCdGvlnSF6o=,//34bCQ7LaSmWMiHSB+Z4SqBStc=
19,21,Avg6WugcxA+Azb8vJCdGvlnSF6o=,//34bCQ7LaSmWMiHSB+Z4SqBStc=
21,16,Avg6WugcxA+Azb8vJCdGvlnSF6o=,//34bCQ7LaSmWMiHSB+Z4SqBStc=
22,17,Avg6WugcxA+Azb8vJCdGvlnSF6o=,//34bCQ7LaSmWMiHSB+Z4SqBStc=
24,21,Avg6WugcxA+Azb8vJCdGvlnSF6o=,9NWjw1yxI96Za5U8UBAF5a2dM/U=
17,21,Avg6WugcxA+Azb8vJCdGvlnSF6o=,//34bCQ7LaSmWMiHSB+Z4SqBStc=
23,17,Avg6WugcxA+Azb8vJCdGvlnSF6o=,//34bCQ7LaSmWMiHSB+Z4SqBStc=
20,16,Avg6WugcxA+Azb8vJCdGvlnSF6o=,//34bCQ7LaSmWMiHSB+Z4SqBStc=
19,18,Avg6WugcxA+Azb8vJCdGvlnSF6o=,//34bCQ7LaSmWMiHSB+Z4SqBStc=
17,22,Avg6WugcxA+Azb8vJCdGvlnSF6o=,//34bCQ7LaSmWMiHSB+Z4SqBStc=
16,21,Avg6WugcxA+Azb8vJCdGvlnSF6o=,//34bCQ7LaSmWMiHSB+Z4SqBStc=
16,18,Avg6WugcxA+Azb8vJCdGvlnSF6o=,//34bCQ7LaSmWMiHSB+Z4SqBStc=
16,22,Avg6WugcxA+Azb8vJCdGvlnSF6o=,//34bCQ7LaSmWMiHSB+Z4SqBStc=
17,24,Avg6WugcxA+Azb8vJCdGvlnSF6o=,M1stgfkTSki7TO3G/IyGcyz6gxI=
23,24,Avg6WugcxA+Azb8vJCdGvlnSF6o=,M1stgfkTSki7TO3G/IyGcyz6gxI=
22,24,Avg6WugcxA+Azb8vJCdGvlnSF6o=,M1stgfkTSki7TO3G/IyGcyz6gxI=
19,17,Avg6WugcxA+Azb8vJCdGvlnSF6o=,//34bCQ7LaSmWMiHSB+Z4SqBStc=
22,20,Avg6WugcxA+Azb8vJCdGvlnSF6o=,//34bCQ7LaSmWMiHSB+Z4SqBStc=
21,18,Avg6WugcxA+Azb8vJCdGvlnSF6o=,//34bCQ7LaSmWMiHSB+Z4SqBStc=
18,16,Avg6WugcxA+Azb8vJCdGvlnSF6o=,//34bCQ7LaSmWMiHSB+Z4SqBStc=
21,20,Avg6WugcxA+Azb8vJCdGvlnSF6o=,//34bCQ7LaSmWMiHSB+Z4SqBStc=
24,20,Avg6WugcxA+Azb8vJCdGvlnSF6o=,9NWjw1yxI96Za5U8UBAF5a2dM/U=
23,20,Avg6WugcxA+Azb8vJCdGvlnSF6o=,//34bCQ7LaSmWMiHSB+Z4SqBStc=
18,24,Avg6WugcxA+Azb8vJCdGvlnSF6o=,M1stgfkTSki7TO3G/IyGcyz6gxI=
19,16,Avg6WugcxA+Azb8vJCdGvlnSF6o=,//34bCQ7LaSmWMiHSB+Z4SqBStc=
18,18,Avg6WugcxA+Azb8vJCdGvlnSF6o=,//34bCQ7LaSmWMiHSB+Z4SqBStc=
20,20,Avg6WugcxA+Azb8vJCdGvlnSF6o=,//34bCQ7LaSmWMiHSB+Z4SqBStc=
19,24,Avg6WugcxA+Azb8vJCdGvlnSF6o=,M1stgfkTSki7TO3G/IyGcyz6gxI=
16,16,Avg6WugcxA+Azb8vJCdGvlnSF6o=,//34bCQ7LaSmWMiHSB+Z4SqBStc=
21,24,Avg6WugcxA+Azb8vJCdGvlnSF6o=,M1stgfkTSki7TO3G/IyGcyz6gxI=
20,24,Avg6WugcxA+Azb8vJCdGvlnSF6o=,M1stgfkTSki7TO3G/IyGcyz6gxI=
17,18,Avg6WugcxA+Azb8vJCdGvlnSF6o=,//34bCQ7LaSmWMiHSB+Z4SqBStc=
20,18,Avg6WugcxA+Azb8vJCdGvlnSF6o=,//34bCQ7LaSmWMiHSB+Z4SqBStc=
20,1,CjdB+E2GxLiTN4FtByvZ844A9Qc=,bWZCPTZhwXqFtRxdYu9lYhqxa9A=
21,1,CjdB+E2GxLiTN4FtByvZ844A9Qc=,bWZCPTZhwXqFtRxdYu9lYhqxa9A=
22,1,CjdB+E2GxLiTN4FtByvZ844A9Qc=,bWZCPTZhwXqFtRxdYu9lYhqxa9A=
18,3,CjdB+E2GxLiTN4FtByvZ844A9Qc=,bWZCPTZhwXqFtRxdYu9lYhqxa9A=
22,5,CjdB+E2GxLiTN4FtByvZ844A9Qc=,bWZCPTZhwXqFtRxdYu9lYhqxa9A=
19,3,CjdB+E2GxLiTN4FtByvZ844A9Qc=,bWZCPTZhwXqFtRxdYu9lYhqxa9A=
18,4,CjdB+E2GxLiTN4FtByvZ844A9Qc=,bWZCPTZhwXqFtRxdYu9lYhqxa9A=
19,4,CjdB+E2GxLiTN4FtByvZ844A9Qc=,bWZCPTZhwXqFtRxdYu9lYhqxa9A=
22,6,CjdB+E2GxLiTN4FtByvZ844A9Qc=,bWZCPTZhwXqFtRxdYu9lYhqxa9A=
20,3,CjdB+E2GxLiTN4FtByvZ844A9Qc=,bWZCPTZhwXqFtRxdYu9lYhqxa9A=
17,5,CjdB+E2GxLiTN4FtByvZ844A9Qc=,bWZCPTZhwXqFtRxdYu9lYhqxa9A=
21,3,CjdB+E2GxLiTN4FtByvZ844A9Qc=,bWZCPTZhwXqFtRxdYu9lYhqxa9A=
18,5,CjdB+E2GxLiTN4FtByvZ844A9Qc=,bWZCPTZhwXqFtRxdYu9lYhqxa9A=
20,4,CjdB+E2GxLiTN4FtByvZ844A9Qc=,bWZCPTZhwXqFtRxdYu9lYhqxa9A=
17,1,CjdB+E2GxLiTN4FtByvZ844A9Qc=,bWZCPTZhwXqFtRxdYu9lYhqxa9A=
21,4,CjdB+E2GxLiTN4FtByvZ844A9Qc=,bWZCPTZhwXqFtRxdYu9lYhqxa9A=
18,1,CjdB+E2GxLiTN4FtByvZ844A9Qc=,bWZCPTZhwXqFtRxdYu9lYhqxa9A=
22,3,CjdB+E2GxLiTN4FtByvZ844A9Qc=,bWZCPTZhwXqFtRxdYu9lYhqxa9A=
17,6,CjdB+E2GxLiTN4FtByvZ844A9Qc=,bWZCPTZhwXqFtRxdYu9lYhqxa9A=
22,4,CjdB+E2GxLiTN4FtByvZ844A9Qc=,bWZCPTZhwXqFtRxdYu9lYhqxa9A=
19,1,CjdB+E2GxLiTN4FtByvZ844A9Qc=,bWZCPTZhwXqFtRxdYu9lYhqxa9A=
18,6,CjdB+E2GxLiTN4FtByvZ844A9Qc=,bWZCPTZhwXqFtRxdYu9lYhqxa9A=
18,2,CjdB+E2GxLiTN4FtByvZ844A9Qc=,bWZCPTZhwXqFtRxdYu9lYhqxa9A=
19,2,CjdB+E2GxLiTN4FtByvZ844A9Qc=,bWZCPTZhwXqFtRxdYu9lYhqxa9A=
19,6,CjdB+E2GxLiTN4FtByvZ844A9Qc=,bWZCPTZhwXqFtRxdYu9lYhqxa9A=
20,2,CjdB+E2GxLiTN4FtByvZ844A9Qc=,bWZCPTZhwXqFtRxdYu9lYhqxa9A=
21,2,CjdB+E2GxLiTN4FtByvZ844A9Qc=,bWZCPTZhwXqFtRxdYu9lYhqxa9A=
22,2,CjdB+E2GxLiTN4FtByvZ844A9Qc=,bWZCPTZhwXqFtRxdYu9lYhqxa9A=
19,5,CjdB+E2GxLiTN4FtByvZ844A9Qc=,bWZCPTZhwXqFtRxdYu9lYhqxa9A=
17,3,CjdB+E2GxLiTN4FtByvZ844A9Qc=,bWZCPTZhwXqFtRxdYu9lYhqxa9A=
20,5,CjdB+E2GxLiTN4FtByvZ844A9Qc=,bWZCPTZhwXqFtRxdYu9lYhqxa9A=
17,4,CjdB+E2GxLiTN4FtByvZ844A9Qc=,bWZCPTZhwXqFtRxdYu9lYhqxa9A=
20,6,CjdB+E2GxLiTN4FtByvZ844A9Qc=,bWZCPTZhwXqFtRxdYu9lYhqxa9A=
21,5,CjdB+E2GxLiTN4FtByvZ844A9Qc=,bWZCPTZhwXqFtRxdYu9lYhqxa9A=
17,2,CjdB+E2GxLiTN4FtByvZ844A9Qc=,bWZCPTZhwXqFtRxdYu9lYhqxa9A=
21,6,CjdB+E2GxLiTN4FtByvZ844A9Qc=,bWZCPTZhwXqFtRxdYu9lYhqxa9A=
28,3,CjdB+E2GxLiTN4FtByvZ844A9Qc=,iUD7GTw5XexuxOuIPKILaR0yjrU=
29,3,CjdB+E2GxLiTN4FtByvZ844A9Qc=,iUD7GTw5XexuxOuIPKILaR0yjrU=
30,3,CjdB+E2GxLiTN4FtByvZ844A9Qc=,iUD7GTw5XexuxOuIPKILaR0yjrU=
23,5,CjdB+E2GxLiTN4FtByvZ844A9Qc=,bWZCPTZhwXqFtRxdYu9lYhqxa9A=
24,4,CjdB+E2GxLiTN4FtByvZ844A9Qc=,iUD7GTw5XexuxOuIPKILaR0yjrU=
25,4,CjdB+E2GxLiTN4FtByvZ844A9Qc=,iUD7GTw5XexuxOuIPKILaR0yjrU=
26,4,CjdB+E2GxLiTN4FtByvZ844A9Qc=,iUD7GTw5XexuxOuIPKILaR0yjrU=
27,4,CjdB+E2GxLiTN4FtByvZ844A9Qc=,iUD7GTw5XexuxOuIPKILaR0yjrU=
28,4,CjdB+E2GxLiTN4FtByvZ844A9Qc=,iUD7GTw5XexuxOuIPKILaR0yjrU=
23,6,CjdB+E2GxLiTN4FtByvZ844A9Qc=,bWZCPTZhwXqFtRxdYu9lYhqxa9A=
29,4,CjdB+E2GxLiTN4FtByvZ844A9Qc=,iUD7GTw5XexuxOuIPKILaR0yjrU=
30,4,CjdB+E2GxLiTN4FtByvZ844A9Qc=,iUD7GTw5XexuxOuIPKILaR0yjrU=
24,5,CjdB+E2GxLiTN4FtByvZ844A9Qc=,iUD7GTw5XexuxOuIPKILaR0yjrU=
25,5,CjdB+E2GxLiTN4FtByvZ844A9Qc=,iUD7GTw5XexuxOuIPKILaR0yjrU=
23,3,CjdB+E2GxLiTN4FtByvZ844A9Qc=,bWZCPTZhwXqFtRxdYu9lYhqxa9A=
26,5,CjdB+E2GxLiTN4FtByvZ844A9Qc=,iUD7GTw5XexuxOuIPKILaR0yjrU=
24,1,CjdB+E2GxLiTN4FtByvZ844A9Qc=,iUD7GTw5XexuxOuIPKILaR0yjrU=
25,1,CjdB+E2GxLiTN4FtByvZ844A9Qc=,iUD7GTw5XexuxOuIPKILaR0yjrU=
26,1,CjdB+E2GxLiTN4FtByvZ844A9Qc=,iUD7GTw5XexuxOuIPKILaR0yjrU=
27,1,CjdB+E2GxLiTN4FtByvZ844A9Qc=,iUD7GTw5XexuxOuIPKILaR0yjrU=
28,1,CjdB+E2GxLiTN4FtByvZ844A9Qc=,iUD7GTw5XexuxOuIPKILaR0yjrU=
27,5,CjdB+E2GxLiTN4FtByvZ844A9Qc=,iUD7GTw5XexuxOuIPKILaR0yjrU=
28,5,CjdB+E2GxLiTN4FtByvZ844A9Qc=,iUD7GTw5XexuxOuIPKILaR0yjrU=
29,5,CjdB+E2GxLiTN4FtByvZ844A9Qc=,iUD7GTw5XexuxOuIPKILaR0yjrU=
30,5,CjdB+E2GxLiTN4FtByvZ844A9Qc=,iUD7GTw5XexuxOuIPKILaR0yjrU=
23,2,CjdB+E2GxLiTN4FtByvZ844A9Qc=,bWZCPTZhwXqFtRxdYu9lYhqxa9A=
28,13,CjdB+E2GxLiTN4FtByvZ844A9Qc=,2OfqyCHUqmmqVlGIbdLbbt7vdEo=
29,1,CjdB+E2GxLiTN4FtByvZ844A9Qc=,iUD7GTw5XexuxOuIPKILaR0yjrU=
24,6,CjdB+E2GxLiTN4FtByvZ844A9Qc=,iUD7GTw5XexuxOuIPKILaR0yjrU=
25,6,CjdB+E2GxLiTN4FtByvZ844A9Qc=,iUD7GTw5XexuxOuIPKILaR0yjrU=
26,6,CjdB+E2GxLiTN4FtByvZ844A9Qc=,iUD7GTw5XexuxOuIPKILaR0yjrU=
30,1,CjdB+E2GxLiTN4FtByvZ844A9Qc=,iUD7GTw5XexuxOuIPKILaR0yjrU=
27,6,CjdB+E2GxLiTN4FtByvZ844A9Qc=,iUD7GTw5XexuxOuIPKILaR0yjrU=
24,2,CjdB+E2GxLiTN4FtByvZ844A9Qc=,iUD7GTw5XexuxOuIPKILaR0yjrU=
28,6,CjdB+E2GxLiTN4FtByvZ844A9Qc=,iUD7GTw5XexuxOuIPKILaR0yjrU=
29,6,CjdB+E2GxLiTN4FtByvZ844A9Qc=,iUD7GTw5XexuxOuIPKILaR0yjrU=
30,6,CjdB+E2GxLiTN4FtByvZ844A9Qc=,iUD7GTw5XexuxOuIPKILaR0yjrU=
31,3,CjdB+E2GxLiTN4FtByvZ844A9Qc=,iUD7GTw5XexuxOuIPKILaR0yjrU=
25,2,CjdB+E2GxLiTN4FtByvZ844A9Qc=,iUD7GTw5XexuxOuIPKILaR0yjrU=
31,4,CjdB+E2GxLiTN4FtByvZ844A9Qc=,iUD7GTw5XexuxOuIPKILaR0yjrU=
26,2,CjdB+E2GxLiTN4FtByvZ844A9Qc=,iUD7GTw5XexuxOuIPKILaR0yjrU=
31,5,CjdB+E2GxLiTN4FtByvZ844A9Qc=,iUD7GTw5XexuxOuIPKILaR0yjrU=
31,1,CjdB+E2GxLiTN4FtByvZ844A9Qc=,iUD7GTw5XexuxOuIPKILaR0yjrU=
23,4,CjdB+E2GxLiTN4FtByvZ844A9Qc=,bWZCPTZhwXqFtRxdYu9lYhqxa9A=
31,6,CjdB+E2GxLiTN4FtByvZ844A9Qc=,iUD7GTw5XexuxOuIPKILaR0yjrU=
27,2,CjdB+E2GxLiTN4FtByvZ844A9Qc=,iUD7GTw5XexuxOuIPKILaR0yjrU=
31,2,CjdB+E2GxLiTN4FtByvZ844A9Qc=,iUD7GTw5XexuxOuIPKILaR0yjrU=
28,2,CjdB+E2GxLiTN4FtByvZ844A9Qc=,iUD7GTw5XexuxOuIPKILaR0yjrU=
29,2,CjdB+E2GxLiTN4FtByvZ844A9Qc=,iUD7GTw5XexuxOuIPKILaR0yjrU=
30,2,CjdB+E2GxLiTN4FtByvZ844A9Qc=,iUD7GTw5XexuxOuIPKILaR0yjrU=
23,1,CjdB+E2GxLiTN4FtByvZ844A9Qc=,bWZCPTZhwXqFtRxdYu9lYhqxa9A=
24,3,CjdB+E2GxLiTN4FtByvZ844A9Qc=,iUD7GTw5XexuxOuIPKILaR0yjrU=
25,3,CjdB+E2GxLiTN4FtByvZ844A9Qc=,iUD7GTw5XexuxOuIPKILaR0yjrU=
26,3,CjdB+E2GxLiTN4FtByvZ844A9Qc=,iUD7GTw5XexuxOuIPKILaR0yjrU=
27,3,CjdB+E2GxLiTN4FtByvZ844A9Qc=,iUD7GTw5XexuxOuIPKILaR0yjrU=
29,13,CjdB+E2GxLiTN4FtByvZ844A9Qc=,2OfqyCHUqmmqVlGIbdLbbt7vdEo=
20,15,CjdB+E2GxLiTN4FtByvZ844A9Qc=,mtM4AbhcAx7tbDqhoSOfc1GHE90=
16,5,CjdB+E2GxLiTN4FtByvZ844A9Qc=,bWZCPTZhwXqFtRxdYu9lYhqxa9A=
19,15,CjdB+E2GxLiTN4FtByvZ844A9Qc=,mtM4AbhcAx7tbDqhoSOfc1GHE90=
27,13,CjdB+E2GxLiTN4FtByvZ844A9Qc=,2OfqyCHUqmmqVlGIbdLbbt7vdEo=
16,6,CjdB+E2GxLiTN4FtByvZ844A9Qc=,bWZCPTZhwXqFtRxdYu9lYhqxa9A=
16,1,CjdB+E2GxLiTN4FtByvZ844A9Qc=,bWZCPTZhwXqFtRxdYu9lYhqxa9A=
16,4,CjdB+E2GxLiTN4FtByvZ844A9Qc=,bWZCPTZhwXqFtRxdYu9lYhqxa9A=
18,15,CjdB+E2GxLiTN4FtByvZ844A9Qc=,mtM4AbhcAx7tbDqhoSOfc1GHE90=
30,7,CjdB+E2GxLiTN4FtByvZ844A9Qc=,iUD7GTw5XexuxOuIPKILaR0yjrU=
16,2,CjdB+E2GxLiTN4FtByvZ844A9Qc=,bWZCPTZhwXqFtRxdYu9lYhqxa9A=
16,3,CjdB+E2GxLiTN4FtByvZ844A9Qc=,bWZCPTZhwXqFtRxdYu9lYhqxa9A=
17,15,CjdB+E2GxLiTN4FtByvZ844A9Qc=,mtM4AbhcAx7tbDqhoSOfc1GHE90=
26,13,CjdB+E2GxLiTN4FtByvZ844A9Qc=,2OfqyCHUqmmqVlGIbdLbbt7vdEo=
24,13,CjdB+E2GxLiTN4FtByvZ844A9Qc=,2OfqyCHUqmmqVlGIbdLbbt7vdEo=
31,7,CjdB+E2GxLiTN4FtByvZ844A9Qc=,iUD7GTw5XexuxOuIPKILaR0yjrU=
29,7,CjdB+E2GxLiTN4FtByvZ844A9Qc=,iUD7GTw5XexuxOuIPKILaR0yjrU=
19,7,CjdB+E2GxLiTN4FtByvZ844A9Qc=,bWZCPTZhwXqFtRxdYu9lYhqxa9A=
31,13,CjdB+E2GxLiTN4FtByvZ844A9Qc=,2OfqyCHUqmmqVlGIbdLbbt7vdEo=
31,12,CjdB+E2GxLiTN4FtByvZ844A9Qc=,2OfqyCHUqmmqVlGIbdLbbt7vdEo=
23,14,CjdB+E2GxLiTN4FtByvZ844A9Qc=,mtM4AbhcAx7tbDqhoSOfc1GHE90=
30,12,CjdB+E2GxLiTN4FtByvZ844A9Qc=,2OfqyCHUqmmqVlGIbdLbbt7vdEo=
25,13,CjdB+E2GxLiTN4FtByvZ844A9Qc=,2OfqyCHUqmmqVlGIbdLbbt7vdEo=
22,14,CjdB+E2GxLiTN4FtByvZ844A9Qc=,mtM4AbhcAx7tbDqhoSOfc1GHE90=
21,14,CjdB+E2GxLiTN4FtByvZ844A9Qc=,mtM4AbhcAx7tbDqhoSOfc1GHE90=
31,11,CjdB+E2GxLiTN4FtByvZ844A9Qc=,2OfqyCHUqmmqVlGIbdLbbt7vdEo=
30,13,CjdB+E2GxLiTN4FtByvZ844A9Qc=,2OfqyCHUqmmqVlGIbdLbbt7vdEo=
29,12,CjdB+E2GxLiTN4FtByvZ844A9Qc=,2OfqyCHUqmmqVlGIbdLbbt7vdEo=
28,7,CjdB+E2GxLiTN4FtByvZ844A9Qc=,iUD7GTw5XexuxOuIPKILaR0yjrU=
27,7,CjdB+E2GxLiTN4FtByvZ844A9Qc=,iUD7GTw5XexuxOuIPKILaR0yjrU=
25,14,CjdB+E2GxLiTN4FtByvZ844A9Qc=,2OfqyCHUqmmqVlGIbdLbbt7vdEo=
23,15,CjdB+E2GxLiTN4FtByvZ844A9Qc=,mtM4AbhcAx7tbDqhoSOfc1GHE90=
31,10,CjdB+E2GxLiTN4FtByvZ844A9Qc=,2OfqyCHUqmmqVlGIbdLbbt7vdEo=
20,14,CjdB+E2GxLiTN4FtByvZ844A9Qc=,mtM4AbhcAx7tbDqhoSOfc1GHE90=
24,7,CjdB+E2GxLiTN4FtByvZ844A9Qc=,iUD7GTw5XexuxOuIPKILaR0yjrU=
19,14,CjdB+E2GxLiTN4FtByvZ844A9Qc=,mtM4AbhcAx7tbDqhoSOfc1GHE90=
31,9,CjdB+E2GxLiTN4FtByvZ844A9Qc=,2OfqyCHUqmmqVlGIbdLbbt7vdEo=
17,14,CjdB+E2GxLiTN4FtByvZ844A9Qc=,mtM4AbhcAx7tbDqhoSOfc1GHE90=
18,14,CjdB+E2GxLiTN4FtByvZ844A9Qc=,mtM4AbhcAx7tbDqhoSOfc1GHE90=
16,14,CjdB+E2GxLiTN4FtByvZ844A9Qc=,mtM4AbhcAx7tbDqhoSOfc1GHE90=
25,8,CjdB+E2GxLiTN4FtByvZ844A9Qc=,2OfqyCHUqmmqVlGIbdLbbt7vdEo=
24,15,CjdB+E2GxLiTN4FtByvZ844A9Qc=,2OfqyCHUqmmqVlGIbdLbbt7vdEo=
18,7,CjdB+E2GxLiTN4FtByvZ844A9Qc=,bWZCPTZhwXqFtRxdYu9lYhqxa9A=
26,8,CjdB+E2GxLiTN4FtByvZ844A9Qc=,2OfqyCHUqmmqVlGIbdLbbt7vdEo=
30,15,CjdB+E2GxLiTN4FtByvZ844A9Qc=,2OfqyCHUqmmqVlGIbdLbbt7vdEo=
31,8,CjdB+E2GxLiTN4FtByvZ844A9Qc=,2OfqyCHUqmmqVlGIbdLbbt7vdEo=
29,15,CjdB+E2GxLiTN4FtByvZ844A9Qc=,2OfqyCHUqmmqVlGIbdLbbt7vdEo=
25,15,CjdB+E2GxLiTN4FtByvZ844A9Qc=,2OfqyCHUqmmqVlGIbdLbbt7vdEo=
27,8,CjdB+E2GxLiTN4FtByvZ844A9Qc=,2OfqyCHUqmmqVlGIbdLbbt7vdEo=
17,7,CjdB+E2GxLiTN4FtByvZ844A9Qc=,bWZCPTZhwXqFtRxdYu9lYhqxa9A=
31,14,CjdB+E2GxLiTN4FtByvZ844A9Qc=,2OfqyCHUqmmqVlGIbdLbbt7vdEo=
26,15,CjdB+E2GxLiTN4FtByvZ844A9Qc=,2OfqyCHUqmmqVlGIbdLbbt7vdEo=
26,14,CjdB+E2GxLiTN4FtByvZ844A9Qc=,2OfqyCHUqmmqVlGIbdLbbt7vdEo=
28,12,CjdB+E2GxLiTN4FtByvZ844A9Qc=,2OfqyCHUqmmqVlGIbdLbbt7vdEo=
22,13,CjdB+E2GxLiTN4FtByvZ844A9Qc=,mtM4AbhcAx7tbDqhoSOfc1GHE90=
20,13,CjdB+E2GxLiTN4FtByvZ844A9Qc=,mtM4AbhcAx7tbDqhoSOfc1GHE90=
19,13,CjdB+E2GxLiTN4FtByvZ844A9Qc=,mtM4AbhcAx7tbDqhoSOfc1GHE90=
27,14,CjdB+E2GxLiTN4FtByvZ844A9Qc=,2OfqyCHUqmmqVlGIbdLbbt7vdEo=
21,13,CjdB+E2GxLiTN4FtByvZ844A9Qc=,mtM4AbhcAx7tbDqhoSOfc1GHE90=
30,8,CjdB+E2GxLiTN4FtByvZ844A9Qc=,2OfqyCHUqmmqVlGIbdLbbt7vdEo=
26,7,CjdB+E2GxLiTN4FtByvZ844A9Qc=,iUD7GTw5XexuxOuIPKILaR0yjrU=
25,0,CjdB+E2GxLiTN4FtByvZ844A9Qc=,iUD7GTw5XexuxOuIPKILaR0yjrU=
16,13,CjdB+E2GxLiTN4FtByvZ844A9Qc=,mtM4AbhcAx7tbDqhoSOfc1GHE90=
18,13,CjdB+E2GxLiTN4FtByvZ844A9Qc=,mtM4AbhcAx7tbDqhoSOfc1GHE90=
28,14,CjdB+E2GxLiTN4FtByvZ844A9Qc=,2OfqyCHUqmmqVlGIbdLbbt7vdEo=
17,13,CjdB+E2GxLiTN4FtByvZ844A9Qc=,mtM4AbhcAx7tbDqhoSOfc1GHE90=
26,0,CjdB+E2GxLiTN4FtByvZ844A9Qc=,iUD7GTw5XexuxOuIPKILaR0yjrU=
27,12,CjdB+E2GxLiTN4FtByvZ844A9Qc=,2OfqyCHUqmmqVlGIbdLbbt7vdEo=
26,12,CjdB+E2GxLiTN4FtByvZ844A9Qc=,2OfqyCHUqmmqVlGIbdLbbt7vdEo=
25,7,CjdB+E2GxLiTN4FtByvZ844A9Qc=,iUD7GTw5XexuxOuIPKILaR0yjrU=
28,15,CjdB+E2GxLiTN4FtByvZ844A9Qc=,2OfqyCHUqmmqVlGIbdLbbt7vdEo=
31,15,CjdB+E2GxLiTN4FtByvZ844A9Qc=,2OfqyCHUqmmqVlGIbdLbbt7vdEo=
25,9,CjdB+E2GxLiTN4FtByvZ844A9Qc=,2OfqyCHUqmmqVlGIbdLbbt7vdEo=
25,12,CjdB+E2GxLiTN4FtByvZ844A9Qc=,2OfqyCHUqmmqVlGIbdLbbt7vdEo=
23,12,CjdB+E2GxLiTN4FtByvZ844A9Qc=,mtM4AbhcAx7tbDqhoSOfc1GHE90=
27,0,CjdB+E2GxLiTN4FtByvZ844A9Qc=,iUD7GTw5XexuxOuIPKILaR0yjrU=
30,11,CjdB+E2GxLiTN4FtByvZ844A9Qc=,2OfqyCHUqmmqVlGIbdLbbt7vdEo=
24,11,CjdB+E2GxLiTN4FtByvZ844A9Qc=,2OfqyCHUqmmqVlGIbdLbbt7vdEo=
26,9,CjdB+E2GxLiTN4FtByvZ844A9Qc=,2OfqyCHUqmmqVlGIbdLbbt7vdEo=
22,12,CjdB+E2GxLiTN4FtByvZ844A9Qc=,mtM4AbhcAx7tbDqhoSOfc1GHE90=
28,0,CjdB+E2GxLiTN4FtByvZ844A9Qc=,iUD7GTw5XexuxOuIPKILaR0yjrU=
29,11,CjdB+E2GxLiTN4FtByvZ844A9Qc=,2OfqyCHUqmmqVlGIbdLbbt7vdEo=
21,12,CjdB+E2GxLiTN4FtByvZ844A9Qc=,mtM4AbhcAx7tbDqhoSOfc1GHE90=
27,9,CjdB+E2GxLiTN4FtByvZ844A9Qc=,2OfqyCHUqmmqVlGIbdLbbt7vdEo=
20,12,CjdB+E2GxLiTN4FtByvZ844A9Qc=,mtM4AbhcAx7tbDqhoSOfc1GHE90=
20,0,CjdB+E2GxLiTN4FtByvZ844A9Qc=,bWZCPTZhwXqFtRxdYu9lYhqxa9A=
19,12,CjdB+E2GxLiTN4FtByvZ844A9Qc=,mtM4AbhcAx7tbDqhoSOfc1GHE90=
29,0,CjdB+E2GxLiTN4FtByvZ844A9Qc=,iUD7GTw5XexuxOuIPKILaR0yjrU=
18,12,CjdB+E2GxLiTN4FtByvZ844A9Qc=,mtM4AbhcAx7tbDqhoSOfc1GHE90=
28,11,CjdB+E2GxLiTN4FtByvZ844A9Qc=,2OfqyCHUqmmqVlGIbdLbbt7vdEo=
29,14,CjdB+E2GxLiTN4FtByvZ844A9Qc=,2OfqyCHUqmmqVlGIbdLbbt7vdEo=
18,0,CjdB+E2GxLiTN4FtByvZ844A9Qc=,bWZCPTZhwXqFtRxdYu9lYhqxa9A=
17,12,CjdB+E2GxLiTN4FtByvZ844A9Qc=,mtM4AbhcAx7tbDqhoSOfc1GHE90=
27,11,CjdB+E2GxLiTN4FtByvZ844A9Qc=,2OfqyCHUqmmqVlGIbdLbbt7vdEo=
30,0,CjdB+E2GxLiTN4FtByvZ844A9Qc=,iUD7GTw5XexuxOuIPKILaR0yjrU=
31,0,CjdB+E2GxLiTN4FtByvZ844A9Qc=,iUD7GTw5XexuxOuIPKILaR0yjrU=
16,7,CjdB+E2GxLiTN4FtByvZ844A9Qc=,bWZCPTZhwXqFtRxdYu9lYhqxa9A=
26,11,CjdB+E2GxLiTN4FtByvZ844A9Qc=,2OfqyCHUqmmqVlGIbdLbbt7vdEo=
23,11,CjdB+E2GxLiTN4FtByvZ844A9Qc=,mtM4AbhcAx7tbDqhoSOfc1GHE90=
16,15,CjdB+E2GxLiTN4FtByvZ844A9Qc=,mtM4AbhcAx7tbDqhoSOfc1GHE90=
30,14,CjdB+E2GxLiTN4FtByvZ844A9Qc=,2OfqyCHUqmmqVlGIbdLbbt7vdEo=
25,11,CjdB+E2GxLiTN4FtByvZ844A9Qc=,2OfqyCHUqmmqVlGIbdLbbt7vdEo=
16,0,CjdB+E2GxLiTN4FtByvZ844A9Qc=,bWZCPTZhwXqFtRxdYu9lYhqxa9A=
28,9,CjdB+E2GxLiTN4FtByvZ844A9Qc=,2OfqyCHUqmmqVlGIbdLbbt7vdEo=
16,12,CjdB+E2GxLiTN4FtByvZ844A9Qc=,mtM4AbhcAx7tbDqhoSOfc1GHE90=
22,11,CjdB+E2GxLiTN4FtByvZ844A9Qc=,mtM4AbhcAx7tbDqhoSOfc1GHE90=
30,10,CjdB+E2GxLiTN4FtByvZ844A9Qc=,2OfqyCHUqmmqVlGIbdLbbt7vdEo=
29,10,CjdB+E2GxLiTN4FtByvZ844A9Qc=,2OfqyCHUqmmqVlGIbdLbbt7vdEo=
29,9,CjdB+E2GxLiTN4FtByvZ844A9Qc=,2OfqyCHUqmmqVlGIbdLbbt7vdEo=
19,0,CjdB+E2GxLiTN4FtByvZ844A9Qc=,bWZCPTZhwXqFtRxdYu9lYhqxa9A=
21,11,CjdB+E2GxLiTN4FtByvZ844A9Qc=,mtM4AbhcAx7tbDqhoSOfc1GHE90=
28,10,CjdB+E2GxLiTN4FtByvZ844A9Qc=,2OfqyCHUqmmqVlGIbdLbbt7vdEo=
27,10,CjdB+E2GxLiTN4FtByvZ844A9Qc=,2OfqyCHUqmmqVlGIbdLbbt7vdEo=
26,10,CjdB+E2GxLiTN4FtByvZ844A9Qc=,2OfqyCHUqmmqVlGIbdLbbt7vdEo=
19,11,CjdB+E2GxLiTN4FtByvZ844A9Qc=,mtM4AbhcAx7tbDqhoSOfc1GHE90=
17,0,CjdB+E2GxLiTN4FtByvZ844A9Qc=,bWZCPTZhwXqFtRxdYu9lYhqxa9A=
25,10,CjdB+E2GxLiTN4FtByvZ844A9Qc=,2OfqyCHUqmmqVlGIbdLbbt7vdEo=
30,9,CjdB+E2GxLiTN4FtByvZ844A9Qc=,2OfqyCHUqmmqVlGIbdLbbt7vdEo=
18,11,CjdB+E2GxLiTN4FtByvZ844A9Qc=,mtM4AbhcAx7tbDqhoSOfc1GHE90=
24,0,CjdB+E2GxLiTN4FtByvZ844A9Qc=,iUD7GTw5XexuxOuIPKILaR0yjrU=
23,0,CjdB+E2GxLiTN4FtByvZ844A9Qc=,bWZCPTZhwXqFtRxdYu9lYhqxa9A=
22,0,CjdB+E2GxLiTN4FtByvZ844A9Qc=,bWZCPTZhwXqFtRxdYu9lYhqxa9A=
21,0,CjdB+E2GxLiTN4FtByvZ844A9Qc=,bWZCPTZhwXqFtRxdYu9lYhqxa9A=
20,11,CjdB+E2GxLiTN4FtByvZ844A9Qc=,mtM4AbhcAx7tbDqhoSOfc1GHE90=
23,10,CjdB+E2GxLiTN4FtByvZ844A9Qc=,mtM4AbhcAx7tbDqhoSOfc1GHE90=
17,11,CjdB+E2GxLiTN4FtByvZ844A9Qc=,mtM4AbhcAx7tbDqhoSOfc1GHE90=
16,11,CjdB+E2GxLiTN4FtByvZ844A9Qc=,mtM4AbhcAx7tbDqhoSOfc1GHE90=
22,10,CjdB+E2GxLiTN4FtByvZ844A9Qc=,mtM4AbhcAx7tbDqhoSOfc1GHE90=
21,10,CjdB+E2GxLiTN4FtByvZ844A9Qc=,mtM4AbhcAx7tbDqhoSOfc1GHE90=
20,10,CjdB+E2GxLiTN4FtByvZ844A9Qc=,mtM4AbhcAx7tbDqhoSOfc1GHE90=
24,10,CjdB+E2GxLiTN4FtByvZ844A9Qc=,2OfqyCHUqmmqVlGIbdLbbt7vdEo=
28,8,CjdB+E2GxLiTN4FtByvZ844A9Qc=,2OfqyCHUqmmqVlGIbdLbbt7vdEo=
19,10,CjdB+E2GxLiTN4FtByvZ844A9Qc=,mtM4AbhcAx7tbDqhoSOfc1GHE90=
18,10,CjdB+E2GxLiTN4FtByvZ844A9Qc=,mtM4AbhcAx7tbDqhoSOfc1GHE90=
17,10,CjdB+E2GxLiTN4FtByvZ844A9Qc=,mtM4AbhcAx7tbDqhoSOfc1GHE90=
23,9,CjdB+E2GxLiTN4FtByvZ844A9Qc=,mtM4AbhcAx7tbDqhoSOfc1GHE90=
21,9,CjdB+E2GxLiTN4FtByvZ844A9Qc=,mtM4AbhcAx7tbDqhoSOfc1GHE90=
16,10,CjdB+E2GxLiTN4FtByvZ844A9Qc=,mtM4AbhcAx7tbDqhoSOfc1GHE90=
17,9,CjdB+E2GxLiTN4FtByvZ844A9Qc=,mtM4AbhcAx7tbDqhoSOfc1GHE90=
16,9,CjdB+E2GxLiTN4FtByvZ844A9Qc=,mtM4AbhcAx7tbDqhoSOfc1GHE90=
24,9,CjdB+E2GxLiTN4FtByvZ844A9Qc=,2OfqyCHUqmmqVlGIbdLbbt7vdEo=
23,8,CjdB+E2GxLiTN4FtByvZ844A9Qc=,mtM4AbhcAx7tbDqhoSOfc1GHE90=
22,8,CjdB+E2GxLiTN4FtByvZ844A9Qc=,mtM4AbhcAx7tbDqhoSOfc1GHE90=
29,8,CjdB+E2GxLiTN4FtByvZ844A9Qc=,2OfqyCHUqmmqVlGIbdLbbt7vdEo=
20,9,CjdB+E2GxLiTN4FtByvZ844A9Qc=,mtM4AbhcAx7tbDqhoSOfc1GHE90=
21,8,CjdB+E2GxLiTN4FtByvZ844A9Qc=,mtM4AbhcAx7tbDqhoSOfc1GHE90=
22,9,CjdB+E2GxLiTN4FtByvZ844A9Qc=,mtM4AbhcAx7tbDqhoSOfc1GHE90=
20,8,CjdB+E2GxLiTN4FtByvZ844A9Qc=,mtM4AbhcAx7tbDqhoSOfc1GHE90=
19,8,CjdB+E2GxLiTN4FtByvZ844A9Qc=,mtM4AbhcAx7tbDqhoSOfc1GHE90=
16,8,CjdB+E2GxLiTN4FtByvZ844A9Qc=,mtM4AbhcAx7tbDqhoSOfc1GHE90=
18,8,CjdB+E2GxLiTN4FtByvZ844A9Qc=,mtM4AbhcAx7tbDqhoSOfc1GHE90=
22,7,CjdB+E2GxLiTN4FtByvZ844A9Qc=,bWZCPTZhwXqFtRxdYu9lYhqxa9A=
24,8,CjdB+E2GxLiTN4FtByvZ844A9Qc=,2OfqyCHUqmmqVlGIbdLbbt7vdEo=
23,7,CjdB+E2GxLiTN4FtByvZ844A9Qc=,bWZCPTZhwXqFtRxdYu9lYhqxa9A=
17,8,CjdB+E2GxLiTN4FtByvZ844A9Qc=,mtM4AbhcAx7tbDqhoSOfc1GHE90=
19,9,CjdB+E2GxLiTN4FtByvZ844A9Qc=,mtM4AbhcAx7tbDqhoSOfc1GHE90=
24,14,CjdB+E2GxLiTN4FtByvZ844A9Qc=,2OfqyCHUqmmqVlGIbdLbbt7vdEo=
21,7,CjdB+E2GxLiTN4FtByvZ844A9Qc=,bWZCPTZhwXqFtRxdYu9lYhqxa9A=
20,7,CjdB+E2GxLiTN4FtByvZ844A9Qc=,bWZCPTZhwXqFtRxdYu9lYhqxa9A=
21,15,CjdB+E2GxLiTN4FtByvZ844A9Qc=,mtM4AbhcAx7tbDqhoSOfc1GHE90=
24,12,CjdB+E2GxLiTN4FtByvZ844A9Qc=,2OfqyCHUqmmqVlGIbdLbbt7vdEo=
22,15,CjdB+E2GxLiTN4FtByvZ844A9Qc=,mtM4AbhcAx7tbDqhoSOfc1GHE90=
18,9,CjdB+E2GxLiTN4FtByvZ844A9Qc=,mtM4AbhcAx7tbDqhoSOfc1GHE90=
27,15,CjdB+E2GxLiTN4FtByvZ844A9Qc=,2OfqyCHUqmmqVlGIbdLbbt7vdEo=
23,13,CjdB+E2GxLiTN4FtByvZ844A9Qc=,mtM4AbhcAx7tbDqhoSOfc1GHE90=
