21,-7,SoBrJrLjJxRfOF2hgInKHVY5u7U=,NaYg/hj3whs9AG0E/sL+c5Yeli0=
22,-7,SoBrJrLjJxRfOF2hgInKHVY5u7U=,NaYg/hj3whs9AG0E/sL+c5Yeli0=
21,-6,SoBrJrLjJxRfOF2hgInKHVY5u7U=,NaYg/hj3whs9AG0E/sL+c5Yeli0=
22,-6,SoBrJrLjJxRfOF2hgInKHVY5u7U=,NaYg/hj3whs9AG0E/sL+c5Yeli0=
21,-5,SoBrJrLjJxRfOF2hgInKHVY5u7U=,NaYg/hj3whs9AG0E/sL+c5Yeli0=
21,-3,SoBrJrLjJxRfOF2hgInKHVY5u7U=,O3oRAV6iYUBGFcLcG6NCBbcqpI4=
21,-4,SoBrJrLjJxRfOF2hgInKHVY5u7U=,O3oRAV6iYUBGFcLcG6NCBbcqpI4=
22,-5,SoBrJrLjJxRfOF2hgInKHVY5u7U=,NaYg/hj3whs9AG0E/sL+c5Yeli0=
22,-4,SoBrJrLjJxRfOF2hgInKHVY5u7U=,O3oRAV6iYUBGFcLcG6NCBbcqpI4=
22,-3,SoBrJrLjJxRfOF2hgInKHVY5u7U=,O3oRAV6iYUBGFcLcG6NCBbcqpI4=
21,-2,SoBrJrLjJxRfOF2hgInKHVY5u7U=,O3oRAV6iYUBGFcLcG6NCBbcqpI4=
22,-2,SoBrJrLjJxRfOF2hgInKHVY5u7U=,O3oRAV6iYUBGFcLcG6NCBbcqpI4=
17,-7,SoBrJrLjJxRfOF2hgInKHVY5u7U=,L6Xjyo23MGSPSkxFNa8BjElpSwc=
18,-7,SoBrJrLjJxRfOF2hgInKHVY5u7U=,L6Xjyo23MGSPSkxFNa8BjElpSwc=
19,-7,SoBrJrLjJxRfOF2hgInKHVY5u7U=,L6Xjyo23MGSPSkxFNa8BjElpSwc=
20,-7,SoBrJrLjJxRfOF2hgInKHVY5u7U=,NaYg/hj3whs9AG0E/sL+c5Yeli0=
20,-6,SoBrJrLjJxRfOF2hgInKHVY5u7U=,NaYg/hj3whs9AG0E/sL+c5Yeli0=
17,-6,SoBrJrLjJxRfOF2hgInKHVY5u7U=,L6Xjyo23MGSPSkxFNa8BjElpSwc=
18,-6,SoBrJrLjJxRfOF2hgInKHVY5u7U=,L6Xjyo23MGSPSkxFNa8BjElpSwc=
19,-6,SoBrJrLjJxRfOF2hgInKHVY5u7U=,L6Xjyo23MGSPSkxFNa8BjElpSwc=
20,-3,SoBrJrLjJxRfOF2hgInKHVY5u7U=,O3oRAV6iYUBGFcLcG6NCBbcqpI4=
17,-3,SoBrJrLjJxRfOF2hgInKHVY5u7U=,o1iPYzTGkJVOU31ICfiuyISomyA=
17,-5,SoBrJrLjJxRfOF2hgInKHVY5u7U=,L6Xjyo23MGSPSkxFNa8BjElpSwc=
20,-5,SoBrJrLjJxRfOF2hgInKHVY5u7U=,NaYg/hj3whs9AG0E/sL+c5Yeli0=
18,-3,SoBrJrLjJxRfOF2hgInKHVY5u7U=,o1iPYzTGkJVOU31ICfiuyISomyA=
19,-3,SoBrJrLjJxRfOF2hgInKHVY5u7U=,o1iPYzTGkJVOU31ICfiuyISomyA=
20,-4,SoBrJrLjJxRfOF2hgInKHVY5u7U=,O3oRAV6iYUBGFcLcG6NCBbcqpI4=
18,-5,SoBrJrLjJxRfOF2hgInKHVY5u7U=,L6Xjyo23MGSPSkxFNa8BjElpSwc=
20,-2,SoBrJrLjJxRfOF2hgInKHVY5u7U=,O3oRAV6iYUBGFcLcG6NCBbcqpI4=
17,-2,SoBrJrLjJxRfOF2hgInKHVY5u7U=,o1iPYzTGkJVOU31ICfiuyISomyA=
19,-5,SoBrJrLjJxRfOF2hgInKHVY5u7U=,L6Xjyo23MGSPSkxFNa8BjElpSwc=
18,-2,SoBrJrLjJxRfOF2hgInKHVY5u7U=,o1iPYzTGkJVOU31ICfiuyISomyA=
19,-2,SoBrJrLjJxRfOF2hgInKHVY5u7U=,o1iPYzTGkJVOU31ICfiuyISomyA=
17,-4,SoBrJrLjJxRfOF2hgInKHVY5u7U=,o1iPYzTGkJVOU31ICfiuyISomyA=
18,-4,SoBrJrLjJxRfOF2hgInKHVY5u7U=,o1iPYzTGkJVOU31ICfiuyISomyA=
19,-4,SoBrJrLjJxRfOF2hgInKHVY5u7U=,o1iPYzTGkJVOU31ICfiuyISomyA=
24,-7,SoBrJrLjJxRfOF2hgInKHVY5u7U=,OtPijdmYMhjRqIyTT7jwcwyZy+A=
25,-7,SoBrJrLjJxRfOF2hgInKHVY5u7U=,OtPijdmYMhjRqIyTT7jwcwyZy+A=
26,-7,SoBrJrLjJxRfOF2hgInKHVY5u7U=,OtPijdmYMhjRqIyTT7jwcwyZy+A=
23,-7,wkeGHct0On3xx5fBB0GFxcFQUdE=,NaYg/hj3whs9AG0E/sL+c5Yeli0=
24,-6,wkeGHct0On3xx5fBB0GFxcFQUdE=,OtPijdmYMhjRqIyTT7jwcwyZy+A=
25,-6,wkeGHct0On3xx5fBB0GFxcFQUdE=,OtPijdmYMhjRqIyTT7jwcwyZy+A=
26,-6,wkeGHct0On3xx5fBB0GFxcFQUdE=,OtPijdmYMhjRqIyTT7jwcwyZy+A=
23,-6,wkeGHct0On3xx5fBB0GFxcFQUdE=,NaYg/hj3whs9AG0E/sL+c5Yeli0=
24,-5,wkeGHct0On3xx5fBB0GFxcFQUdE=,OtPijdmYMhjRqIyTT7jwcwyZy+A=
25,-5,wkeGHct0On3xx5fBB0GFxcFQUdE=,OtPijdmYMhjRqIyTT7jwcwyZy+A=
26,-5,wkeGHct0On3xx5fBB0GFxcFQUdE=,OtPijdmYMhjRqIyTT7jwcwyZy+A=
24,-4,wkeGHct0On3xx5fBB0GFxcFQUdE=,6HjY9v5Ma9ZfLmQsstkBAN7nAdE=
25,-4,wkeGHct0On3xx5fBB0GFxcFQUdE=,6HjY9v5Ma9ZfLmQsstkBAN7nAdE=
26,-4,wkeGHct0On3xx5fBB0GFxcFQUdE=,6HjY9v5Ma9ZfLmQsstkBAN7nAdE=
23,-4,wkeGHct0On3xx5fBB0GFxcFQUdE=,O3oRAV6iYUBGFcLcG6NCBbcqpI4=
25,-9,wkeGHct0On3xx5fBB0GFxcFQUdE=,ZQsn2IP0Wx9eqj2s/FFeea+IgIA=
23,-5,wkeGHct0On3xx5fBB0GFxcFQUdE=,NaYg/hj3whs9AG0E/sL+c5Yeli0=
26,-9,wkeGHct0On3xx5fBB0GFxcFQUdE=,ZQsn2IP0Wx9eqj2s/FFeea+IgIA=
23,-3,wkeGHct0On3xx5fBB0GFxcFQUdE=,O3oRAV6iYUBGFcLcG6NCBbcqpI4=
24,-3,wkeGHct0On3xx5fBB0GFxcFQUdE=,6HjY9v5Ma9ZfLmQsstkBAN7nAdE=
25,-8,wkeGHct0On3xx5fBB0GFxcFQUdE=,OtPijdmYMhjRqIyTT7jwcwyZy+A=
25,-3,wkeGHct0On3xx5fBB0GFxcFQUdE=,6HjY9v5Ma9ZfLmQsstkBAN7nAdE=
26,-8,wkeGHct0On3xx5fBB0GFxcFQUdE=,OtPijdmYMhjRqIyTT7jwcwyZy+A=
26,-3,wkeGHct0On3xx5fBB0GFxcFQUdE=,6HjY9v5Ma9ZfLmQsstkBAN7nAdE=
25,-11,wkeGHct0On3xx5fBB0GFxcFQUdE=,ZQsn2IP0Wx9eqj2s/FFeea+IgIA=
23,-2,wkeGHct0On3xx5fBB0GFxcFQUdE=,O3oRAV6iYUBGFcLcG6NCBbcqpI4=
26,-11,wkeGHct0On3xx5fBB0GFxcFQUdE=,ZQsn2IP0Wx9eqj2s/FFeea+IgIA=
24,-2,wkeGHct0On3xx5fBB0GFxcFQUdE=,6HjY9v5Ma9ZfLmQsstkBAN7nAdE=
25,-2,wkeGHct0On3xx5fBB0GFxcFQUdE=,6HjY9v5Ma9ZfLmQsstkBAN7nAdE=
25,-10,wkeGHct0On3xx5fBB0GFxcFQUdE=,ZQsn2IP0Wx9eqj2s/FFeea+IgIA=
26,-10,wkeGHct0On3xx5fBB0GFxcFQUdE=,ZQsn2IP0Wx9eqj2s/FFeea+IgIA=
26,-2,wkeGHct0On3xx5fBB0GFxcFQUdE=,6HjY9v5Ma9ZfLmQsstkBAN7nAdE=
24,-9,wkeGHct0On3xx5fBB0GFxcFQUdE=,ZQsn2IP0Wx9eqj2s/FFeea+IgIA=
24,-8,wkeGHct0On3xx5fBB0GFxcFQUdE=,OtPijdmYMhjRqIyTT7jwcwyZy+A=
21,-9,wkeGHct0On3xx5fBB0GFxcFQUdE=,aMns5rgd08s0TkMk4b+CiCWUZK8=
22,-9,wkeGHct0On3xx5fBB0GFxcFQUdE=,aMns5rgd08s0TkMk4b+CiCWUZK8=
23,-9,wkeGHct0On3xx5fBB0GFxcFQUdE=,aMns5rgd08s0TkMk4b+CiCWUZK8=
23,-10,wkeGHct0On3xx5fBB0GFxcFQUdE=,aMns5rgd08s0TkMk4b+CiCWUZK8=
21,-8,wkeGHct0On3xx5fBB0GFxcFQUdE=,NaYg/hj3whs9AG0E/sL+c5Yeli0=
21,-11,wkeGHct0On3xx5fBB0GFxcFQUdE=,aMns5rgd08s0TkMk4b+CiCWUZK8=
22,-8,wkeGHct0On3xx5fBB0GFxcFQUdE=,NaYg/hj3whs9AG0E/sL+c5Yeli0=
23,-8,wkeGHct0On3xx5fBB0GFxcFQUdE=,NaYg/hj3whs9AG0E/sL+c5Yeli0=
22,-11,wkeGHct0On3xx5fBB0GFxcFQUdE=,aMns5rgd08s0TkMk4b+CiCWUZK8=
24,-11,wkeGHct0On3xx5fBB0GFxcFQUdE=,ZQsn2IP0Wx9eqj2s/FFeea+IgIA=
23,-11,wkeGHct0On3xx5fBB0GFxcFQUdE=,aMns5rgd08s0TkMk4b+CiCWUZK8=
24,-10,wkeGHct0On3xx5fBB0GFxcFQUdE=,ZQsn2IP0Wx9eqj2s/FFeea+IgIA=
21,-10,wkeGHct0On3xx5fBB0GFxcFQUdE=,aMns5rgd08s0TkMk4b+CiCWUZK8=
22,-10,wkeGHct0On3xx5fBB0GFxcFQUdE=,aMns5rgd08s0TkMk4b+CiCWUZK8=
28,-7,wkeGHct0On3xx5fBB0GFxcFQUdE=,wXK+Jkizl0dV0RhFsmakrKzWjd0=
29,-7,wkeGHct0On3xx5fBB0GFxcFQUdE=,wXK+Jkizl0dV0RhFsmakrKzWjd0=
30,-7,wkeGHct0On3xx5fBB0GFxcFQUdE=,wXK+Jkizl0dV0RhFsmakrKzWjd0=
28,-6,wkeGHct0On3xx5fBB0GFxcFQUdE=,wXK+Jkizl0dV0RhFsmakrKzWjd0=
29,-6,wkeGHct0On3xx5fBB0GFxcFQUdE=,wXK+Jkizl0dV0RhFsmakrKzWjd0=
30,-6,wkeGHct0On3xx5fBB0GFxcFQUdE=,wXK+Jkizl0dV0RhFsmakrKzWjd0=
27,-7,wkeGHct0On3xx5fBB0GFxcFQUdE=,OtPijdmYMhjRqIyTT7jwcwyZy+A=
27,-6,wkeGHct0On3xx5fBB0GFxcFQUdE=,OtPijdmYMhjRqIyTT7jwcwyZy+A=
27,-9,wkeGHct0On3xx5fBB0GFxcFQUdE=,ZQsn2IP0Wx9eqj2s/FFeea+IgIA=
28,-9,wkeGHct0On3xx5fBB0GFxcFQUdE=,ZzIqEKxrIbXWqKxvW8oZsLLU/W0=
29,-9,wkeGHct0On3xx5fBB0GFxcFQUdE=,ZzIqEKxrIbXWqKxvW8oZsLLU/W0=
28,-11,wkeGHct0On3xx5fBB0GFxcFQUdE=,ZzIqEKxrIbXWqKxvW8oZsLLU/W0=
28,-8,wkeGHct0On3xx5fBB0GFxcFQUdE=,wXK+Jkizl0dV0RhFsmakrKzWjd0=
29,-8,wkeGHct0On3xx5fBB0GFxcFQUdE=,wXK+Jkizl0dV0RhFsmakrKzWjd0=
29,-11,wkeGHct0On3xx5fBB0GFxcFQUdE=,ZzIqEKxrIbXWqKxvW8oZsLLU/W0=
30,-8,wkeGHct0On3xx5fBB0GFxcFQUdE=,wXK+Jkizl0dV0RhFsmakrKzWjd0=
27,-8,wkeGHct0On3xx5fBB0GFxcFQUdE=,OtPijdmYMhjRqIyTT7jwcwyZy+A=
30,-11,wkeGHct0On3xx5fBB0GFxcFQUdE=,ZzIqEKxrIbXWqKxvW8oZsLLU/W0=
30,-9,wkeGHct0On3xx5fBB0GFxcFQUdE=,ZzIqEKxrIbXWqKxvW8oZsLLU/W0=
21,-13,wkeGHct0On3xx5fBB0GFxcFQUdE=,wgOa1RpA2FJiLgcAofvdAJ4BiV4=
28,-10,wkeGHct0On3xx5fBB0GFxcFQUdE=,ZzIqEKxrIbXWqKxvW8oZsLLU/W0=
29,-10,wkeGHct0On3xx5fBB0GFxcFQUdE=,ZzIqEKxrIbXWqKxvW8oZsLLU/W0=
30,-10,wkeGHct0On3xx5fBB0GFxcFQUdE=,ZzIqEKxrIbXWqKxvW8oZsLLU/W0=
27,-11,wkeGHct0On3xx5fBB0GFxcFQUdE=,ZQsn2IP0Wx9eqj2s/FFeea+IgIA=
22,-13,wkeGHct0On3xx5fBB0GFxcFQUdE=,wgOa1RpA2FJiLgcAofvdAJ4BiV4=
21,-12,wkeGHct0On3xx5fBB0GFxcFQUdE=,aMns5rgd08s0TkMk4b+CiCWUZK8=
27,-10,wkeGHct0On3xx5fBB0GFxcFQUdE=,ZQsn2IP0Wx9eqj2s/FFeea+IgIA=
22,-12,wkeGHct0On3xx5fBB0GFxcFQUdE=,aMns5rgd08s0TkMk4b+CiCWUZK8=
21,-15,wkeGHct0On3xx5fBB0GFxcFQUdE=,wgOa1RpA2FJiLgcAofvdAJ4BiV4=
22,-15,wkeGHct0On3xx5fBB0GFxcFQUdE=,wgOa1RpA2FJiLgcAofvdAJ4BiV4=
21,-14,wkeGHct0On3xx5fBB0GFxcFQUdE=,wgOa1RpA2FJiLgcAofvdAJ4BiV4=
22,-14,wkeGHct0On3xx5fBB0GFxcFQUdE=,wgOa1RpA2FJiLgcAofvdAJ4BiV4=
29,-15,wkeGHct0On3xx5fBB0GFxcFQUdE=,ZzIqEKxrIbXWqKxvW8oZsLLU/W0=
30,-15,wkeGHct0On3xx5fBB0GFxcFQUdE=,ZzIqEKxrIbXWqKxvW8oZsLLU/W0=
29,-14,wkeGHct0On3xx5fBB0GFxcFQUdE=,ZzIqEKxrIbXWqKxvW8oZsLLU/W0=
24,-13,wkeGHct0On3xx5fBB0GFxcFQUdE=,ZQsn2IP0Wx9eqj2s/FFeea+IgIA=
30,-14,wkeGHct0On3xx5fBB0GFxcFQUdE=,ZzIqEKxrIbXWqKxvW8oZsLLU/W0=
25,-13,wkeGHct0On3xx5fBB0GFxcFQUdE=,ZQsn2IP0Wx9eqj2s/FFeea+IgIA=
29,-13,wkeGHct0On3xx5fBB0GFxcFQUdE=,ZzIqEKxrIbXWqKxvW8oZsLLU/W0=
30,-13,wkeGHct0On3xx5fBB0GFxcFQUdE=,ZzIqEKxrIbXWqKxvW8oZsLLU/W0=
30,-12,wkeGHct0On3xx5fBB0GFxcFQUdE=,ZzIqEKxrIbXWqKxvW8oZsLLU/W0=
28,-15,wkeGHct0On3xx5fBB0GFxcFQUdE=,ZzIqEKxrIbXWqKxvW8oZsLLU/W0=
29,-12,wkeGHct0On3xx5fBB0GFxcFQUdE=,ZzIqEKxrIbXWqKxvW8oZsLLU/W0=
26,-13,wkeGHct0On3xx5fBB0GFxcFQUdE=,ZQsn2IP0Wx9eqj2s/FFeea+IgIA=
27,-13,wkeGHct0On3xx5fBB0GFxcFQUdE=,ZQsn2IP0Wx9eqj2s/FFeea+IgIA=
24,-12,wkeGHct0On3xx5fBB0GFxcFQUdE=,ZQsn2IP0Wx9eqj2s/FFeea+IgIA=
28,-14,wkeGHct0On3xx5fBB0GFxcFQUdE=,ZzIqEKxrIbXWqKxvW8oZsLLU/W0=
28,-13,wkeGHct0On3xx5fBB0GFxcFQUdE=,ZzIqEKxrIbXWqKxvW8oZsLLU/W0=
25,-12,wkeGHct0On3xx5fBB0GFxcFQUdE=,ZQsn2IP0Wx9eqj2s/FFeea+IgIA=
23,-13,wkeGHct0On3xx5fBB0GFxcFQUdE=,wgOa1RpA2FJiLgcAofvdAJ4BiV4=
23,-12,wkeGHct0On3xx5fBB0GFxcFQUdE=,aMns5rgd08s0TkMk4b+CiCWUZK8=
26,-12,wkeGHct0On3xx5fBB0GFxcFQUdE=,ZQsn2IP0Wx9eqj2s/FFeea+IgIA=
24,-15,wkeGHct0On3xx5fBB0GFxcFQUdE=,ZQsn2IP0Wx9eqj2s/FFeea+IgIA=
25,-15,wkeGHct0On3xx5fBB0GFxcFQUdE=,ZQsn2IP0Wx9eqj2s/FFeea+IgIA=
27,-12,wkeGHct0On3xx5fBB0GFxcFQUdE=,ZQsn2IP0Wx9eqj2s/FFeea+IgIA=
26,-15,wkeGHct0On3xx5fBB0GFxcFQUdE=,ZQsn2IP0Wx9eqj2s/FFeea+IgIA=
27,-15,wkeGHct0On3xx5fBB0GFxcFQUdE=,ZQsn2IP0Wx9eqj2s/FFeea+IgIA=
24,-14,wkeGHct0On3xx5fBB0GFxcFQUdE=,ZQsn2IP0Wx9eqj2s/FFeea+IgIA=
23,-15,wkeGHct0On3xx5fBB0GFxcFQUdE=,wgOa1RpA2FJiLgcAofvdAJ4BiV4=
21,-16,wkeGHct0On3xx5fBB0GFxcFQUdE=,wgOa1RpA2FJiLgcAofvdAJ4BiV4=
22,-16,wkeGHct0On3xx5fBB0GFxcFQUdE=,wgOa1RpA2FJiLgcAofvdAJ4BiV4=
28,-12,wkeGHct0On3xx5fBB0GFxcFQUdE=,ZzIqEKxrIbXWqKxvW8oZsLLU/W0=
25,-14,wkeGHct0On3xx5fBB0GFxcFQUdE=,ZQsn2IP0Wx9eqj2s/FFeea+IgIA=
26,-14,wkeGHct0On3xx5fBB0GFxcFQUdE=,ZQsn2IP0Wx9eqj2s/FFeea+IgIA=
27,-14,wkeGHct0On3xx5fBB0GFxcFQUdE=,ZQsn2IP0Wx9eqj2s/FFeea+IgIA=
23,-14,wkeGHct0On3xx5fBB0GFxcFQUdE=,wgOa1RpA2FJiLgcAofvdAJ4BiV4=
16,-7,wkeGHct0On3xx5fBB0GFxcFQUdE=,L6Xjyo23MGSPSkxFNa8BjElpSwc=
16,-6,wkeGHct0On3xx5fBB0GFxcFQUdE=,L6Xjyo23MGSPSkxFNa8BjElpSwc=
16,-5,wkeGHct0On3xx5fBB0GFxcFQUdE=,L6Xjyo23MGSPSkxFNa8BjElpSwc=
16,-3,wkeGHct0On3xx5fBB0GFxcFQUdE=,o1iPYzTGkJVOU31ICfiuyISomyA=
16,-2,wkeGHct0On3xx5fBB0GFxcFQUdE=,o1iPYzTGkJVOU31ICfiuyISomyA=
17,-1,wkeGHct0On3xx5fBB0GFxcFQUdE=,o1iPYzTGkJVOU31ICfiuyISomyA=
16,-4,wkeGHct0On3xx5fBB0GFxcFQUdE=,o1iPYzTGkJVOU31ICfiuyISomyA=
18,-1,wkeGHct0On3xx5fBB0GFxcFQUdE=,o1iPYzTGkJVOU31ICfiuyISomyA=
25,-1,wkeGHct0On3xx5fBB0GFxcFQUdE=,6HjY9v5Ma9ZfLmQsstkBAN7nAdE=
26,-1,wkeGHct0On3xx5fBB0GFxcFQUdE=,6HjY9v5Ma9ZfLmQsstkBAN7nAdE=
24,-1,wkeGHct0On3xx5fBB0GFxcFQUdE=,6HjY9v5Ma9ZfLmQsstkBAN7nAdE=
16,-15,wkeGHct0On3xx5fBB0GFxcFQUdE=,ZEVRk9YHFwZiQLJ4PcLYr9ZNX2M=
20,-1,wkeGHct0On3xx5fBB0GFxcFQUdE=,O3oRAV6iYUBGFcLcG6NCBbcqpI4=
18,-15,wkeGHct0On3xx5fBB0GFxcFQUdE=,ZEVRk9YHFwZiQLJ4PcLYr9ZNX2M=
17,-15,wkeGHct0On3xx5fBB0GFxcFQUdE=,ZEVRk9YHFwZiQLJ4PcLYr9ZNX2M=
19,-15,wkeGHct0On3xx5fBB0GFxcFQUdE=,ZEVRk9YHFwZiQLJ4PcLYr9ZNX2M=
16,-14,wkeGHct0On3xx5fBB0GFxcFQUdE=,ZEVRk9YHFwZiQLJ4PcLYr9ZNX2M=
18,-14,wkeGHct0On3xx5fBB0GFxcFQUdE=,ZEVRk9YHFwZiQLJ4PcLYr9ZNX2M=
19,-14,wkeGHct0On3xx5fBB0GFxcFQUdE=,ZEVRk9YHFwZiQLJ4PcLYr9ZNX2M=
17,-14,wkeGHct0On3xx5fBB0GFxcFQUdE=,ZEVRk9YHFwZiQLJ4PcLYr9ZNX2M=
20,-16,wkeGHct0On3xx5fBB0GFxcFQUdE=,wgOa1RpA2FJiLgcAofvdAJ4BiV4=
20,-13,wkeGHct0On3xx5fBB0GFxcFQUdE=,wgOa1RpA2FJiLgcAofvdAJ4BiV4=
21,-1,wkeGHct0On3xx5fBB0GFxcFQUdE=,O3oRAV6iYUBGFcLcG6NCBbcqpI4=
20,-9,wkeGHct0On3xx5fBB0GFxcFQUdE=,aMns5rgd08s0TkMk4b+CiCWUZK8=
20,-14,wkeGHct0On3xx5fBB0GFxcFQUdE=,wgOa1RpA2FJiLgcAofvdAJ4BiV4=
22,-1,wkeGHct0On3xx5fBB0GFxcFQUdE=,O3oRAV6iYUBGFcLcG6NCBbcqpI4=
20,-15,wkeGHct0On3xx5fBB0GFxcFQUdE=,wgOa1RpA2FJiLgcAofvdAJ4BiV4=
16,-9,wkeGHct0On3xx5fBB0GFxcFQUdE=,qyKc0xUbmsABEB4fG1Vq/iePDZk=
17,-16,wkeGHct0On3xx5fBB0GFxcFQUdE=,ZEVRk9YHFwZiQLJ4PcLYr9ZNX2M=
19,-16,wkeGHct0On3xx5fBB0GFxcFQUdE=,ZEVRk9YHFwZiQLJ4PcLYr9ZNX2M=
18,-16,wkeGHct0On3xx5fBB0GFxcFQUdE=,ZEVRk9YHFwZiQLJ4PcLYr9ZNX2M=
17,-9,wkeGHct0On3xx5fBB0GFxcFQUdE=,qyKc0xUbmsABEB4fG1Vq/iePDZk=
23,-1,wkeGHct0On3xx5fBB0GFxcFQUdE=,O3oRAV6iYUBGFcLcG6NCBbcqpI4=
31,-7,wkeGHct0On3xx5fBB0GFxcFQUdE=,wXK+Jkizl0dV0RhFsmakrKzWjd0=
31,-6,wkeGHct0On3xx5fBB0GFxcFQUdE=,wXK+Jkizl0dV0RhFsmakrKzWjd0=
20,-12,wkeGHct0On3xx5fBB0GFxcFQUdE=,aMns5rgd08s0TkMk4b+CiCWUZK8=
18,-9,wkeGHct0On3xx5fBB0GFxcFQUdE=,qyKc0xUbmsABEB4fG1Vq/iePDZk=
30,-16,wkeGHct0On3xx5fBB0GFxcFQUdE=,ZzIqEKxrIbXWqKxvW8oZsLLU/W0=
19,-1,wkeGHct0On3xx5fBB0GFxcFQUdE=,o1iPYzTGkJVOU31ICfiuyISomyA=
31,-15,wkeGHct0On3xx5fBB0GFxcFQUdE=,ZzIqEKxrIbXWqKxvW8oZsLLU/W0=
31,-14,wkeGHct0On3xx5fBB0GFxcFQUdE=,ZzIqEKxrIbXWqKxvW8oZsLLU/W0=
31,-16,wkeGHct0On3xx5fBB0GFxcFQUdE=,ZzIqEKxrIbXWqKxvW8oZsLLU/W0=
31,-11,wkeGHct0On3xx5fBB0GFxcFQUdE=,ZzIqEKxrIbXWqKxvW8oZsLLU/W0=
31,-9,wkeGHct0On3xx5fBB0GFxcFQUdE=,ZzIqEKxrIbXWqKxvW8oZsLLU/W0=
31,-13,wkeGHct0On3xx5fBB0GFxcFQUdE=,ZzIqEKxrIbXWqKxvW8oZsLLU/W0=
31,-12,wkeGHct0On3xx5fBB0GFxcFQUdE=,ZzIqEKxrIbXWqKxvW8oZsLLU/W0=
31,-10,wkeGHct0On3xx5fBB0GFxcFQUdE=,ZzIqEKxrIbXWqKxvW8oZsLLU/W0=
31,-8,wkeGHct0On3xx5fBB0GFxcFQUdE=,wXK+Jkizl0dV0RhFsmakrKzWjd0=
29,-16,wkeGHct0On3xx5fBB0GFxcFQUdE=,ZzIqEKxrIbXWqKxvW8oZsLLU/W0=
19,-9,wkeGHct0On3xx5fBB0GFxcFQUdE=,qyKc0xUbmsABEB4fG1Vq/iePDZk=
16,-16,wkeGHct0On3xx5fBB0GFxcFQUdE=,ZEVRk9YHFwZiQLJ4PcLYr9ZNX2M=
16,-8,wkeGHct0On3xx5fBB0GFxcFQUdE=,L6Xjyo23MGSPSkxFNa8BjElpSwc=
24,-16,wkeGHct0On3xx5fBB0GFxcFQUdE=,ZQsn2IP0Wx9eqj2s/FFeea+IgIA=
16,-1,wkeGHct0On3xx5fBB0GFxcFQUdE=,o1iPYzTGkJVOU31ICfiuyISomyA=
19,-10,wkeGHct0On3xx5fBB0GFxcFQUdE=,qyKc0xUbmsABEB4fG1Vq/iePDZk=
17,-8,wkeGHct0On3xx5fBB0GFxcFQUdE=,L6Xjyo23MGSPSkxFNa8BjElpSwc=
25,-16,wkeGHct0On3xx5fBB0GFxcFQUdE=,ZQsn2IP0Wx9eqj2s/FFeea+IgIA=
26,-16,wkeGHct0On3xx5fBB0GFxcFQUdE=,ZQsn2IP0Wx9eqj2s/FFeea+IgIA=
18,-8,wkeGHct0On3xx5fBB0GFxcFQUdE=,L6Xjyo23MGSPSkxFNa8BjElpSwc=
28,-16,wkeGHct0On3xx5fBB0GFxcFQUdE=,ZzIqEKxrIbXWqKxvW8oZsLLU/W0=
23,-16,wkeGHct0On3xx5fBB0GFxcFQUdE=,wgOa1RpA2FJiLgcAofvdAJ4BiV4=
20,-11,wkeGHct0On3xx5fBB0GFxcFQUdE=,aMns5rgd08s0TkMk4b+CiCWUZK8=
19,-8,wkeGHct0On3xx5fBB0GFxcFQUdE=,L6Xjyo23MGSPSkxFNa8BjElpSwc=
20,-8,wkeGHct0On3xx5fBB0GFxcFQUdE=,NaYg/hj3whs9AG0E/sL+c5Yeli0=
18,-10,wkeGHct0On3xx5fBB0GFxcFQUdE=,qyKc0xUbmsABEB4fG1Vq/iePDZk=
27,-16,wkeGHct0On3xx5fBB0GFxcFQUdE=,ZQsn2IP0Wx9eqj2s/FFeea+IgIA=
16,-11,wkeGHct0On3xx5fBB0GFxcFQUdE=,qyKc0xUbmsABEB4fG1Vq/iePDZk=
19,-12,wkeGHct0On3xx5fBB0GFxcFQUdE=,qyKc0xUbmsABEB4fG1Vq/iePDZk=
16,-13,wkeGHct0On3xx5fBB0GFxcFQUdE=,ZEVRk9YHFwZiQLJ4PcLYr9ZNX2M=
17,-10,wkeGHct0On3xx5fBB0GFxcFQUdE=,qyKc0xUbmsABEB4fG1Vq/iePDZk=
18,-12,wkeGHct0On3xx5fBB0GFxcFQUdE=,qyKc0xUbmsABEB4fG1Vq/iePDZk=
17,-13,wkeGHct0On3xx5fBB0GFxcFQUdE=,ZEVRk9YHFwZiQLJ4PcLYr9ZNX2M=
18,-13,wkeGHct0On3xx5fBB0GFxcFQUdE=,ZEVRk9YHFwZiQLJ4PcLYr9ZNX2M=
19,-13,wkeGHct0On3xx5fBB0GFxcFQUdE=,ZEVRk9YHFwZiQLJ4PcLYr9ZNX2M=
17,-12,wkeGHct0On3xx5fBB0GFxcFQUdE=,qyKc0xUbmsABEB4fG1Vq/iePDZk=
16,-12,wkeGHct0On3xx5fBB0GFxcFQUdE=,qyKc0xUbmsABEB4fG1Vq/iePDZk=
18,-11,wkeGHct0On3xx5fBB0GFxcFQUdE=,qyKc0xUbmsABEB4fG1Vq/iePDZk=
17,-11,wkeGHct0On3xx5fBB0GFxcFQUdE=,qyKc0xUbmsABEB4fG1Vq/iePDZk=
16,-10,wkeGHct0On3xx5fBB0GFxcFQUdE=,qyKc0xUbmsABEB4fG1Vq/iePDZk=
19,-11,wkeGHct0On3xx5fBB0GFxcFQUdE=,qyKc0xUbmsABEB4fG1Vq/iePDZk=
20,-10,wkeGHct0On3xx5fBB0GFxcFQUdE=,aMns5rgd08s0TkMk4b+CiCWUZK8=
31,-1,wkeGHct0On3xx5fBB0GFxcFQUdE=,RD79Ywg67s+5o3gGffOA2EobNKM=
31,-2,wkeGHct0On3xx5fBB0GFxcFQUdE=,RD79Ywg67s+5o3gGffOA2EobNKM=
31,-4,wkeGHct0On3xx5fBB0GFxcFQUdE=,RD79Ywg67s+5o3gGffOA2EobNKM=
31,-3,wkeGHct0On3xx5fBB0GFxcFQUdE=,RD79Ywg67s+5o3gGffOA2EobNKM=
30,-3,wkeGHct0On3xx5fBB0GFxcFQUdE=,RD79Ywg67s+5o3gGffOA2EobNKM=
30,-1,wkeGHct0On3xx5fBB0GFxcFQUdE=,RD79Ywg67s+5o3gGffOA2EobNKM=
27,-2,wkeGHct0On3xx5fBB0GFxcFQUdE=,6HjY9v5Ma9ZfLmQsstkBAN7nAdE=
27,-5,wkeGHct0On3xx5fBB0GFxcFQUdE=,OtPijdmYMhjRqIyTT7jwcwyZy+A=
31,-5,wkeGHct0On3xx5fBB0GFxcFQUdE=,wXK+Jkizl0dV0RhFsmakrKzWjd0=
27,-4,wkeGHct0On3xx5fBB0GFxcFQUdE=,6HjY9v5Ma9ZfLmQsstkBAN7nAdE=
27,-3,wkeGHct0On3xx5fBB0GFxcFQUdE=,6HjY9v5Ma9ZfLmQsstkBAN7nAdE=
29,-5,wkeGHct0On3xx5fBB0GFxcFQUdE=,wXK+Jkizl0dV0RhFsmakrKzWjd0=
28,-3,wkeGHct0On3xx5fBB0GFxcFQUdE=,RD79Ywg67s+5o3gGffOA2EobNKM=
28,-4,wkeGHct0On3xx5fBB0GFxcFQUdE=,RD79Ywg67s+5o3gGffOA2EobNKM=
29,-1,wkeGHct0On3xx5fBB0GFxcFQUdE=,RD79Ywg67s+5o3gGffOA2EobNKM=
28,-2,wkeGHct0On3xx5fBB0GFxcFQUdE=,RD79Ywg67s+5o3gGffOA2EobNKM=
30,-2,wkeGHct0On3xx5fBB0GFxcFQUdE=,RD79Ywg67s+5o3gGffOA2EobNKM=
29,-3,wkeGHct0On3xx5fBB0GFxcFQUdE=,RD79Ywg67s+5o3gGffOA2EobNKM=
29,-2,wkeGHct0On3xx5fBB0GFxcFQUdE=,RD79Ywg67s+5o3gGffOA2EobNKM=
28,-1,wkeGHct0On3xx5fBB0GFxcFQUdE=,RD79Ywg67s+5o3gGffOA2EobNKM=
28,-5,wkeGHct0On3xx5fBB0GFxcFQUdE=,wXK+Jkizl0dV0RhFsmakrKzWjd0=
30,-5,wkeGHct0On3xx5fBB0GFxcFQUdE=,wXK+Jkizl0dV0RhFsmakrKzWjd0=
30,-4,wkeGHct0On3xx5fBB0GFxcFQUdE=,RD79Ywg67s+5o3gGffOA2EobNKM=
29,-4,wkeGHct0On3xx5fBB0GFxcFQUdE=,RD79Ywg67s+5o3gGffOA2EobNKM=
27,-1,wkeGHct0On3xx5fBB0GFxcFQUdE=,6HjY9v5Ma9ZfLmQsstkBAN7nAdE=
29,-27,aUbck+fKFW7LJg1Zi/2V7+uDCKk=,qjX6U5VDto1GjFTH/493/uVCe0Q=
25,-31,aUbck+fKFW7LJg1Zi/2V7+uDCKk=,Wjj3yz2tj1UaUvLtlA0nvHGCMCw=
30,-26,aUbck+fKFW7LJg1Zi/2V7+uDCKk=,qjX6U5VDto1GjFTH/493/uVCe0Q=
26,-31,aUbck+fKFW7LJg1Zi/2V7+uDCKk=,Wjj3yz2tj1UaUvLtlA0nvHGCMCw=
28,-30,aUbck+fKFW7LJg1Zi/2V7+uDCKk=,Q7pJgLae/qSft8rsFYJOTO494JY=
29,-26,aUbck+fKFW7LJg1Zi/2V7+uDCKk=,qjX6U5VDto1GjFTH/493/uVCe0Q=
28,-29,aUbck+fKFW7LJg1Zi/2V7+uDCKk=,Q7pJgLae/qSft8rsFYJOTO494JY=
30,-27,aUbck+fKFW7LJg1Zi/2V7+uDCKk=,qjX6U5VDto1GjFTH/493/uVCe0Q=
25,-30,aUbck+fKFW7LJg1Zi/2V7+uDCKk=,Wjj3yz2tj1UaUvLtlA0nvHGCMCw=
29,-30,aUbck+fKFW7LJg1Zi/2V7+uDCKk=,Q7pJgLae/qSft8rsFYJOTO494JY=
25,-29,aUbck+fKFW7LJg1Zi/2V7+uDCKk=,Wjj3yz2tj1UaUvLtlA0nvHGCMCw=
27,-26,aUbck+fKFW7LJg1Zi/2V7+uDCKk=,0btWjS643Lll17E83Zo09OXCaX4=
30,-31,aUbck+fKFW7LJg1Zi/2V7+uDCKk=,Q7pJgLae/qSft8rsFYJOTO494JY=
26,-30,aUbck+fKFW7LJg1Zi/2V7+uDCKk=,Wjj3yz2tj1UaUvLtlA0nvHGCMCw=
26,-29,aUbck+fKFW7LJg1Zi/2V7+uDCKk=,Wjj3yz2tj1UaUvLtlA0nvHGCMCw=
29,-28,aUbck+fKFW7LJg1Zi/2V7+uDCKk=,qjX6U5VDto1GjFTH/493/uVCe0Q=
30,-28,aUbck+fKFW7LJg1Zi/2V7+uDCKk=,qjX6U5VDto1GjFTH/493/uVCe0Q=
28,-28,aUbck+fKFW7LJg1Zi/2V7+uDCKk=,qjX6U5VDto1GjFTH/493/uVCe0Q=
30,-30,aUbck+fKFW7LJg1Zi/2V7+uDCKk=,Q7pJgLae/qSft8rsFYJOTO494JY=
27,-29,aUbck+fKFW7LJg1Zi/2V7+uDCKk=,Wjj3yz2tj1UaUvLtlA0nvHGCMCw=
29,-29,aUbck+fKFW7LJg1Zi/2V7+uDCKk=,Q7pJgLae/qSft8rsFYJOTO494JY=
28,-27,aUbck+fKFW7LJg1Zi/2V7+uDCKk=,qjX6U5VDto1GjFTH/493/uVCe0Q=
28,-31,aUbck+fKFW7LJg1Zi/2V7+uDCKk=,Q7pJgLae/qSft8rsFYJOTO494JY=
25,-28,aUbck+fKFW7LJg1Zi/2V7+uDCKk=,0btWjS643Lll17E83Zo09OXCaX4=
27,-30,aUbck+fKFW7LJg1Zi/2V7+uDCKk=,Wjj3yz2tj1UaUvLtlA0nvHGCMCw=
29,-31,aUbck+fKFW7LJg1Zi/2V7+uDCKk=,Q7pJgLae/qSft8rsFYJOTO494JY=
27,-31,aUbck+fKFW7LJg1Zi/2V7+uDCKk=,Wjj3yz2tj1UaUvLtlA0nvHGCMCw=
26,-28,aUbck+fKFW7LJg1Zi/2V7+uDCKk=,0btWjS643Lll17E83Zo09OXCaX4=
30,-29,aUbck+fKFW7LJg1Zi/2V7+uDCKk=,Q7pJgLae/qSft8rsFYJOTO494JY=
27,-28,aUbck+fKFW7LJg1Zi/2V7+uDCKk=,0btWjS643Lll17E83Zo09OXCaX4=
28,-26,aUbck+fKFW7LJg1Zi/2V7+uDCKk=,qjX6U5VDto1GjFTH/493/uVCe0Q=
25,-27,aUbck+fKFW7LJg1Zi/2V7+uDCKk=,0btWjS643Lll17E83Zo09OXCaX4=
26,-27,aUbck+fKFW7LJg1Zi/2V7+uDCKk=,0btWjS643Lll17E83Zo09OXCaX4=
27,-27,aUbck+fKFW7LJg1Zi/2V7+uDCKk=,0btWjS643Lll17E83Zo09OXCaX4=
25,-26,aUbck+fKFW7LJg1Zi/2V7+uDCKk=,0btWjS643Lll17E83Zo09OXCaX4=
26,-26,aUbck+fKFW7LJg1Zi/2V7+uDCKk=,0btWjS643Lll17E83Zo09OXCaX4=
21,-23,aUbck+fKFW7LJg1Zi/2V7+uDCKk=,G65A6W7Al+jqcHV1mtbrZ3B1eBE=
17,-27,aUbck+fKFW7LJg1Zi/2V7+uDCKk=,5zIQ9fgxkT7RhmwRHSzquttcHRI=
18,-27,aUbck+fKFW7LJg1Zi/2V7+uDCKk=,5zIQ9fgxkT7RhmwRHSzquttcHRI=
17,-26,aUbck+fKFW7LJg1Zi/2V7+uDCKk=,5zIQ9fgxkT7RhmwRHSzquttcHRI=
18,-26,aUbck+fKFW7LJg1Zi/2V7+uDCKk=,5zIQ9fgxkT7RhmwRHSzquttcHRI=
17,-25,aUbck+fKFW7LJg1Zi/2V7+uDCKk=,5zIQ9fgxkT7RhmwRHSzquttcHRI=
18,-25,aUbck+fKFW7LJg1Zi/2V7+uDCKk=,5zIQ9fgxkT7RhmwRHSzquttcHRI=
20,-23,aUbck+fKFW7LJg1Zi/2V7+uDCKk=,G65A6W7Al+jqcHV1mtbrZ3B1eBE=
17,-24,aUbck+fKFW7LJg1Zi/2V7+uDCKk=,1YrZFAl4y0MEG5SkZH0Y16oiqM4=
18,-24,aUbck+fKFW7LJg1Zi/2V7+uDCKk=,1YrZFAl4y0MEG5SkZH0Y16oiqM4=
20,-22,aUbck+fKFW7LJg1Zi/2V7+uDCKk=,G65A6W7Al+jqcHV1mtbrZ3B1eBE=
17,-23,aUbck+fKFW7LJg1Zi/2V7+uDCKk=,1YrZFAl4y0MEG5SkZH0Y16oiqM4=
18,-23,aUbck+fKFW7LJg1Zi/2V7+uDCKk=,1YrZFAl4y0MEG5SkZH0Y16oiqM4=
19,-23,aUbck+fKFW7LJg1Zi/2V7+uDCKk=,1YrZFAl4y0MEG5SkZH0Y16oiqM4=
22,-22,aUbck+fKFW7LJg1Zi/2V7+uDCKk=,G65A6W7Al+jqcHV1mtbrZ3B1eBE=
17,-22,aUbck+fKFW7LJg1Zi/2V7+uDCKk=,1YrZFAl4y0MEG5SkZH0Y16oiqM4=
20,-25,aUbck+fKFW7LJg1Zi/2V7+uDCKk=,5zIQ9fgxkT7RhmwRHSzquttcHRI=
18,-22,aUbck+fKFW7LJg1Zi/2V7+uDCKk=,1YrZFAl4y0MEG5SkZH0Y16oiqM4=
21,-22,aUbck+fKFW7LJg1Zi/2V7+uDCKk=,G65A6W7Al+jqcHV1mtbrZ3B1eBE=
22,-23,aUbck+fKFW7LJg1Zi/2V7+uDCKk=,G65A6W7Al+jqcHV1mtbrZ3B1eBE=
21,-25,aUbck+fKFW7LJg1Zi/2V7+uDCKk=,5zIQ9fgxkT7RhmwRHSzquttcHRI=
19,-22,aUbck+fKFW7LJg1Zi/2V7+uDCKk=,1YrZFAl4y0MEG5SkZH0Y16oiqM4=
22,-25,aUbck+fKFW7LJg1Zi/2V7+uDCKk=,5zIQ9fgxkT7RhmwRHSzquttcHRI=
20,-24,aUbck+fKFW7LJg1Zi/2V7+uDCKk=,G65A6W7Al+jqcHV1mtbrZ3B1eBE=
21,-24,aUbck+fKFW7LJg1Zi/2V7+uDCKk=,G65A6W7Al+jqcHV1mtbrZ3B1eBE=
22,-24,aUbck+fKFW7LJg1Zi/2V7+uDCKk=,G65A6W7Al+jqcHV1mtbrZ3B1eBE=
19,-25,aUbck+fKFW7LJg1Zi/2V7+uDCKk=,5zIQ9fgxkT7RhmwRHSzquttcHRI=
20,-27,aUbck+fKFW7LJg1Zi/2V7+uDCKk=,5zIQ9fgxkT7RhmwRHSzquttcHRI=
21,-27,aUbck+fKFW7LJg1Zi/2V7+uDCKk=,5zIQ9fgxkT7RhmwRHSzquttcHRI=
24,-27,aUbck+fKFW7LJg1Zi/2V7+uDCKk=,0btWjS643Lll17E83Zo09OXCaX4=
22,-27,aUbck+fKFW7LJg1Zi/2V7+uDCKk=,5zIQ9fgxkT7RhmwRHSzquttcHRI=
23,-27,aUbck+fKFW7LJg1Zi/2V7+uDCKk=,5zIQ9fgxkT7RhmwRHSzquttcHRI=
19,-24,aUbck+fKFW7LJg1Zi/2V7+uDCKk=,1YrZFAl4y0MEG5SkZH0Y16oiqM4=
19,-27,aUbck+fKFW7LJg1Zi/2V7+uDCKk=,5zIQ9fgxkT7RhmwRHSzquttcHRI=
20,-26,aUbck+fKFW7LJg1Zi/2V7+uDCKk=,5zIQ9fgxkT7RhmwRHSzquttcHRI=
24,-26,aUbck+fKFW7LJg1Zi/2V7+uDCKk=,0btWjS643Lll17E83Zo09OXCaX4=
21,-26,aUbck+fKFW7LJg1Zi/2V7+uDCKk=,5zIQ9fgxkT7RhmwRHSzquttcHRI=
22,-26,aUbck+fKFW7LJg1Zi/2V7+uDCKk=,5zIQ9fgxkT7RhmwRHSzquttcHRI=
23,-26,aUbck+fKFW7LJg1Zi/2V7+uDCKk=,5zIQ9fgxkT7RhmwRHSzquttcHRI=
19,-26,aUbck+fKFW7LJg1Zi/2V7+uDCKk=,5zIQ9fgxkT7RhmwRHSzquttcHRI=
30,-25,aUbck+fKFW7LJg1Zi/2V7+uDCKk=,qjX6U5VDto1GjFTH/493/uVCe0Q=
29,-22,aUbck+fKFW7LJg1Zi/2V7+uDCKk=,yHCb2Gzyj3taOlpCv958Br7zE3A=
29,-24,aUbck+fKFW7LJg1Zi/2V7+uDCKk=,yHCb2Gzyj3taOlpCv958Br7zE3A=
30,-22,aUbck+fKFW7LJg1Zi/2V7+uDCKk=,yHCb2Gzyj3taOlpCv958Br7zE3A=
28,-23,aUbck+fKFW7LJg1Zi/2V7+uDCKk=,yHCb2Gzyj3taOlpCv958Br7zE3A=
30,-21,aUbck+fKFW7LJg1Zi/2V7+uDCKk=,yHCb2Gzyj3taOlpCv958Br7zE3A=
24,-25,aUbck+fKFW7LJg1Zi/2V7+uDCKk=,0btWjS643Lll17E83Zo09OXCaX4=
30,-24,aUbck+fKFW7LJg1Zi/2V7+uDCKk=,yHCb2Gzyj3taOlpCv958Br7zE3A=
30,-20,aUbck+fKFW7LJg1Zi/2V7+uDCKk=,yHCb2Gzyj3taOlpCv958Br7zE3A=
29,-23,aUbck+fKFW7LJg1Zi/2V7+uDCKk=,yHCb2Gzyj3taOlpCv958Br7zE3A=
29,-18,aUbck+fKFW7LJg1Zi/2V7+uDCKk=,yHCb2Gzyj3taOlpCv958Br7zE3A=
25,-21,aUbck+fKFW7LJg1Zi/2V7+uDCKk=,0btWjS643Lll17E83Zo09OXCaX4=
23,-22,aUbck+fKFW7LJg1Zi/2V7+uDCKk=,G65A6W7Al+jqcHV1mtbrZ3B1eBE=
30,-23,aUbck+fKFW7LJg1Zi/2V7+uDCKk=,yHCb2Gzyj3taOlpCv958Br7zE3A=
29,-25,aUbck+fKFW7LJg1Zi/2V7+uDCKk=,qjX6U5VDto1GjFTH/493/uVCe0Q=
26,-21,aUbck+fKFW7LJg1Zi/2V7+uDCKk=,0btWjS643Lll17E83Zo09OXCaX4=
29,-20,aUbck+fKFW7LJg1Zi/2V7+uDCKk=,yHCb2Gzyj3taOlpCv958Br7zE3A=
29,-21,aUbck+fKFW7LJg1Zi/2V7+uDCKk=,yHCb2Gzyj3taOlpCv958Br7zE3A=
29,-19,aUbck+fKFW7LJg1Zi/2V7+uDCKk=,yHCb2Gzyj3taOlpCv958Br7zE3A=
30,-19,aUbck+fKFW7LJg1Zi/2V7+uDCKk=,yHCb2Gzyj3taOlpCv958Br7zE3A=
28,-20,aUbck+fKFW7LJg1Zi/2V7+uDCKk=,yHCb2Gzyj3taOlpCv958Br7zE3A=
30,-18,aUbck+fKFW7LJg1Zi/2V7+uDCKk=,yHCb2Gzyj3taOlpCv958Br7zE3A=
27,-21,aUbck+fKFW7LJg1Zi/2V7+uDCKk=,0btWjS643Lll17E83Zo09OXCaX4=
28,-18,aUbck+fKFW7LJg1Zi/2V7+uDCKk=,yHCb2Gzyj3taOlpCv958Br7zE3A=
25,-20,aUbck+fKFW7LJg1Zi/2V7+uDCKk=,x17hDQ/NHxwKOXwRJK9lLtbJ0/Y=
28,-25,aUbck+fKFW7LJg1Zi/2V7+uDCKk=,qjX6U5VDto1GjFTH/493/uVCe0Q=
26,-20,aUbck+fKFW7LJg1Zi/2V7+uDCKk=,x17hDQ/NHxwKOXwRJK9lLtbJ0/Y=
28,-21,aUbck+fKFW7LJg1Zi/2V7+uDCKk=,yHCb2Gzyj3taOlpCv958Br7zE3A=
27,-20,aUbck+fKFW7LJg1Zi/2V7+uDCKk=,x17hDQ/NHxwKOXwRJK9lLtbJ0/Y=
27,-24,aUbck+fKFW7LJg1Zi/2V7+uDCKk=,0btWjS643Lll17E83Zo09OXCaX4=
25,-19,aUbck+fKFW7LJg1Zi/2V7+uDCKk=,x17hDQ/NHxwKOXwRJK9lLtbJ0/Y=
26,-19,aUbck+fKFW7LJg1Zi/2V7+uDCKk=,x17hDQ/NHxwKOXwRJK9lLtbJ0/Y=
27,-19,aUbck+fKFW7LJg1Zi/2V7+uDCKk=,x17hDQ/NHxwKOXwRJK9lLtbJ0/Y=
25,-18,XoPQRLm38HogDIXo7wkCTC5KnPI=,x17hDQ/NHxwKOXwRJK9lLtbJ0/Y=
25,-25,XoPQRLm38HogDIXo7wkCTC5KnPI=,0btWjS643Lll17E83Zo09OXCaX4=
28,-19,XoPQRLm38HogDIXo7wkCTC5KnPI=,yHCb2Gzyj3taOlpCv958Br7zE3A=
26,-18,XoPQRLm38HogDIXo7wkCTC5KnPI=,x17hDQ/NHxwKOXwRJK9lLtbJ0/Y=
24,-23,XoPQRLm38HogDIXo7wkCTC5KnPI=,0btWjS643Lll17E83Zo09OXCaX4=
27,-18,XoPQRLm38HogDIXo7wkCTC5KnPI=,x17hDQ/NHxwKOXwRJK9lLtbJ0/Y=
26,-25,XoPQRLm38HogDIXo7wkCTC5KnPI=,0btWjS643Lll17E83Zo09OXCaX4=
28,-22,XoPQRLm38HogDIXo7wkCTC5KnPI=,yHCb2Gzyj3taOlpCv958Br7zE3A=
27,-25,XoPQRLm38HogDIXo7wkCTC5KnPI=,0btWjS643Lll17E83Zo09OXCaX4=
23,-25,XoPQRLm38HogDIXo7wkCTC5KnPI=,5zIQ9fgxkT7RhmwRHSzquttcHRI=
25,-23,XoPQRLm38HogDIXo7wkCTC5KnPI=,0btWjS643Lll17E83Zo09OXCaX4=
26,-22,XoPQRLm38HogDIXo7wkCTC5KnPI=,0btWjS643Lll17E83Zo09OXCaX4=
23,-24,XoPQRLm38HogDIXo7wkCTC5KnPI=,G65A6W7Al+jqcHV1mtbrZ3B1eBE=
26,-23,XoPQRLm38HogDIXo7wkCTC5KnPI=,0btWjS643Lll17E83Zo09OXCaX4=
24,-24,XoPQRLm38HogDIXo7wkCTC5KnPI=,0btWjS643Lll17E83Zo09OXCaX4=
25,-24,XoPQRLm38HogDIXo7wkCTC5KnPI=,0btWjS643Lll17E83Zo09OXCaX4=
26,-24,XoPQRLm38HogDIXo7wkCTC5KnPI=,0btWjS643Lll17E83Zo09OXCaX4=
28,-24,XoPQRLm38HogDIXo7wkCTC5KnPI=,yHCb2Gzyj3taOlpCv958Br7zE3A=
23,-23,XoPQRLm38HogDIXo7wkCTC5KnPI=,G65A6W7Al+jqcHV1mtbrZ3B1eBE=
27,-23,XoPQRLm38HogDIXo7wkCTC5KnPI=,0btWjS643Lll17E83Zo09OXCaX4=
27,-22,XoPQRLm38HogDIXo7wkCTC5KnPI=,0btWjS643Lll17E83Zo09OXCaX4=
24,-22,XoPQRLm38HogDIXo7wkCTC5KnPI=,0btWjS643Lll17E83Zo09OXCaX4=
25,-22,XoPQRLm38HogDIXo7wkCTC5KnPI=,0btWjS643Lll17E83Zo09OXCaX4=
16,-23,XoPQRLm38HogDIXo7wkCTC5KnPI=,1YrZFAl4y0MEG5SkZH0Y16oiqM4=
16,-22,XoPQRLm38HogDIXo7wkCTC5KnPI=,1YrZFAl4y0MEG5SkZH0Y16oiqM4=
25,-17,XoPQRLm38HogDIXo7wkCTC5KnPI=,x17hDQ/NHxwKOXwRJK9lLtbJ0/Y=
28,-17,XoPQRLm38HogDIXo7wkCTC5KnPI=,yHCb2Gzyj3taOlpCv958Br7zE3A=
26,-17,XoPQRLm38HogDIXo7wkCTC5KnPI=,x17hDQ/NHxwKOXwRJK9lLtbJ0/Y=
29,-17,XoPQRLm38HogDIXo7wkCTC5KnPI=,yHCb2Gzyj3taOlpCv958Br7zE3A=
31,-18,XoPQRLm38HogDIXo7wkCTC5KnPI=,yHCb2Gzyj3taOlpCv958Br7zE3A=
31,-19,XoPQRLm38HogDIXo7wkCTC5KnPI=,yHCb2Gzyj3taOlpCv958Br7zE3A=
30,-17,XoPQRLm38HogDIXo7wkCTC5KnPI=,yHCb2Gzyj3taOlpCv958Br7zE3A=
27,-17,XoPQRLm38HogDIXo7wkCTC5KnPI=,x17hDQ/NHxwKOXwRJK9lLtbJ0/Y=
31,-27,XoPQRLm38HogDIXo7wkCTC5KnPI=,qjX6U5VDto1GjFTH/493/uVCe0Q=
31,-26,XoPQRLm38HogDIXo7wkCTC5KnPI=,qjX6U5VDto1GjFTH/493/uVCe0Q=
31,-25,XoPQRLm38HogDIXo7wkCTC5KnPI=,qjX6U5VDto1GjFTH/493/uVCe0Q=
31,-21,XoPQRLm38HogDIXo7wkCTC5KnPI=,yHCb2Gzyj3taOlpCv958Br7zE3A=
31,-20,XoPQRLm38HogDIXo7wkCTC5KnPI=,yHCb2Gzyj3taOlpCv958Br7zE3A=
31,-22,XoPQRLm38HogDIXo7wkCTC5KnPI=,yHCb2Gzyj3taOlpCv958Br7zE3A=
31,-23,XoPQRLm38HogDIXo7wkCTC5KnPI=,yHCb2Gzyj3taOlpCv958Br7zE3A=
31,-24,XoPQRLm38HogDIXo7wkCTC5KnPI=,yHCb2Gzyj3taOlpCv958Br7zE3A=
30,-32,XoPQRLm38HogDIXo7wkCTC5KnPI=,Q7pJgLae/qSft8rsFYJOTO494JY=
28,-32,XoPQRLm38HogDIXo7wkCTC5KnPI=,Q7pJgLae/qSft8rsFYJOTO494JY=
29,-32,XoPQRLm38HogDIXo7wkCTC5KnPI=,Q7pJgLae/qSft8rsFYJOTO494JY=
25,-32,XoPQRLm38HogDIXo7wkCTC5KnPI=,Wjj3yz2tj1UaUvLtlA0nvHGCMCw=
26,-32,XoPQRLm38HogDIXo7wkCTC5KnPI=,Wjj3yz2tj1UaUvLtlA0nvHGCMCw=
27,-32,XoPQRLm38HogDIXo7wkCTC5KnPI=,Wjj3yz2tj1UaUvLtlA0nvHGCMCw=
24,-21,XoPQRLm38HogDIXo7wkCTC5KnPI=,0btWjS643Lll17E83Zo09OXCaX4=
21,-21,XoPQRLm38HogDIXo7wkCTC5KnPI=,G65A6W7Al+jqcHV1mtbrZ3B1eBE=
23,-20,XoPQRLm38HogDIXo7wkCTC5KnPI=,LGzzDjAfebAwc4UUeXpE4WYT2V8=
23,-18,XoPQRLm38HogDIXo7wkCTC5KnPI=,LGzzDjAfebAwc4UUeXpE4WYT2V8=
21,-19,XoPQRLm38HogDIXo7wkCTC5KnPI=,LGzzDjAfebAwc4UUeXpE4WYT2V8=
22,-19,XoPQRLm38HogDIXo7wkCTC5KnPI=,LGzzDjAfebAwc4UUeXpE4WYT2V8=
21,-17,XoPQRLm38HogDIXo7wkCTC5KnPI=,LGzzDjAfebAwc4UUeXpE4WYT2V8=
22,-21,XoPQRLm38HogDIXo7wkCTC5KnPI=,G65A6W7Al+jqcHV1mtbrZ3B1eBE=
24,-20,XoPQRLm38HogDIXo7wkCTC5KnPI=,x17hDQ/NHxwKOXwRJK9lLtbJ0/Y=
23,-21,XoPQRLm38HogDIXo7wkCTC5KnPI=,G65A6W7Al+jqcHV1mtbrZ3B1eBE=
23,-19,XoPQRLm38HogDIXo7wkCTC5KnPI=,LGzzDjAfebAwc4UUeXpE4WYT2V8=
22,-17,XoPQRLm38HogDIXo7wkCTC5KnPI=,LGzzDjAfebAwc4UUeXpE4WYT2V8=
23,-17,XoPQRLm38HogDIXo7wkCTC5KnPI=,LGzzDjAfebAwc4UUeXpE4WYT2V8=
20,-17,XoPQRLm38HogDIXo7wkCTC5KnPI=,LGzzDjAfebAwc4UUeXpE4WYT2V8=
24,-19,XoPQRLm38HogDIXo7wkCTC5KnPI=,x17hDQ/NHxwKOXwRJK9lLtbJ0/Y=
21,-20,XoPQRLm38HogDIXo7wkCTC5KnPI=,LGzzDjAfebAwc4UUeXpE4WYT2V8=
20,-19,XoPQRLm38HogDIXo7wkCTC5KnPI=,LGzzDjAfebAwc4UUeXpE4WYT2V8=
21,-18,XoPQRLm38HogDIXo7wkCTC5KnPI=,LGzzDjAfebAwc4UUeXpE4WYT2V8=
20,-21,XoPQRLm38HogDIXo7wkCTC5KnPI=,G65A6W7Al+jqcHV1mtbrZ3B1eBE=
16,-19,XoPQRLm38HogDIXo7wkCTC5KnPI=,L6Xjyo23MGSPSkxFNa8BjElpSwc=
24,-18,XoPQRLm38HogDIXo7wkCTC5KnPI=,x17hDQ/NHxwKOXwRJK9lLtbJ0/Y=
16,-17,XoPQRLm38HogDIXo7wkCTC5KnPI=,L6Xjyo23MGSPSkxFNa8BjElpSwc=
16,-21,XoPQRLm38HogDIXo7wkCTC5KnPI=,1YrZFAl4y0MEG5SkZH0Y16oiqM4=
22,-18,XoPQRLm38HogDIXo7wkCTC5KnPI=,LGzzDjAfebAwc4UUeXpE4WYT2V8=
17,-17,XoPQRLm38HogDIXo7wkCTC5KnPI=,L6Xjyo23MGSPSkxFNa8BjElpSwc=
22,-20,XoPQRLm38HogDIXo7wkCTC5KnPI=,LGzzDjAfebAwc4UUeXpE4WYT2V8=
17,-19,XoPQRLm38HogDIXo7wkCTC5KnPI=,L6Xjyo23MGSPSkxFNa8BjElpSwc=
24,-17,XoPQRLm38HogDIXo7wkCTC5KnPI=,x17hDQ/NHxwKOXwRJK9lLtbJ0/Y=
18,-19,XoPQRLm38HogDIXo7wkCTC5KnPI=,L6Xjyo23MGSPSkxFNa8BjElpSwc=
17,-21,XoPQRLm38HogDIXo7wkCTC5KnPI=,1YrZFAl4y0MEG5SkZH0Y16oiqM4=
20,-20,XoPQRLm38HogDIXo7wkCTC5KnPI=,LGzzDjAfebAwc4UUeXpE4WYT2V8=
18,-21,XoPQRLm38HogDIXo7wkCTC5KnPI=,1YrZFAl4y0MEG5SkZH0Y16oiqM4=
19,-21,XoPQRLm38HogDIXo7wkCTC5KnPI=,1YrZFAl4y0MEG5SkZH0Y16oiqM4=
20,-18,XoPQRLm38HogDIXo7wkCTC5KnPI=,LGzzDjAfebAwc4UUeXpE4WYT2V8=
19,-19,XoPQRLm38HogDIXo7wkCTC5KnPI=,L6Xjyo23MGSPSkxFNa8BjElpSwc=
16,-20,XoPQRLm38HogDIXo7wkCTC5KnPI=,L6Xjyo23MGSPSkxFNa8BjElpSwc=
17,-20,XoPQRLm38HogDIXo7wkCTC5KnPI=,L6Xjyo23MGSPSkxFNa8BjElpSwc=
16,-18,XoPQRLm38HogDIXo7wkCTC5KnPI=,L6Xjyo23MGSPSkxFNa8BjElpSwc=
17,-18,XoPQRLm38HogDIXo7wkCTC5KnPI=,L6Xjyo23MGSPSkxFNa8BjElpSwc=
18,-17,XoPQRLm38HogDIXo7wkCTC5KnPI=,L6Xjyo23MGSPSkxFNa8BjElpSwc=
19,-17,XoPQRLm38HogDIXo7wkCTC5KnPI=,L6Xjyo23MGSPSkxFNa8BjElpSwc=
18,-18,XoPQRLm38HogDIXo7wkCTC5KnPI=,L6Xjyo23MGSPSkxFNa8BjElpSwc=
19,-18,XoPQRLm38HogDIXo7wkCTC5KnPI=,L6Xjyo23MGSPSkxFNa8BjElpSwc=
18,-20,XoPQRLm38HogDIXo7wkCTC5KnPI=,L6Xjyo23MGSPSkxFNa8BjElpSwc=
19,-20,XoPQRLm38HogDIXo7wkCTC5KnPI=,L6Xjyo23MGSPSkxFNa8BjElpSwc=
31,-28,XoPQRLm38HogDIXo7wkCTC5KnPI=,qjX6U5VDto1GjFTH/493/uVCe0Q=
31,-31,XoPQRLm38HogDIXo7wkCTC5KnPI=,Q7pJgLae/qSft8rsFYJOTO494JY=
16,-25,XoPQRLm38HogDIXo7wkCTC5KnPI=,5zIQ9fgxkT7RhmwRHSzquttcHRI=
31,-30,XoPQRLm38HogDIXo7wkCTC5KnPI=,Q7pJgLae/qSft8rsFYJOTO494JY=
31,-29,XoPQRLm38HogDIXo7wkCTC5KnPI=,Q7pJgLae/qSft8rsFYJOTO494JY=
31,-17,XoPQRLm38HogDIXo7wkCTC5KnPI=,yHCb2Gzyj3taOlpCv958Br7zE3A=
16,-27,XoPQRLm38HogDIXo7wkCTC5KnPI=,5zIQ9fgxkT7RhmwRHSzquttcHRI=
31,-32,XoPQRLm38HogDIXo7wkCTC5KnPI=,Q7pJgLae/qSft8rsFYJOTO494JY=
16,-24,XoPQRLm38HogDIXo7wkCTC5KnPI=,1YrZFAl4y0MEG5SkZH0Y16oiqM4=
16,-26,XoPQRLm38HogDIXo7wkCTC5KnPI=,5zIQ9fgxkT7RhmwRHSzquttcHRI=
24,-29,XoPQRLm38HogDIXo7wkCTC5KnPI=,Wjj3yz2tj1UaUvLtlA0nvHGCMCw=
23,-32,XoPQRLm38HogDIXo7wkCTC5KnPI=,Q7pJgLae/qSft8rsFYJOTO494JY=
21,-31,XoPQRLm38HogDIXo7wkCTC5KnPI=,Q7pJgLae/qSft8rsFYJOTO494JY=
24,-32,XoPQRLm38HogDIXo7wkCTC5KnPI=,Wjj3yz2tj1UaUvLtlA0nvHGCMCw=
22,-31,XoPQRLm38HogDIXo7wkCTC5KnPI=,Q7pJgLae/qSft8rsFYJOTO494JY=
23,-31,XoPQRLm38HogDIXo7wkCTC5KnPI=,Q7pJgLae/qSft8rsFYJOTO494JY=
21,-32,XoPQRLm38HogDIXo7wkCTC5KnPI=,Q7pJgLae/qSft8rsFYJOTO494JY=
16,-31,XoPQRLm38HogDIXo7wkCTC5KnPI=,XmQE/sVmC2WhOFM5cDu9dmyVmZM=
22,-32,XoPQRLm38HogDIXo7wkCTC5KnPI=,Q7pJgLae/qSft8rsFYJOTO494JY=
24,-30,XoPQRLm38HogDIXo7wkCTC5KnPI=,Wjj3yz2tj1UaUvLtlA0nvHGCMCw=
24,-31,XoPQRLm38HogDIXo7wkCTC5KnPI=,Wjj3yz2tj1UaUvLtlA0nvHGCMCw=
17,-31,XoPQRLm38HogDIXo7wkCTC5KnPI=,XmQE/sVmC2WhOFM5cDu9dmyVmZM=
23,-29,XoPQRLm38HogDIXo7wkCTC5KnPI=,Q7pJgLae/qSft8rsFYJOTO494JY=
18,-28,XoPQRLm38HogDIXo7wkCTC5KnPI=,5zIQ9fgxkT7RhmwRHSzquttcHRI=
19,-28,XoPQRLm38HogDIXo7wkCTC5KnPI=,5zIQ9fgxkT7RhmwRHSzquttcHRI=
21,-30,XoPQRLm38HogDIXo7wkCTC5KnPI=,Q7pJgLae/qSft8rsFYJOTO494JY=
18,-31,XoPQRLm38HogDIXo7wkCTC5KnPI=,XmQE/sVmC2WhOFM5cDu9dmyVmZM=
16,-28,XoPQRLm38HogDIXo7wkCTC5KnPI=,5zIQ9fgxkT7RhmwRHSzquttcHRI=
19,-29,XoPQRLm38HogDIXo7wkCTC5KnPI=,XmQE/sVmC2WhOFM5cDu9dmyVmZM=
17,-28,XoPQRLm38HogDIXo7wkCTC5KnPI=,5zIQ9fgxkT7RhmwRHSzquttcHRI=
20,-31,XoPQRLm38HogDIXo7wkCTC5KnPI=,Q7pJgLae/qSft8rsFYJOTO494JY=
22,-29,XoPQRLm38HogDIXo7wkCTC5KnPI=,Q7pJgLae/qSft8rsFYJOTO494JY=
21,-29,XoPQRLm38HogDIXo7wkCTC5KnPI=,Q7pJgLae/qSft8rsFYJOTO494JY=
19,-31,XoPQRLm38HogDIXo7wkCTC5KnPI=,XmQE/sVmC2WhOFM5cDu9dmyVmZM=
23,-28,XoPQRLm38HogDIXo7wkCTC5KnPI=,5zIQ9fgxkT7RhmwRHSzquttcHRI=
22,-30,XoPQRLm38HogDIXo7wkCTC5KnPI=,Q7pJgLae/qSft8rsFYJOTO494JY=
19,-32,XoPQRLm38HogDIXo7wkCTC5KnPI=,XmQE/sVmC2WhOFM5cDu9dmyVmZM=
23,-30,XoPQRLm38HogDIXo7wkCTC5KnPI=,Q7pJgLae/qSft8rsFYJOTO494JY=
18,-32,XoPQRLm38HogDIXo7wkCTC5KnPI=,XmQE/sVmC2WhOFM5cDu9dmyVmZM=
20,-30,XoPQRLm38HogDIXo7wkCTC5KnPI=,Q7pJgLae/qSft8rsFYJOTO494JY=
18,-29,XoPQRLm38HogDIXo7wkCTC5KnPI=,XmQE/sVmC2WhOFM5cDu9dmyVmZM=
17,-29,XoPQRLm38HogDIXo7wkCTC5KnPI=,XmQE/sVmC2WhOFM5cDu9dmyVmZM=
22,-28,XoPQRLm38HogDIXo7wkCTC5KnPI=,5zIQ9fgxkT7RhmwRHSzquttcHRI=
16,-30,XoPQRLm38HogDIXo7wkCTC5KnPI=,XmQE/sVmC2WhOFM5cDu9dmyVmZM=
24,-28,XoPQRLm38HogDIXo7wkCTC5KnPI=,0btWjS643Lll17E83Zo09OXCaX4=
21,-28,XoPQRLm38HogDIXo7wkCTC5KnPI=,5zIQ9fgxkT7RhmwRHSzquttcHRI=
17,-32,XoPQRLm38HogDIXo7wkCTC5KnPI=,XmQE/sVmC2WhOFM5cDu9dmyVmZM=
16,-32,XoPQRLm38HogDIXo7wkCTC5KnPI=,XmQE/sVmC2WhOFM5cDu9dmyVmZM=
20,-28,XoPQRLm38HogDIXo7wkCTC5KnPI=,5zIQ9fgxkT7RhmwRHSzquttcHRI=
16,-29,XoPQRLm38HogDIXo7wkCTC5KnPI=,XmQE/sVmC2WhOFM5cDu9dmyVmZM=
19,-30,XoPQRLm38HogDIXo7wkCTC5KnPI=,XmQE/sVmC2WhOFM5cDu9dmyVmZM=
20,-32,XoPQRLm38HogDIXo7wkCTC5KnPI=,Q7pJgLae/qSft8rsFYJOTO494JY=
20,-29,XoPQRLm38HogDIXo7wkCTC5KnPI=,Q7pJgLae/qSft8rsFYJOTO494JY=
18,-30,XoPQRLm38HogDIXo7wkCTC5KnPI=,XmQE/sVmC2WhOFM5cDu9dmyVmZM=
17,-30,XoPQRLm38HogDIXo7wkCTC5KnPI=,XmQE/sVmC2WhOFM5cDu9dmyVmZM=
14,-22,DLl1uFi1A/uAw92gs3XItag+GX4=,cduTUCHUcYjajUNKtQeTgkPgZgg=
5,-23,DLl1uFi1A/uAw92gs3XItag+GX4=,TGF+5aY/4jyBn0w5QYeIhH0EcQA=
6,-23,DLl1uFi1A/uAw92gs3XItag+GX4=,TGF+5aY/4jyBn0w5QYeIhH0EcQA=
5,-22,DLl1uFi1A/uAw92gs3XItag+GX4=,TGF+5aY/4jyBn0w5QYeIhH0EcQA=
6,-22,DLl1uFi1A/uAw92gs3XItag+GX4=,TGF+5aY/4jyBn0w5QYeIhH0EcQA=
14,-23,DLl1uFi1A/uAw92gs3XItag+GX4=,cduTUCHUcYjajUNKtQeTgkPgZgg=
13,-22,DLl1uFi1A/uAw92gs3XItag+GX4=,cduTUCHUcYjajUNKtQeTgkPgZgg=
13,-23,DLl1uFi1A/uAw92gs3XItag+GX4=,cduTUCHUcYjajUNKtQeTgkPgZgg=
12,-22,DLl1uFi1A/uAw92gs3XItag+GX4=,cduTUCHUcYjajUNKtQeTgkPgZgg=
8,-23,DLl1uFi1A/uAw92gs3XItag+GX4=,moeq1ozXQ0nGjJDO4SJsTSPJ/e4=
9,-23,DLl1uFi1A/uAw92gs3XItag+GX4=,moeq1ozXQ0nGjJDO4SJsTSPJ/e4=
10,-23,DLl1uFi1A/uAw92gs3XItag+GX4=,moeq1ozXQ0nGjJDO4SJsTSPJ/e4=
4,-23,DLl1uFi1A/uAw92gs3XItag+GX4=,TGF+5aY/4jyBn0w5QYeIhH0EcQA=
4,-22,DLl1uFi1A/uAw92gs3XItag+GX4=,TGF+5aY/4jyBn0w5QYeIhH0EcQA=
1,-23,DLl1uFi1A/uAw92gs3XItag+GX4=,cduTUCHUcYjajUNKtQeTgkPgZgg=
2,-23,DLl1uFi1A/uAw92gs3XItag+GX4=,cduTUCHUcYjajUNKtQeTgkPgZgg=
3,-23,DLl1uFi1A/uAw92gs3XItag+GX4=,cduTUCHUcYjajUNKtQeTgkPgZgg=
1,-22,DLl1uFi1A/uAw92gs3XItag+GX4=,cduTUCHUcYjajUNKtQeTgkPgZgg=
2,-22,DLl1uFi1A/uAw92gs3XItag+GX4=,cduTUCHUcYjajUNKtQeTgkPgZgg=
3,-22,DLl1uFi1A/uAw92gs3XItag+GX4=,cduTUCHUcYjajUNKtQeTgkPgZgg=
7,-23,DLl1uFi1A/uAw92gs3XItag+GX4=,TGF+5aY/4jyBn0w5QYeIhH0EcQA=
11,-23,DLl1uFi1A/uAw92gs3XItag+GX4=,moeq1ozXQ0nGjJDO4SJsTSPJ/e4=
7,-22,DLl1uFi1A/uAw92gs3XItag+GX4=,TGF+5aY/4jyBn0w5QYeIhH0EcQA=
8,-22,DLl1uFi1A/uAw92gs3XItag+GX4=,moeq1ozXQ0nGjJDO4SJsTSPJ/e4=
12,-23,DLl1uFi1A/uAw92gs3XItag+GX4=,cduTUCHUcYjajUNKtQeTgkPgZgg=
9,-22,DLl1uFi1A/uAw92gs3XItag+GX4=,moeq1ozXQ0nGjJDO4SJsTSPJ/e4=
10,-22,DLl1uFi1A/uAw92gs3XItag+GX4=,moeq1ozXQ0nGjJDO4SJsTSPJ/e4=
11,-22,DLl1uFi1A/uAw92gs3XItag+GX4=,moeq1ozXQ0nGjJDO4SJsTSPJ/e4=
9,-19,vs/NR1x1ZLnKBtfs6bo801XJDr8=,0H+epRKJ6YYCxEfu2jIrKd+CEhg=
10,-19,vs/NR1x1ZLnKBtfs6bo801XJDr8=,0H+epRKJ6YYCxEfu2jIrKd+CEhg=
8,-19,vs/NR1x1ZLnKBtfs6bo801XJDr8=,0H+epRKJ6YYCxEfu2jIrKd+CEhg=
5,-19,vs/NR1x1ZLnKBtfs6bo801XJDr8=,Ts+NZ+mfMGMmGLMDasyrl9+ws+c=
6,-19,vs/NR1x1ZLnKBtfs6bo801XJDr8=,Ts+NZ+mfMGMmGLMDasyrl9+ws+c=
7,-19,vs/NR1x1ZLnKBtfs6bo801XJDr8=,Ts+NZ+mfMGMmGLMDasyrl9+ws+c=
8,-20,vs/NR1x1ZLnKBtfs6bo801XJDr8=,0H+epRKJ6YYCxEfu2jIrKd+CEhg=
5,-18,vs/NR1x1ZLnKBtfs6bo801XJDr8=,Ts+NZ+mfMGMmGLMDasyrl9+ws+c=
6,-18,vs/NR1x1ZLnKBtfs6bo801XJDr8=,Ts+NZ+mfMGMmGLMDasyrl9+ws+c=
7,-18,vs/NR1x1ZLnKBtfs6bo801XJDr8=,Ts+NZ+mfMGMmGLMDasyrl9+ws+c=
9,-20,vs/NR1x1ZLnKBtfs6bo801XJDr8=,0H+epRKJ6YYCxEfu2jIrKd+CEhg=
10,-18,vs/NR1x1ZLnKBtfs6bo801XJDr8=,0H+epRKJ6YYCxEfu2jIrKd+CEhg=
5,-21,vs/NR1x1ZLnKBtfs6bo801XJDr8=,TGF+5aY/4jyBn0w5QYeIhH0EcQA=
6,-21,vs/NR1x1ZLnKBtfs6bo801XJDr8=,TGF+5aY/4jyBn0w5QYeIhH0EcQA=
7,-21,vs/NR1x1ZLnKBtfs6bo801XJDr8=,TGF+5aY/4jyBn0w5QYeIhH0EcQA=
10,-20,vs/NR1x1ZLnKBtfs6bo801XJDr8=,0H+epRKJ6YYCxEfu2jIrKd+CEhg=
8,-21,vs/NR1x1ZLnKBtfs6bo801XJDr8=,moeq1ozXQ0nGjJDO4SJsTSPJ/e4=
9,-21,vs/NR1x1ZLnKBtfs6bo801XJDr8=,moeq1ozXQ0nGjJDO4SJsTSPJ/e4=
9,-18,vs/NR1x1ZLnKBtfs6bo801XJDr8=,0H+epRKJ6YYCxEfu2jIrKd+CEhg=
10,-21,vs/NR1x1ZLnKBtfs6bo801XJDr8=,moeq1ozXQ0nGjJDO4SJsTSPJ/e4=
8,-18,vs/NR1x1ZLnKBtfs6bo801XJDr8=,0H+epRKJ6YYCxEfu2jIrKd+CEhg=
5,-20,vs/NR1x1ZLnKBtfs6bo801XJDr8=,Ts+NZ+mfMGMmGLMDasyrl9+ws+c=
6,-20,vs/NR1x1ZLnKBtfs6bo801XJDr8=,Ts+NZ+mfMGMmGLMDasyrl9+ws+c=
7,-20,vs/NR1x1ZLnKBtfs6bo801XJDr8=,Ts+NZ+mfMGMmGLMDasyrl9+ws+c=
5,-17,vs/NR1x1ZLnKBtfs6bo801XJDr8=,Ts+NZ+mfMGMmGLMDasyrl9+ws+c=
6,-17,vs/NR1x1ZLnKBtfs6bo801XJDr8=,Ts+NZ+mfMGMmGLMDasyrl9+ws+c=
4,-19,vs/NR1x1ZLnKBtfs6bo801XJDr8=,Ts+NZ+mfMGMmGLMDasyrl9+ws+c=
1,-21,vs/NR1x1ZLnKBtfs6bo801XJDr8=,cduTUCHUcYjajUNKtQeTgkPgZgg=
2,-21,vs/NR1x1ZLnKBtfs6bo801XJDr8=,cduTUCHUcYjajUNKtQeTgkPgZgg=
3,-21,vs/NR1x1ZLnKBtfs6bo801XJDr8=,cduTUCHUcYjajUNKtQeTgkPgZgg=
4,-18,vs/NR1x1ZLnKBtfs6bo801XJDr8=,Ts+NZ+mfMGMmGLMDasyrl9+ws+c=
15,-22,vs/NR1x1ZLnKBtfs6bo801XJDr8=,cduTUCHUcYjajUNKtQeTgkPgZgg=
4,-17,vs/NR1x1ZLnKBtfs6bo801XJDr8=,Ts+NZ+mfMGMmGLMDasyrl9+ws+c=
4,-21,vs/NR1x1ZLnKBtfs6bo801XJDr8=,TGF+5aY/4jyBn0w5QYeIhH0EcQA=
1,-20,vs/NR1x1ZLnKBtfs6bo801XJDr8=,H3lWB0Vk13Zcy5jaivy1nunlMKc=
15,-23,vs/NR1x1ZLnKBtfs6bo801XJDr8=,cduTUCHUcYjajUNKtQeTgkPgZgg=
0,-19,vs/NR1x1ZLnKBtfs6bo801XJDr8=,H3lWB0Vk13Zcy5jaivy1nunlMKc=
1,-17,vs/NR1x1ZLnKBtfs6bo801XJDr8=,H3lWB0Vk13Zcy5jaivy1nunlMKc=
2,-17,vs/NR1x1ZLnKBtfs6bo801XJDr8=,H3lWB0Vk13Zcy5jaivy1nunlMKc=
1,-19,vs/NR1x1ZLnKBtfs6bo801XJDr8=,H3lWB0Vk13Zcy5jaivy1nunlMKc=
2,-19,vs/NR1x1ZLnKBtfs6bo801XJDr8=,H3lWB0Vk13Zcy5jaivy1nunlMKc=
3,-19,vs/NR1x1ZLnKBtfs6bo801XJDr8=,H3lWB0Vk13Zcy5jaivy1nunlMKc=
0,-18,vs/NR1x1ZLnKBtfs6bo801XJDr8=,H3lWB0Vk13Zcy5jaivy1nunlMKc=
3,-18,vs/NR1x1ZLnKBtfs6bo801XJDr8=,H3lWB0Vk13Zcy5jaivy1nunlMKc=
3,-17,vs/NR1x1ZLnKBtfs6bo801XJDr8=,H3lWB0Vk13Zcy5jaivy1nunlMKc=
3,-20,vs/NR1x1ZLnKBtfs6bo801XJDr8=,H3lWB0Vk13Zcy5jaivy1nunlMKc=
1,-18,vs/NR1x1ZLnKBtfs6bo801XJDr8=,H3lWB0Vk13Zcy5jaivy1nunlMKc=
4,-20,vs/NR1x1ZLnKBtfs6bo801XJDr8=,Ts+NZ+mfMGMmGLMDasyrl9+ws+c=
2,-20,vs/NR1x1ZLnKBtfs6bo801XJDr8=,H3lWB0Vk13Zcy5jaivy1nunlMKc=
2,-18,vs/NR1x1ZLnKBtfs6bo801XJDr8=,H3lWB0Vk13Zcy5jaivy1nunlMKc=
13,-20,vs/NR1x1ZLnKBtfs6bo801XJDr8=,ZACOYiK1Gq14N0bgvkzWtP7RasA=
14,-20,vs/NR1x1ZLnKBtfs6bo801XJDr8=,ZACOYiK1Gq14N0bgvkzWtP7RasA=
15,-20,vs/NR1x1ZLnKBtfs6bo801XJDr8=,ZACOYiK1Gq14N0bgvkzWtP7RasA=
11,-19,vs/NR1x1ZLnKBtfs6bo801XJDr8=,0H+epRKJ6YYCxEfu2jIrKd+CEhg=
15,-19,vs/NR1x1ZLnKBtfs6bo801XJDr8=,ZACOYiK1Gq14N0bgvkzWtP7RasA=
12,-20,vs/NR1x1ZLnKBtfs6bo801XJDr8=,ZACOYiK1Gq14N0bgvkzWtP7RasA=
14,-18,vs/NR1x1ZLnKBtfs6bo801XJDr8=,ZACOYiK1Gq14N0bgvkzWtP7RasA=
15,-18,vs/NR1x1ZLnKBtfs6bo801XJDr8=,ZACOYiK1Gq14N0bgvkzWtP7RasA=
12,-19,vs/NR1x1ZLnKBtfs6bo801XJDr8=,ZACOYiK1Gq14N0bgvkzWtP7RasA=
14,-21,vs/NR1x1ZLnKBtfs6bo801XJDr8=,cduTUCHUcYjajUNKtQeTgkPgZgg=
11,-18,vs/NR1x1ZLnKBtfs6bo801XJDr8=,0H+epRKJ6YYCxEfu2jIrKd+CEhg=
13,-17,vs/NR1x1ZLnKBtfs6bo801XJDr8=,ZACOYiK1Gq14N0bgvkzWtP7RasA=
14,-17,vs/NR1x1ZLnKBtfs6bo801XJDr8=,ZACOYiK1Gq14N0bgvkzWtP7RasA=
13,-19,vs/NR1x1ZLnKBtfs6bo801XJDr8=,ZACOYiK1Gq14N0bgvkzWtP7RasA=
15,-21,vs/NR1x1ZLnKBtfs6bo801XJDr8=,cduTUCHUcYjajUNKtQeTgkPgZgg=
14,-19,vs/NR1x1ZLnKBtfs6bo801XJDr8=,ZACOYiK1Gq14N0bgvkzWtP7RasA=
12,-18,vs/NR1x1ZLnKBtfs6bo801XJDr8=,ZACOYiK1Gq14N0bgvkzWtP7RasA=
13,-18,vs/NR1x1ZLnKBtfs6bo801XJDr8=,ZACOYiK1Gq14N0bgvkzWtP7RasA=
11,-20,vs/NR1x1ZLnKBtfs6bo801XJDr8=,0H+epRKJ6YYCxEfu2jIrKd+CEhg=
12,-21,vs/NR1x1ZLnKBtfs6bo801XJDr8=,cduTUCHUcYjajUNKtQeTgkPgZgg=
11,-21,vs/NR1x1ZLnKBtfs6bo801XJDr8=,moeq1ozXQ0nGjJDO4SJsTSPJ/e4=
13,-21,vs/NR1x1ZLnKBtfs6bo801XJDr8=,cduTUCHUcYjajUNKtQeTgkPgZgg=
14,-24,vs/NR1x1ZLnKBtfs6bo801XJDr8=,cduTUCHUcYjajUNKtQeTgkPgZgg=
9,-25,vs/NR1x1ZLnKBtfs6bo801XJDr8=,S6bH4H2s7YHq5zeCcZcsYuKkXE4=
10,-25,vs/NR1x1ZLnKBtfs6bo801XJDr8=,S6bH4H2s7YHq5zeCcZcsYuKkXE4=
13,-25,vs/NR1x1ZLnKBtfs6bo801XJDr8=,F/ICSTa59H8c7qfKeNMMn3bwxCI=
13,-27,vs/NR1x1ZLnKBtfs6bo801XJDr8=,F/ICSTa59H8c7qfKeNMMn3bwxCI=
14,-25,vs/NR1x1ZLnKBtfs6bo801XJDr8=,F/ICSTa59H8c7qfKeNMMn3bwxCI=
14,-27,vs/NR1x1ZLnKBtfs6bo801XJDr8=,F/ICSTa59H8c7qfKeNMMn3bwxCI=
13,-26,vs/NR1x1ZLnKBtfs6bo801XJDr8=,F/ICSTa59H8c7qfKeNMMn3bwxCI=
14,-26,vs/NR1x1ZLnKBtfs6bo801XJDr8=,F/ICSTa59H8c7qfKeNMMn3bwxCI=
13,-24,vs/NR1x1ZLnKBtfs6bo801XJDr8=,cduTUCHUcYjajUNKtQeTgkPgZgg=
11,-25,vs/NR1x1ZLnKBtfs6bo801XJDr8=,S6bH4H2s7YHq5zeCcZcsYuKkXE4=
12,-25,vs/NR1x1ZLnKBtfs6bo801XJDr8=,F/ICSTa59H8c7qfKeNMMn3bwxCI=
12,-27,vs/NR1x1ZLnKBtfs6bo801XJDr8=,F/ICSTa59H8c7qfKeNMMn3bwxCI=
12,-26,vs/NR1x1ZLnKBtfs6bo801XJDr8=,F/ICSTa59H8c7qfKeNMMn3bwxCI=
9,-27,vs/NR1x1ZLnKBtfs6bo801XJDr8=,S6bH4H2s7YHq5zeCcZcsYuKkXE4=
10,-27,vs/NR1x1ZLnKBtfs6bo801XJDr8=,S6bH4H2s7YHq5zeCcZcsYuKkXE4=
12,-24,vs/NR1x1ZLnKBtfs6bo801XJDr8=,cduTUCHUcYjajUNKtQeTgkPgZgg=
11,-27,vs/NR1x1ZLnKBtfs6bo801XJDr8=,S6bH4H2s7YHq5zeCcZcsYuKkXE4=
9,-26,vs/NR1x1ZLnKBtfs6bo801XJDr8=,S6bH4H2s7YHq5zeCcZcsYuKkXE4=
9,-24,vs/NR1x1ZLnKBtfs6bo801XJDr8=,moeq1ozXQ0nGjJDO4SJsTSPJ/e4=
10,-26,vs/NR1x1ZLnKBtfs6bo801XJDr8=,S6bH4H2s7YHq5zeCcZcsYuKkXE4=
10,-24,vs/NR1x1ZLnKBtfs6bo801XJDr8=,moeq1ozXQ0nGjJDO4SJsTSPJ/e4=
11,-26,vs/NR1x1ZLnKBtfs6bo801XJDr8=,S6bH4H2s7YHq5zeCcZcsYuKkXE4=
11,-24,vs/NR1x1ZLnKBtfs6bo801XJDr8=,moeq1ozXQ0nGjJDO4SJsTSPJ/e4=
8,-25,vs/NR1x1ZLnKBtfs6bo801XJDr8=,S6bH4H2s7YHq5zeCcZcsYuKkXE4=
5,-25,vs/NR1x1ZLnKBtfs6bo801XJDr8=,S6bH4H2s7YHq5zeCcZcsYuKkXE4=
6,-25,vs/NR1x1ZLnKBtfs6bo801XJDr8=,S6bH4H2s7YHq5zeCcZcsYuKkXE4=
5,-27,vs/NR1x1ZLnKBtfs6bo801XJDr8=,S6bH4H2s7YHq5zeCcZcsYuKkXE4=
7,-25,vs/NR1x1ZLnKBtfs6bo801XJDr8=,S6bH4H2s7YHq5zeCcZcsYuKkXE4=
6,-27,vs/NR1x1ZLnKBtfs6bo801XJDr8=,S6bH4H2s7YHq5zeCcZcsYuKkXE4=
8,-27,vs/NR1x1ZLnKBtfs6bo801XJDr8=,S6bH4H2s7YHq5zeCcZcsYuKkXE4=
8,-26,vs/NR1x1ZLnKBtfs6bo801XJDr8=,S6bH4H2s7YHq5zeCcZcsYuKkXE4=
7,-27,vs/NR1x1ZLnKBtfs6bo801XJDr8=,S6bH4H2s7YHq5zeCcZcsYuKkXE4=
5,-26,vCP2w/lbvXgEHHJND2QceZ007Uo=,S6bH4H2s7YHq5zeCcZcsYuKkXE4=
8,-24,vCP2w/lbvXgEHHJND2QceZ007Uo=,moeq1ozXQ0nGjJDO4SJsTSPJ/e4=
5,-24,vCP2w/lbvXgEHHJND2QceZ007Uo=,TGF+5aY/4jyBn0w5QYeIhH0EcQA=
6,-26,vCP2w/lbvXgEHHJND2QceZ007Uo=,S6bH4H2s7YHq5zeCcZcsYuKkXE4=
6,-24,vCP2w/lbvXgEHHJND2QceZ007Uo=,TGF+5aY/4jyBn0w5QYeIhH0EcQA=
7,-24,vCP2w/lbvXgEHHJND2QceZ007Uo=,TGF+5aY/4jyBn0w5QYeIhH0EcQA=
7,-26,vCP2w/lbvXgEHHJND2QceZ007Uo=,S6bH4H2s7YHq5zeCcZcsYuKkXE4=
5,-28,vCP2w/lbvXgEHHJND2QceZ007Uo=,S6bH4H2s7YHq5zeCcZcsYuKkXE4=
5,-31,vCP2w/lbvXgEHHJND2QceZ007Uo=,RtQ+zsJLJnivhrSa4fuYrJzNNGQ=
6,-31,vCP2w/lbvXgEHHJND2QceZ007Uo=,RtQ+zsJLJnivhrSa4fuYrJzNNGQ=
6,-28,vCP2w/lbvXgEHHJND2QceZ007Uo=,S6bH4H2s7YHq5zeCcZcsYuKkXE4=
5,-30,vCP2w/lbvXgEHHJND2QceZ007Uo=,RtQ+zsJLJnivhrSa4fuYrJzNNGQ=
6,-30,vCP2w/lbvXgEHHJND2QceZ007Uo=,RtQ+zsJLJnivhrSa4fuYrJzNNGQ=
5,-29,vCP2w/lbvXgEHHJND2QceZ007Uo=,RtQ+zsJLJnivhrSa4fuYrJzNNGQ=
6,-29,vCP2w/lbvXgEHHJND2QceZ007Uo=,RtQ+zsJLJnivhrSa4fuYrJzNNGQ=
8,-29,vCP2w/lbvXgEHHJND2QceZ007Uo=,1S+MYr+HVxT7iiSiyy8e7b7I5A8=
7,-31,vCP2w/lbvXgEHHJND2QceZ007Uo=,RtQ+zsJLJnivhrSa4fuYrJzNNGQ=
9,-29,vCP2w/lbvXgEHHJND2QceZ007Uo=,1S+MYr+HVxT7iiSiyy8e7b7I5A8=
7,-28,vCP2w/lbvXgEHHJND2QceZ007Uo=,S6bH4H2s7YHq5zeCcZcsYuKkXE4=
10,-29,vCP2w/lbvXgEHHJND2QceZ007Uo=,1S+MYr+HVxT7iiSiyy8e7b7I5A8=
8,-28,vCP2w/lbvXgEHHJND2QceZ007Uo=,S6bH4H2s7YHq5zeCcZcsYuKkXE4=
9,-28,vCP2w/lbvXgEHHJND2QceZ007Uo=,S6bH4H2s7YHq5zeCcZcsYuKkXE4=
7,-30,vCP2w/lbvXgEHHJND2QceZ007Uo=,RtQ+zsJLJnivhrSa4fuYrJzNNGQ=
10,-28,vCP2w/lbvXgEHHJND2QceZ007Uo=,S6bH4H2s7YHq5zeCcZcsYuKkXE4=
8,-31,vCP2w/lbvXgEHHJND2QceZ007Uo=,1S+MYr+HVxT7iiSiyy8e7b7I5A8=
9,-31,vCP2w/lbvXgEHHJND2QceZ007Uo=,1S+MYr+HVxT7iiSiyy8e7b7I5A8=
10,-31,vCP2w/lbvXgEHHJND2QceZ007Uo=,1S+MYr+HVxT7iiSiyy8e7b7I5A8=
7,-29,vCP2w/lbvXgEHHJND2QceZ007Uo=,RtQ+zsJLJnivhrSa4fuYrJzNNGQ=
8,-30,vCP2w/lbvXgEHHJND2QceZ007Uo=,1S+MYr+HVxT7iiSiyy8e7b7I5A8=
9,-30,vCP2w/lbvXgEHHJND2QceZ007Uo=,1S+MYr+HVxT7iiSiyy8e7b7I5A8=
10,-30,vCP2w/lbvXgEHHJND2QceZ007Uo=,1S+MYr+HVxT7iiSiyy8e7b7I5A8=
1,-25,vCP2w/lbvXgEHHJND2QceZ007Uo=,7KQdDFeK4MF9WDk5JTHtCT2Ea24=
4,-25,vCP2w/lbvXgEHHJND2QceZ007Uo=,S6bH4H2s7YHq5zeCcZcsYuKkXE4=
0,-27,vCP2w/lbvXgEHHJND2QceZ007Uo=,7KQdDFeK4MF9WDk5JTHtCT2Ea24=
4,-27,vCP2w/lbvXgEHHJND2QceZ007Uo=,S6bH4H2s7YHq5zeCcZcsYuKkXE4=
0,-26,vCP2w/lbvXgEHHJND2QceZ007Uo=,7KQdDFeK4MF9WDk5JTHtCT2Ea24=
2,-25,vCP2w/lbvXgEHHJND2QceZ007Uo=,7KQdDFeK4MF9WDk5JTHtCT2Ea24=
3,-25,vCP2w/lbvXgEHHJND2QceZ007Uo=,7KQdDFeK4MF9WDk5JTHtCT2Ea24=
1,-24,vCP2w/lbvXgEHHJND2QceZ007Uo=,cduTUCHUcYjajUNKtQeTgkPgZgg=
2,-24,vCP2w/lbvXgEHHJND2QceZ007Uo=,cduTUCHUcYjajUNKtQeTgkPgZgg=
3,-24,vCP2w/lbvXgEHHJND2QceZ007Uo=,cduTUCHUcYjajUNKtQeTgkPgZgg=
1,-27,vCP2w/lbvXgEHHJND2QceZ007Uo=,7KQdDFeK4MF9WDk5JTHtCT2Ea24=
2,-27,vCP2w/lbvXgEHHJND2QceZ007Uo=,7KQdDFeK4MF9WDk5JTHtCT2Ea24=
4,-26,vCP2w/lbvXgEHHJND2QceZ007Uo=,S6bH4H2s7YHq5zeCcZcsYuKkXE4=
3,-27,vCP2w/lbvXgEHHJND2QceZ007Uo=,7KQdDFeK4MF9WDk5JTHtCT2Ea24=
4,-24,vCP2w/lbvXgEHHJND2QceZ007Uo=,TGF+5aY/4jyBn0w5QYeIhH0EcQA=
1,-26,vCP2w/lbvXgEHHJND2QceZ007Uo=,7KQdDFeK4MF9WDk5JTHtCT2Ea24=
4,-28,vCP2w/lbvXgEHHJND2QceZ007Uo=,S6bH4H2s7YHq5zeCcZcsYuKkXE4=
4,-31,vCP2w/lbvXgEHHJND2QceZ007Uo=,RtQ+zsJLJnivhrSa4fuYrJzNNGQ=
2,-26,vCP2w/lbvXgEHHJND2QceZ007Uo=,7KQdDFeK4MF9WDk5JTHtCT2Ea24=
3,-28,vCP2w/lbvXgEHHJND2QceZ007Uo=,7KQdDFeK4MF9WDk5JTHtCT2Ea24=
4,-30,vCP2w/lbvXgEHHJND2QceZ007Uo=,RtQ+zsJLJnivhrSa4fuYrJzNNGQ=
3,-26,vCP2w/lbvXgEHHJND2QceZ007Uo=,7KQdDFeK4MF9WDk5JTHtCT2Ea24=
0,-31,vCP2w/lbvXgEHHJND2QceZ007Uo=,arH5nU+R3eBX/kESIlf6gkb7vig=
1,-31,vCP2w/lbvXgEHHJND2QceZ007Uo=,arH5nU+R3eBX/kESIlf6gkb7vig=
3,-30,vCP2w/lbvXgEHHJND2QceZ007Uo=,arH5nU+R3eBX/kESIlf6gkb7vig=
15,-24,vCP2w/lbvXgEHHJND2QceZ007Uo=,cduTUCHUcYjajUNKtQeTgkPgZgg=
0,-29,vCP2w/lbvXgEHHJND2QceZ007Uo=,arH5nU+R3eBX/kESIlf6gkb7vig=
15,-25,vCP2w/lbvXgEHHJND2QceZ007Uo=,F/ICSTa59H8c7qfKeNMMn3bwxCI=
15,-27,vCP2w/lbvXgEHHJND2QceZ007Uo=,F/ICSTa59H8c7qfKeNMMn3bwxCI=
9,-32,vCP2w/lbvXgEHHJND2QceZ007Uo=,1S+MYr+HVxT7iiSiyy8e7b7I5A8=
15,-26,vCP2w/lbvXgEHHJND2QceZ007Uo=,F/ICSTa59H8c7qfKeNMMn3bwxCI=
10,-32,vCP2w/lbvXgEHHJND2QceZ007Uo=,1S+MYr+HVxT7iiSiyy8e7b7I5A8=
2,-30,vCP2w/lbvXgEHHJND2QceZ007Uo=,arH5nU+R3eBX/kESIlf6gkb7vig=
8,-32,vCP2w/lbvXgEHHJND2QceZ007Uo=,1S+MYr+HVxT7iiSiyy8e7b7I5A8=
4,-29,vCP2w/lbvXgEHHJND2QceZ007Uo=,RtQ+zsJLJnivhrSa4fuYrJzNNGQ=
1,-29,vCP2w/lbvXgEHHJND2QceZ007Uo=,arH5nU+R3eBX/kESIlf6gkb7vig=
4,-32,vCP2w/lbvXgEHHJND2QceZ007Uo=,RtQ+zsJLJnivhrSa4fuYrJzNNGQ=
2,-29,vCP2w/lbvXgEHHJND2QceZ007Uo=,arH5nU+R3eBX/kESIlf6gkb7vig=
5,-32,vCP2w/lbvXgEHHJND2QceZ007Uo=,RtQ+zsJLJnivhrSa4fuYrJzNNGQ=
3,-29,vCP2w/lbvXgEHHJND2QceZ007Uo=,arH5nU+R3eBX/kESIlf6gkb7vig=
6,-32,vCP2w/lbvXgEHHJND2QceZ007Uo=,RtQ+zsJLJnivhrSa4fuYrJzNNGQ=
2,-31,vCP2w/lbvXgEHHJND2QceZ007Uo=,arH5nU+R3eBX/kESIlf6gkb7vig=
7,-32,vCP2w/lbvXgEHHJND2QceZ007Uo=,RtQ+zsJLJnivhrSa4fuYrJzNNGQ=
1,-30,vCP2w/lbvXgEHHJND2QceZ007Uo=,arH5nU+R3eBX/kESIlf6gkb7vig=
3,-31,vCP2w/lbvXgEHHJND2QceZ007Uo=,arH5nU+R3eBX/kESIlf6gkb7vig=
3,-32,vCP2w/lbvXgEHHJND2QceZ007Uo=,arH5nU+R3eBX/kESIlf6gkb7vig=
1,-32,vCP2w/lbvXgEHHJND2QceZ007Uo=,arH5nU+R3eBX/kESIlf6gkb7vig=
0,-28,vCP2w/lbvXgEHHJND2QceZ007Uo=,7KQdDFeK4MF9WDk5JTHtCT2Ea24=
1,-28,vCP2w/lbvXgEHHJND2QceZ007Uo=,7KQdDFeK4MF9WDk5JTHtCT2Ea24=
2,-32,vCP2w/lbvXgEHHJND2QceZ007Uo=,arH5nU+R3eBX/kESIlf6gkb7vig=
0,-25,vCP2w/lbvXgEHHJND2QceZ007Uo=,7KQdDFeK4MF9WDk5JTHtCT2Ea24=
0,-30,vCP2w/lbvXgEHHJND2QceZ007Uo=,arH5nU+R3eBX/kESIlf6gkb7vig=
0,-21,vCP2w/lbvXgEHHJND2QceZ007Uo=,cduTUCHUcYjajUNKtQeTgkPgZgg=
0,-20,vCP2w/lbvXgEHHJND2QceZ007Uo=,H3lWB0Vk13Zcy5jaivy1nunlMKc=
0,-24,vCP2w/lbvXgEHHJND2QceZ007Uo=,cduTUCHUcYjajUNKtQeTgkPgZgg=
15,-17,vCP2w/lbvXgEHHJND2QceZ007Uo=,ZACOYiK1Gq14N0bgvkzWtP7RasA=
0,-23,vCP2w/lbvXgEHHJND2QceZ007Uo=,cduTUCHUcYjajUNKtQeTgkPgZgg=
8,-17,vCP2w/lbvXgEHHJND2QceZ007Uo=,0H+epRKJ6YYCxEfu2jIrKd+CEhg=
0,-22,vCP2w/lbvXgEHHJND2QceZ007Uo=,cduTUCHUcYjajUNKtQeTgkPgZgg=
9,-17,vCP2w/lbvXgEHHJND2QceZ007Uo=,0H+epRKJ6YYCxEfu2jIrKd+CEhg=
10,-17,vCP2w/lbvXgEHHJND2QceZ007Uo=,0H+epRKJ6YYCxEfu2jIrKd+CEhg=
0,-32,vCP2w/lbvXgEHHJND2QceZ007Uo=,arH5nU+R3eBX/kESIlf6gkb7vig=
0,-17,vCP2w/lbvXgEHHJND2QceZ007Uo=,H3lWB0Vk13Zcy5jaivy1nunlMKc=
12,-31,vCP2w/lbvXgEHHJND2QceZ007Uo=,hwOnoqRk5gRl0eCFLQRBHjgSVpo=
2,-28,vCP2w/lbvXgEHHJND2QceZ007Uo=,7KQdDFeK4MF9WDk5JTHtCT2Ea24=
11,-17,vCP2w/lbvXgEHHJND2QceZ007Uo=,0H+epRKJ6YYCxEfu2jIrKd+CEhg=
15,-28,vCP2w/lbvXgEHHJND2QceZ007Uo=,F/ICSTa59H8c7qfKeNMMn3bwxCI=
13,-28,vCP2w/lbvXgEHHJND2QceZ007Uo=,F/ICSTa59H8c7qfKeNMMn3bwxCI=
12,-17,vCP2w/lbvXgEHHJND2QceZ007Uo=,ZACOYiK1Gq14N0bgvkzWtP7RasA=
11,-30,vCP2w/lbvXgEHHJND2QceZ007Uo=,1S+MYr+HVxT7iiSiyy8e7b7I5A8=
15,-30,vCP2w/lbvXgEHHJND2QceZ007Uo=,hwOnoqRk5gRl0eCFLQRBHjgSVpo=
15,-29,vCP2w/lbvXgEHHJND2QceZ007Uo=,hwOnoqRk5gRl0eCFLQRBHjgSVpo=
7,-17,vCP2w/lbvXgEHHJND2QceZ007Uo=,Ts+NZ+mfMGMmGLMDasyrl9+ws+c=
11,-31,vCP2w/lbvXgEHHJND2QceZ007Uo=,1S+MYr+HVxT7iiSiyy8e7b7I5A8=
14,-29,vCP2w/lbvXgEHHJND2QceZ007Uo=,hwOnoqRk5gRl0eCFLQRBHjgSVpo=
13,-30,vCP2w/lbvXgEHHJND2QceZ007Uo=,hwOnoqRk5gRl0eCFLQRBHjgSVpo=
14,-30,vCP2w/lbvXgEHHJND2QceZ007Uo=,hwOnoqRk5gRl0eCFLQRBHjgSVpo=
15,-32,vCP2w/lbvXgEHHJND2QceZ007Uo=,hwOnoqRk5gRl0eCFLQRBHjgSVpo=
12,-30,vCP2w/lbvXgEHHJND2QceZ007Uo=,hwOnoqRk5gRl0eCFLQRBHjgSVpo=
12,-28,vCP2w/lbvXgEHHJND2QceZ007Uo=,F/ICSTa59H8c7qfKeNMMn3bwxCI=
13,-32,vCP2w/lbvXgEHHJND2QceZ007Uo=,hwOnoqRk5gRl0eCFLQRBHjgSVpo=
14,-32,vCP2w/lbvXgEHHJND2QceZ007Uo=,hwOnoqRk5gRl0eCFLQRBHjgSVpo=
11,-32,vCP2w/lbvXgEHHJND2QceZ007Uo=,1S+MYr+HVxT7iiSiyy8e7b7I5A8=
13,-31,vCP2w/lbvXgEHHJND2QceZ007Uo=,hwOnoqRk5gRl0eCFLQRBHjgSVpo=
13,-29,vCP2w/lbvXgEHHJND2QceZ007Uo=,hwOnoqRk5gRl0eCFLQRBHjgSVpo=
12,-32,vCP2w/lbvXgEHHJND2QceZ007Uo=,hwOnoqRk5gRl0eCFLQRBHjgSVpo=
15,-31,vCP2w/lbvXgEHHJND2QceZ007Uo=,hwOnoqRk5gRl0eCFLQRBHjgSVpo=
14,-28,vCP2w/lbvXgEHHJND2QceZ007Uo=,F/ICSTa59H8c7qfKeNMMn3bwxCI=
11,-28,vCP2w/lbvXgEHHJND2QceZ007Uo=,S6bH4H2s7YHq5zeCcZcsYuKkXE4=
11,-29,vCP2w/lbvXgEHHJND2QceZ007Uo=,1S+MYr+HVxT7iiSiyy8e7b7I5A8=
14,-31,vCP2w/lbvXgEHHJND2QceZ007Uo=,hwOnoqRk5gRl0eCFLQRBHjgSVpo=
12,-29,vCP2w/lbvXgEHHJND2QceZ007Uo=,hwOnoqRk5gRl0eCFLQRBHjgSVpo=
1,-3,gyIXAG7F8wuGCQNALdl19Eqzb08=,xuB/NnG/6eI73EHqL3IKK9Ucaz4=
2,-3,gyIXAG7F8wuGCQNALdl19Eqzb08=,xuB/NnG/6eI73EHqL3IKK9Ucaz4=
1,-2,gyIXAG7F8wuGCQNALdl19Eqzb08=,xuB/NnG/6eI73EHqL3IKK9Ucaz4=
2,-2,gyIXAG7F8wuGCQNALdl19Eqzb08=,xuB/NnG/6eI73EHqL3IKK9Ucaz4=
5,-7,gyIXAG7F8wuGCQNALdl19Eqzb08=,UTgE9H3qMZq2ZbGAviE5aHhzxR4=
6,-7,gyIXAG7F8wuGCQNALdl19Eqzb08=,UTgE9H3qMZq2ZbGAviE5aHhzxR4=
5,-5,gyIXAG7F8wuGCQNALdl19Eqzb08=,UTgE9H3qMZq2ZbGAviE5aHhzxR4=
5,-6,gyIXAG7F8wuGCQNALdl19Eqzb08=,UTgE9H3qMZq2ZbGAviE5aHhzxR4=
6,-6,gyIXAG7F8wuGCQNALdl19Eqzb08=,UTgE9H3qMZq2ZbGAviE5aHhzxR4=
6,-5,gyIXAG7F8wuGCQNALdl19Eqzb08=,UTgE9H3qMZq2ZbGAviE5aHhzxR4=
4,-5,gyIXAG7F8wuGCQNALdl19Eqzb08=,UTgE9H3qMZq2ZbGAviE5aHhzxR4=
6,-4,gyIXAG7F8wuGCQNALdl19Eqzb08=,Wz7ueXP8Kor6qy95C040832v6jk=
3,-3,gyIXAG7F8wuGCQNALdl19Eqzb08=,xuB/NnG/6eI73EHqL3IKK9Ucaz4=
6,-3,gyIXAG7F8wuGCQNALdl19Eqzb08=,Wz7ueXP8Kor6qy95C040832v6jk=
3,-6,gyIXAG7F8wuGCQNALdl19Eqzb08=,xoPvjn2gB11MWeANKakP1cnc28w=
1,-5,gyIXAG7F8wuGCQNALdl19Eqzb08=,xoPvjn2gB11MWeANKakP1cnc28w=
1,-7,gyIXAG7F8wuGCQNALdl19Eqzb08=,xoPvjn2gB11MWeANKakP1cnc28w=
6,-2,gyIXAG7F8wuGCQNALdl19Eqzb08=,Wz7ueXP8Kor6qy95C040832v6jk=
2,-5,gyIXAG7F8wuGCQNALdl19Eqzb08=,xoPvjn2gB11MWeANKakP1cnc28w=
3,-5,gyIXAG7F8wuGCQNALdl19Eqzb08=,xoPvjn2gB11MWeANKakP1cnc28w=
5,-4,gyIXAG7F8wuGCQNALdl19Eqzb08=,Wz7ueXP8Kor6qy95C040832v6jk=
4,-6,gyIXAG7F8wuGCQNALdl19Eqzb08=,UTgE9H3qMZq2ZbGAviE5aHhzxR4=
2,-7,gyIXAG7F8wuGCQNALdl19Eqzb08=,xoPvjn2gB11MWeANKakP1cnc28w=
4,-3,gyIXAG7F8wuGCQNALdl19Eqzb08=,Wz7ueXP8Kor6qy95C040832v6jk=
1,-4,gyIXAG7F8wuGCQNALdl19Eqzb08=,xuB/NnG/6eI73EHqL3IKK9Ucaz4=
4,-4,gyIXAG7F8wuGCQNALdl19Eqzb08=,Wz7ueXP8Kor6qy95C040832v6jk=
4,-2,gyIXAG7F8wuGCQNALdl19Eqzb08=,Wz7ueXP8Kor6qy95C040832v6jk=
4,-7,gyIXAG7F8wuGCQNALdl19Eqzb08=,UTgE9H3qMZq2ZbGAviE5aHhzxR4=
5,-3,gyIXAG7F8wuGCQNALdl19Eqzb08=,Wz7ueXP8Kor6qy95C040832v6jk=
3,-2,gyIXAG7F8wuGCQNALdl19Eqzb08=,xuB/NnG/6eI73EHqL3IKK9Ucaz4=
5,-2,gyIXAG7F8wuGCQNALdl19Eqzb08=,Wz7ueXP8Kor6qy95C040832v6jk=
3,-7,gyIXAG7F8wuGCQNALdl19Eqzb08=,xoPvjn2gB11MWeANKakP1cnc28w=
2,-4,gyIXAG7F8wuGCQNALdl19Eqzb08=,xuB/NnG/6eI73EHqL3IKK9Ucaz4=
1,-6,gyIXAG7F8wuGCQNALdl19Eqzb08=,xoPvjn2gB11MWeANKakP1cnc28w=
3,-4,gyIXAG7F8wuGCQNALdl19Eqzb08=,xuB/NnG/6eI73EHqL3IKK9Ucaz4=
2,-6,gyIXAG7F8wuGCQNALdl19Eqzb08=,xoPvjn2gB11MWeANKakP1cnc28w=
7,-2,gyIXAG7F8wuGCQNALdl19Eqzb08=,Wz7ueXP8Kor6qy95C040832v6jk=
7,-3,gyIXAG7F8wuGCQNALdl19Eqzb08=,Wz7ueXP8Kor6qy95C040832v6jk=
8,-3,gyIXAG7F8wuGCQNALdl19Eqzb08=,rUCi2rmdMP4MiAZfjqKz13ocAfc=
10,-2,gyIXAG7F8wuGCQNALdl19Eqzb08=,rUCi2rmdMP4MiAZfjqKz13ocAfc=
13,-2,gyIXAG7F8wuGCQNALdl19Eqzb08=,6E8LIuJUSzt3LeMXYpysx2dunG0=
14,-2,gyIXAG7F8wuGCQNALdl19Eqzb08=,6E8LIuJUSzt3LeMXYpysx2dunG0=
12,-3,gyIXAG7F8wuGCQNALdl19Eqzb08=,6E8LIuJUSzt3LeMXYpysx2dunG0=
11,-3,gyIXAG7F8wuGCQNALdl19Eqzb08=,rUCi2rmdMP4MiAZfjqKz13ocAfc=
9,-2,gyIXAG7F8wuGCQNALdl19Eqzb08=,rUCi2rmdMP4MiAZfjqKz13ocAfc=
14,-7,gyIXAG7F8wuGCQNALdl19Eqzb08=,8Sf3lk6Mi+Slx+eC4S5Vx71AGlQ=
13,-3,gyIXAG7F8wuGCQNALdl19Eqzb08=,6E8LIuJUSzt3LeMXYpysx2dunG0=
8,-2,gyIXAG7F8wuGCQNALdl19Eqzb08=,rUCi2rmdMP4MiAZfjqKz13ocAfc=
14,-6,gyIXAG7F8wuGCQNALdl19Eqzb08=,8Sf3lk6Mi+Slx+eC4S5Vx71AGlQ=
14,-3,gyIXAG7F8wuGCQNALdl19Eqzb08=,6E8LIuJUSzt3LeMXYpysx2dunG0=
13,-7,gyIXAG7F8wuGCQNALdl19Eqzb08=,8Sf3lk6Mi+Slx+eC4S5Vx71AGlQ=
14,-5,gyIXAG7F8wuGCQNALdl19Eqzb08=,8Sf3lk6Mi+Slx+eC4S5Vx71AGlQ=
12,-2,gyIXAG7F8wuGCQNALdl19Eqzb08=,6E8LIuJUSzt3LeMXYpysx2dunG0=
8,-5,gyIXAG7F8wuGCQNALdl19Eqzb08=,9mmxLj/sHdojU1tUMG++pTthtN8=
9,-3,gyIXAG7F8wuGCQNALdl19Eqzb08=,rUCi2rmdMP4MiAZfjqKz13ocAfc=
10,-3,gyIXAG7F8wuGCQNALdl19Eqzb08=,rUCi2rmdMP4MiAZfjqKz13ocAfc=
11,-2,gyIXAG7F8wuGCQNALdl19Eqzb08=,rUCi2rmdMP4MiAZfjqKz13ocAfc=
13,-5,gyIXAG7F8wuGCQNALdl19Eqzb08=,8Sf3lk6Mi+Slx+eC4S5Vx71AGlQ=
13,-6,gyIXAG7F8wuGCQNALdl19Eqzb08=,8Sf3lk6Mi+Slx+eC4S5Vx71AGlQ=
13,-4,gyIXAG7F8wuGCQNALdl19Eqzb08=,6E8LIuJUSzt3LeMXYpysx2dunG0=
12,-4,gyIXAG7F8wuGCQNALdl19Eqzb08=,6E8LIuJUSzt3LeMXYpysx2dunG0=
11,-6,gyIXAG7F8wuGCQNALdl19Eqzb08=,9mmxLj/sHdojU1tUMG++pTthtN8=
7,-6,gyIXAG7F8wuGCQNALdl19Eqzb08=,UTgE9H3qMZq2ZbGAviE5aHhzxR4=
10,-6,gyIXAG7F8wuGCQNALdl19Eqzb08=,9mmxLj/sHdojU1tUMG++pTthtN8=
7,-5,gyIXAG7F8wuGCQNALdl19Eqzb08=,UTgE9H3qMZq2ZbGAviE5aHhzxR4=
9,-6,gyIXAG7F8wuGCQNALdl19Eqzb08=,9mmxLj/sHdojU1tUMG++pTthtN8=
8,-6,gyIXAG7F8wuGCQNALdl19Eqzb08=,9mmxLj/sHdojU1tUMG++pTthtN8=
9,-5,gyIXAG7F8wuGCQNALdl19Eqzb08=,9mmxLj/sHdojU1tUMG++pTthtN8=
11,-7,gyIXAG7F8wuGCQNALdl19Eqzb08=,9mmxLj/sHdojU1tUMG++pTthtN8=
10,-7,gyIXAG7F8wuGCQNALdl19Eqzb08=,9mmxLj/sHdojU1tUMG++pTthtN8=
10,-5,gyIXAG7F8wuGCQNALdl19Eqzb08=,9mmxLj/sHdojU1tUMG++pTthtN8=
12,-7,gyIXAG7F8wuGCQNALdl19Eqzb08=,8Sf3lk6Mi+Slx+eC4S5Vx71AGlQ=
9,-7,gyIXAG7F8wuGCQNALdl19Eqzb08=,9mmxLj/sHdojU1tUMG++pTthtN8=
11,-5,gyIXAG7F8wuGCQNALdl19Eqzb08=,9mmxLj/sHdojU1tUMG++pTthtN8=
14,-4,gyIXAG7F8wuGCQNALdl19Eqzb08=,6E8LIuJUSzt3LeMXYpysx2dunG0=
8,-4,gyIXAG7F8wuGCQNALdl19Eqzb08=,rUCi2rmdMP4MiAZfjqKz13ocAfc=
7,-4,gyIXAG7F8wuGCQNALdl19Eqzb08=,Wz7ueXP8Kor6qy95C040832v6jk=
9,-4,gyIXAG7F8wuGCQNALdl19Eqzb08=,rUCi2rmdMP4MiAZfjqKz13ocAfc=
7,-7,gyIXAG7F8wuGCQNALdl19Eqzb08=,UTgE9H3qMZq2ZbGAviE5aHhzxR4=
12,-6,gyIXAG7F8wuGCQNALdl19Eqzb08=,8Sf3lk6Mi+Slx+eC4S5Vx71AGlQ=
12,-5,gyIXAG7F8wuGCQNALdl19Eqzb08=,8Sf3lk6Mi+Slx+eC4S5Vx71AGlQ=
10,-4,gyIXAG7F8wuGCQNALdl19Eqzb08=,rUCi2rmdMP4MiAZfjqKz13ocAfc=
8,-7,gyIXAG7F8wuGCQNALdl19Eqzb08=,9mmxLj/sHdojU1tUMG++pTthtN8=
11,-4,gyIXAG7F8wuGCQNALdl19Eqzb08=,rUCi2rmdMP4MiAZfjqKz13ocAfc=
1,-9,GP1p2GzAWSDClyt/2no9ApWShPA=,aHJtVm5VTeHhZyh1Pg3hWwdH4NI=
2,-9,GP1p2GzAWSDClyt/2no9ApWShPA=,aHJtVm5VTeHhZyh1Pg3hWwdH4NI=
1,-8,GP1p2GzAWSDClyt/2no9ApWShPA=,xoPvjn2gB11MWeANKakP1cnc28w=
1,-11,GP1p2GzAWSDClyt/2no9ApWShPA=,aHJtVm5VTeHhZyh1Pg3hWwdH4NI=
2,-11,GP1p2GzAWSDClyt/2no9ApWShPA=,aHJtVm5VTeHhZyh1Pg3hWwdH4NI=
1,-10,GP1p2GzAWSDClyt/2no9ApWShPA=,aHJtVm5VTeHhZyh1Pg3hWwdH4NI=
2,-8,GP1p2GzAWSDClyt/2no9ApWShPA=,xoPvjn2gB11MWeANKakP1cnc28w=
2,-10,GP1p2GzAWSDClyt/2no9ApWShPA=,aHJtVm5VTeHhZyh1Pg3hWwdH4NI=
9,-11,GP1p2GzAWSDClyt/2no9ApWShPA=,5vz1i6RxI/wU3m6C21t55PJqT+0=
10,-11,GP1p2GzAWSDClyt/2no9ApWShPA=,5vz1i6RxI/wU3m6C21t55PJqT+0=
9,-10,GP1p2GzAWSDClyt/2no9ApWShPA=,5vz1i6RxI/wU3m6C21t55PJqT+0=
9,-8,GP1p2GzAWSDClyt/2no9ApWShPA=,9mmxLj/sHdojU1tUMG++pTthtN8=
8,-11,GP1p2GzAWSDClyt/2no9ApWShPA=,5vz1i6RxI/wU3m6C21t55PJqT+0=
4,-11,GP1p2GzAWSDClyt/2no9ApWShPA=,PNOEq8Uo/KsRQ5/cbirYBxLHZvQ=
10,-10,GP1p2GzAWSDClyt/2no9ApWShPA=,5vz1i6RxI/wU3m6C21t55PJqT+0=
10,-8,GP1p2GzAWSDClyt/2no9ApWShPA=,9mmxLj/sHdojU1tUMG++pTthtN8=
5,-11,GP1p2GzAWSDClyt/2no9ApWShPA=,PNOEq8Uo/KsRQ5/cbirYBxLHZvQ=
9,-9,GP1p2GzAWSDClyt/2no9ApWShPA=,5vz1i6RxI/wU3m6C21t55PJqT+0=
6,-11,GP1p2GzAWSDClyt/2no9ApWShPA=,PNOEq8Uo/KsRQ5/cbirYBxLHZvQ=
7,-11,GP1p2GzAWSDClyt/2no9ApWShPA=,PNOEq8Uo/KsRQ5/cbirYBxLHZvQ=
10,-9,GP1p2GzAWSDClyt/2no9ApWShPA=,5vz1i6RxI/wU3m6C21t55PJqT+0=
4,-8,GP1p2GzAWSDClyt/2no9ApWShPA=,UTgE9H3qMZq2ZbGAviE5aHhzxR4=
3,-9,GP1p2GzAWSDClyt/2no9ApWShPA=,aHJtVm5VTeHhZyh1Pg3hWwdH4NI=
5,-15,GP1p2GzAWSDClyt/2no9ApWShPA=,DxwrvOZSEoblpUvDoyWS51vosRY=
4,-10,GP1p2GzAWSDClyt/2no9ApWShPA=,PNOEq8Uo/KsRQ5/cbirYBxLHZvQ=
5,-8,GP1p2GzAWSDClyt/2no9ApWShPA=,UTgE9H3qMZq2ZbGAviE5aHhzxR4=
6,-8,GP1p2GzAWSDClyt/2no9ApWShPA=,UTgE9H3qMZq2ZbGAviE5aHhzxR4=
6,-15,GP1p2GzAWSDClyt/2no9ApWShPA=,DxwrvOZSEoblpUvDoyWS51vosRY=
7,-8,GP1p2GzAWSDClyt/2no9ApWShPA=,UTgE9H3qMZq2ZbGAviE5aHhzxR4=
8,-8,GP1p2GzAWSDClyt/2no9ApWShPA=,9mmxLj/sHdojU1tUMG++pTthtN8=
5,-13,GP1p2GzAWSDClyt/2no9ApWShPA=,DxwrvOZSEoblpUvDoyWS51vosRY=
8,-10,GP1p2GzAWSDClyt/2no9ApWShPA=,5vz1i6RxI/wU3m6C21t55PJqT+0=
6,-13,GP1p2GzAWSDClyt/2no9ApWShPA=,DxwrvOZSEoblpUvDoyWS51vosRY=
5,-10,GP1p2GzAWSDClyt/2no9ApWShPA=,PNOEq8Uo/KsRQ5/cbirYBxLHZvQ=
5,-14,GP1p2GzAWSDClyt/2no9ApWShPA=,DxwrvOZSEoblpUvDoyWS51vosRY=
6,-10,GP1p2GzAWSDClyt/2no9ApWShPA=,PNOEq8Uo/KsRQ5/cbirYBxLHZvQ=
6,-14,GP1p2GzAWSDClyt/2no9ApWShPA=,DxwrvOZSEoblpUvDoyWS51vosRY=
7,-10,GP1p2GzAWSDClyt/2no9ApWShPA=,PNOEq8Uo/KsRQ5/cbirYBxLHZvQ=
5,-12,GP1p2GzAWSDClyt/2no9ApWShPA=,PNOEq8Uo/KsRQ5/cbirYBxLHZvQ=
6,-12,GP1p2GzAWSDClyt/2no9ApWShPA=,PNOEq8Uo/KsRQ5/cbirYBxLHZvQ=
4,-9,GP1p2GzAWSDClyt/2no9ApWShPA=,PNOEq8Uo/KsRQ5/cbirYBxLHZvQ=
5,-9,GP1p2GzAWSDClyt/2no9ApWShPA=,PNOEq8Uo/KsRQ5/cbirYBxLHZvQ=
3,-11,GP1p2GzAWSDClyt/2no9ApWShPA=,aHJtVm5VTeHhZyh1Pg3hWwdH4NI=
8,-9,GP1p2GzAWSDClyt/2no9ApWShPA=,5vz1i6RxI/wU3m6C21t55PJqT+0=
6,-9,GP1p2GzAWSDClyt/2no9ApWShPA=,PNOEq8Uo/KsRQ5/cbirYBxLHZvQ=
3,-10,GP1p2GzAWSDClyt/2no9ApWShPA=,aHJtVm5VTeHhZyh1Pg3hWwdH4NI=
7,-9,GP1p2GzAWSDClyt/2no9ApWShPA=,PNOEq8Uo/KsRQ5/cbirYBxLHZvQ=
3,-8,GP1p2GzAWSDClyt/2no9ApWShPA=,xoPvjn2gB11MWeANKakP1cnc28w=
8,-13,GP1p2GzAWSDClyt/2no9ApWShPA=,DxwrvOZSEoblpUvDoyWS51vosRY=
9,-13,GP1p2GzAWSDClyt/2no9ApWShPA=,DxwrvOZSEoblpUvDoyWS51vosRY=
15,-7,GP1p2GzAWSDClyt/2no9ApWShPA=,8Sf3lk6Mi+Slx+eC4S5Vx71AGlQ=
15,-6,GP1p2GzAWSDClyt/2no9ApWShPA=,8Sf3lk6Mi+Slx+eC4S5Vx71AGlQ=
15,-4,GP1p2GzAWSDClyt/2no9ApWShPA=,6E8LIuJUSzt3LeMXYpysx2dunG0=
10,-13,GP1p2GzAWSDClyt/2no9ApWShPA=,DxwrvOZSEoblpUvDoyWS51vosRY=
8,-12,GP1p2GzAWSDClyt/2no9ApWShPA=,5vz1i6RxI/wU3m6C21t55PJqT+0=
15,-2,GP1p2GzAWSDClyt/2no9ApWShPA=,6E8LIuJUSzt3LeMXYpysx2dunG0=
7,-15,GP1p2GzAWSDClyt/2no9ApWShPA=,DxwrvOZSEoblpUvDoyWS51vosRY=
15,-3,GP1p2GzAWSDClyt/2no9ApWShPA=,6E8LIuJUSzt3LeMXYpysx2dunG0=
9,-12,GP1p2GzAWSDClyt/2no9ApWShPA=,5vz1i6RxI/wU3m6C21t55PJqT+0=
9,-16,GP1p2GzAWSDClyt/2no9ApWShPA=,DxwrvOZSEoblpUvDoyWS51vosRY=
15,-5,GP1p2GzAWSDClyt/2no9ApWShPA=,8Sf3lk6Mi+Slx+eC4S5Vx71AGlQ=
10,-16,GP1p2GzAWSDClyt/2no9ApWShPA=,DxwrvOZSEoblpUvDoyWS51vosRY=
8,-15,GP1p2GzAWSDClyt/2no9ApWShPA=,DxwrvOZSEoblpUvDoyWS51vosRY=
10,-12,GP1p2GzAWSDClyt/2no9ApWShPA=,5vz1i6RxI/wU3m6C21t55PJqT+0=
9,-15,GP1p2GzAWSDClyt/2no9ApWShPA=,DxwrvOZSEoblpUvDoyWS51vosRY=
10,-15,GP1p2GzAWSDClyt/2no9ApWShPA=,DxwrvOZSEoblpUvDoyWS51vosRY=
8,-14,GP1p2GzAWSDClyt/2no9ApWShPA=,DxwrvOZSEoblpUvDoyWS51vosRY=
13,-1,GP1p2GzAWSDClyt/2no9ApWShPA=,6E8LIuJUSzt3LeMXYpysx2dunG0=
7,-13,GP1p2GzAWSDClyt/2no9ApWShPA=,DxwrvOZSEoblpUvDoyWS51vosRY=
14,-1,GP1p2GzAWSDClyt/2no9ApWShPA=,6E8LIuJUSzt3LeMXYpysx2dunG0=
9,-14,GP1p2GzAWSDClyt/2no9ApWShPA=,DxwrvOZSEoblpUvDoyWS51vosRY=
7,-14,GP1p2GzAWSDClyt/2no9ApWShPA=,DxwrvOZSEoblpUvDoyWS51vosRY=
10,-14,GP1p2GzAWSDClyt/2no9ApWShPA=,DxwrvOZSEoblpUvDoyWS51vosRY=
7,-12,GP1p2GzAWSDClyt/2no9ApWShPA=,PNOEq8Uo/KsRQ5/cbirYBxLHZvQ=
9,-1,GP1p2GzAWSDClyt/2no9ApWShPA=,rUCi2rmdMP4MiAZfjqKz13ocAfc=
10,-1,GP1p2GzAWSDClyt/2no9ApWShPA=,rUCi2rmdMP4MiAZfjqKz13ocAfc=
11,-1,GP1p2GzAWSDClyt/2no9ApWShPA=,rUCi2rmdMP4MiAZfjqKz13ocAfc=
5,-1,GP1p2GzAWSDClyt/2no9ApWShPA=,Wz7ueXP8Kor6qy95C040832v6jk=
12,-1,GP1p2GzAWSDClyt/2no9ApWShPA=,6E8LIuJUSzt3LeMXYpysx2dunG0=
8,-1,GP1p2GzAWSDClyt/2no9ApWShPA=,rUCi2rmdMP4MiAZfjqKz13ocAfc=
6,-1,GP1p2GzAWSDClyt/2no9ApWShPA=,Wz7ueXP8Kor6qy95C040832v6jk=
7,-1,GP1p2GzAWSDClyt/2no9ApWShPA=,Wz7ueXP8Kor6qy95C040832v6jk=
12,-9,GP1p2GzAWSDClyt/2no9ApWShPA=,6DWG3LDwxnDg560oB93Od2sFYhw=
4,-1,GP1p2GzAWSDClyt/2no9ApWShPA=,Wz7ueXP8Kor6qy95C040832v6jk=
3,-1,GP1p2GzAWSDClyt/2no9ApWShPA=,xuB/NnG/6eI73EHqL3IKK9Ucaz4=
0,-3,GP1p2GzAWSDClyt/2no9ApWShPA=,xuB/NnG/6eI73EHqL3IKK9Ucaz4=
13,-9,GP1p2GzAWSDClyt/2no9ApWShPA=,6DWG3LDwxnDg560oB93Od2sFYhw=
0,-2,GP1p2GzAWSDClyt/2no9ApWShPA=,xuB/NnG/6eI73EHqL3IKK9Ucaz4=
14,-9,GP1p2GzAWSDClyt/2no9ApWShPA=,6DWG3LDwxnDg560oB93Od2sFYhw=
0,-7,GP1p2GzAWSDClyt/2no9ApWShPA=,xoPvjn2gB11MWeANKakP1cnc28w=
15,-9,GP1p2GzAWSDClyt/2no9ApWShPA=,6DWG3LDwxnDg560oB93Od2sFYhw=
11,-9,GP1p2GzAWSDClyt/2no9ApWShPA=,5vz1i6RxI/wU3m6C21t55PJqT+0=
0,-5,GP1p2GzAWSDClyt/2no9ApWShPA=,xoPvjn2gB11MWeANKakP1cnc28w=
12,-8,GP1p2GzAWSDClyt/2no9ApWShPA=,8Sf3lk6Mi+Slx+eC4S5Vx71AGlQ=
12,-10,GP1p2GzAWSDClyt/2no9ApWShPA=,6DWG3LDwxnDg560oB93Od2sFYhw=
0,-6,GP1p2GzAWSDClyt/2no9ApWShPA=,xoPvjn2gB11MWeANKakP1cnc28w=
15,-10,GP1p2GzAWSDClyt/2no9ApWShPA=,6DWG3LDwxnDg560oB93Od2sFYhw=
12,-13,GP1p2GzAWSDClyt/2no9ApWShPA=,XCfdYpH9HCJDdMYHqqUBn7Xxye8=
15,-11,GP1p2GzAWSDClyt/2no9ApWShPA=,6DWG3LDwxnDg560oB93Od2sFYhw=
0,-4,GP1p2GzAWSDClyt/2no9ApWShPA=,xuB/NnG/6eI73EHqL3IKK9Ucaz4=
13,-13,GP1p2GzAWSDClyt/2no9ApWShPA=,XCfdYpH9HCJDdMYHqqUBn7Xxye8=
15,-14,GP1p2GzAWSDClyt/2no9ApWShPA=,XCfdYpH9HCJDdMYHqqUBn7Xxye8=
13,-11,GP1p2GzAWSDClyt/2no9ApWShPA=,6DWG3LDwxnDg560oB93Od2sFYhw=
13,-10,GP1p2GzAWSDClyt/2no9ApWShPA=,6DWG3LDwxnDg560oB93Od2sFYhw=
12,-11,GP1p2GzAWSDClyt/2no9ApWShPA=,6DWG3LDwxnDg560oB93Od2sFYhw=
0,-9,GP1p2GzAWSDClyt/2no9ApWShPA=,aHJtVm5VTeHhZyh1Pg3hWwdH4NI=
11,-14,GP1p2GzAWSDClyt/2no9ApWShPA=,DxwrvOZSEoblpUvDoyWS51vosRY=
11,-11,GP1p2GzAWSDClyt/2no9ApWShPA=,5vz1i6RxI/wU3m6C21t55PJqT+0=
11,-10,GP1p2GzAWSDClyt/2no9ApWShPA=,5vz1i6RxI/wU3m6C21t55PJqT+0=
12,-14,GP1p2GzAWSDClyt/2no9ApWShPA=,XCfdYpH9HCJDdMYHqqUBn7Xxye8=
0,-8,GP1p2GzAWSDClyt/2no9ApWShPA=,xoPvjn2gB11MWeANKakP1cnc28w=
11,-13,GP1p2GzAWSDClyt/2no9ApWShPA=,DxwrvOZSEoblpUvDoyWS51vosRY=
11,-8,GP1p2GzAWSDClyt/2no9ApWShPA=,9mmxLj/sHdojU1tUMG++pTthtN8=
15,-15,GP1p2GzAWSDClyt/2no9ApWShPA=,XCfdYpH9HCJDdMYHqqUBn7Xxye8=
14,-13,GP1p2GzAWSDClyt/2no9ApWShPA=,XCfdYpH9HCJDdMYHqqUBn7Xxye8=
0,-11,GP1p2GzAWSDClyt/2no9ApWShPA=,aHJtVm5VTeHhZyh1Pg3hWwdH4NI=
14,-10,GP1p2GzAWSDClyt/2no9ApWShPA=,6DWG3LDwxnDg560oB93Od2sFYhw=
13,-8,GP1p2GzAWSDClyt/2no9ApWShPA=,8Sf3lk6Mi+Slx+eC4S5Vx71AGlQ=
0,-10,GP1p2GzAWSDClyt/2no9ApWShPA=,aHJtVm5VTeHhZyh1Pg3hWwdH4NI=
12,-16,GP1p2GzAWSDClyt/2no9ApWShPA=,XCfdYpH9HCJDdMYHqqUBn7Xxye8=
14,-8,GP1p2GzAWSDClyt/2no9ApWShPA=,8Sf3lk6Mi+Slx+eC4S5Vx71AGlQ=
11,-16,GP1p2GzAWSDClyt/2no9ApWShPA=,DxwrvOZSEoblpUvDoyWS51vosRY=
11,-12,GP1p2GzAWSDClyt/2no9ApWShPA=,5vz1i6RxI/wU3m6C21t55PJqT+0=
15,-8,GP1p2GzAWSDClyt/2no9ApWShPA=,8Sf3lk6Mi+Slx+eC4S5Vx71AGlQ=
14,-12,GP1p2GzAWSDClyt/2no9ApWShPA=,6DWG3LDwxnDg560oB93Od2sFYhw=
14,-11,GP1p2GzAWSDClyt/2no9ApWShPA=,6DWG3LDwxnDg560oB93Od2sFYhw=
15,-13,GP1p2GzAWSDClyt/2no9ApWShPA=,XCfdYpH9HCJDdMYHqqUBn7Xxye8=
2,-1,GP1p2GzAWSDClyt/2no9ApWShPA=,xuB/NnG/6eI73EHqL3IKK9Ucaz4=
11,-15,GP1p2GzAWSDClyt/2no9ApWShPA=,DxwrvOZSEoblpUvDoyWS51vosRY=
13,-16,GP1p2GzAWSDClyt/2no9ApWShPA=,XCfdYpH9HCJDdMYHqqUBn7Xxye8=
14,-16,GP1p2GzAWSDClyt/2no9ApWShPA=,XCfdYpH9HCJDdMYHqqUBn7Xxye8=
14,-14,GP1p2GzAWSDClyt/2no9ApWShPA=,XCfdYpH9HCJDdMYHqqUBn7Xxye8=
15,-12,GP1p2GzAWSDClyt/2no9ApWShPA=,6DWG3LDwxnDg560oB93Od2sFYhw=
12,-12,GP1p2GzAWSDClyt/2no9ApWShPA=,6DWG3LDwxnDg560oB93Od2sFYhw=
13,-14,GP1p2GzAWSDClyt/2no9ApWShPA=,XCfdYpH9HCJDdMYHqqUBn7Xxye8=
1,-1,GP1p2GzAWSDClyt/2no9ApWShPA=,xuB/NnG/6eI73EHqL3IKK9Ucaz4=
14,-15,GP1p2GzAWSDClyt/2no9ApWShPA=,XCfdYpH9HCJDdMYHqqUBn7Xxye8=
0,-1,GP1p2GzAWSDClyt/2no9ApWShPA=,xuB/NnG/6eI73EHqL3IKK9Ucaz4=
15,-1,GP1p2GzAWSDClyt/2no9ApWShPA=,6E8LIuJUSzt3LeMXYpysx2dunG0=
15,-16,GP1p2GzAWSDClyt/2no9ApWShPA=,XCfdYpH9HCJDdMYHqqUBn7Xxye8=
12,-15,GP1p2GzAWSDClyt/2no9ApWShPA=,XCfdYpH9HCJDdMYHqqUBn7Xxye8=
13,-12,GP1p2GzAWSDClyt/2no9ApWShPA=,6DWG3LDwxnDg560oB93Od2sFYhw=
8,-16,GP1p2GzAWSDClyt/2no9ApWShPA=,DxwrvOZSEoblpUvDoyWS51vosRY=
7,-16,GP1p2GzAWSDClyt/2no9ApWShPA=,DxwrvOZSEoblpUvDoyWS51vosRY=
5,-16,GP1p2GzAWSDClyt/2no9ApWShPA=,DxwrvOZSEoblpUvDoyWS51vosRY=
6,-16,GP1p2GzAWSDClyt/2no9ApWShPA=,DxwrvOZSEoblpUvDoyWS51vosRY=
13,-15,GP1p2GzAWSDClyt/2no9ApWShPA=,XCfdYpH9HCJDdMYHqqUBn7Xxye8=
2,-14,GP1p2GzAWSDClyt/2no9ApWShPA=,WFfv7GEDkD4HBIGYuaZLUBs7LxE=
4,-16,GP1p2GzAWSDClyt/2no9ApWShPA=,DxwrvOZSEoblpUvDoyWS51vosRY=
4,-12,GP1p2GzAWSDClyt/2no9ApWShPA=,PNOEq8Uo/KsRQ5/cbirYBxLHZvQ=
3,-14,GP1p2GzAWSDClyt/2no9ApWShPA=,WFfv7GEDkD4HBIGYuaZLUBs7LxE=
4,-15,GP1p2GzAWSDClyt/2no9ApWShPA=,DxwrvOZSEoblpUvDoyWS51vosRY=
1,-14,GP1p2GzAWSDClyt/2no9ApWShPA=,WFfv7GEDkD4HBIGYuaZLUBs7LxE=
0,-13,GP1p2GzAWSDClyt/2no9ApWShPA=,WFfv7GEDkD4HBIGYuaZLUBs7LxE=
0,-14,GP1p2GzAWSDClyt/2no9ApWShPA=,WFfv7GEDkD4HBIGYuaZLUBs7LxE=
2,-15,GP1p2GzAWSDClyt/2no9ApWShPA=,WFfv7GEDkD4HBIGYuaZLUBs7LxE=
1,-15,GP1p2GzAWSDClyt/2no9ApWShPA=,WFfv7GEDkD4HBIGYuaZLUBs7LxE=
3,-15,GP1p2GzAWSDClyt/2no9ApWShPA=,WFfv7GEDkD4HBIGYuaZLUBs7LxE=
3,-12,GP1p2GzAWSDClyt/2no9ApWShPA=,aHJtVm5VTeHhZyh1Pg3hWwdH4NI=
3,-16,GP1p2GzAWSDClyt/2no9ApWShPA=,WFfv7GEDkD4HBIGYuaZLUBs7LxE=
4,-14,GP1p2GzAWSDClyt/2no9ApWShPA=,DxwrvOZSEoblpUvDoyWS51vosRY=
1,-13,GP1p2GzAWSDClyt/2no9ApWShPA=,WFfv7GEDkD4HBIGYuaZLUBs7LxE=
2,-16,GP1p2GzAWSDClyt/2no9ApWShPA=,WFfv7GEDkD4HBIGYuaZLUBs7LxE=
0,-16,GP1p2GzAWSDClyt/2no9ApWShPA=,WFfv7GEDkD4HBIGYuaZLUBs7LxE=
2,-12,GP1p2GzAWSDClyt/2no9ApWShPA=,aHJtVm5VTeHhZyh1Pg3hWwdH4NI=
1,-16,GP1p2GzAWSDClyt/2no9ApWShPA=,WFfv7GEDkD4HBIGYuaZLUBs7LxE=
4,-13,GP1p2GzAWSDClyt/2no9ApWShPA=,DxwrvOZSEoblpUvDoyWS51vosRY=
1,-12,GP1p2GzAWSDClyt/2no9ApWShPA=,aHJtVm5VTeHhZyh1Pg3hWwdH4NI=
3,-13,GP1p2GzAWSDClyt/2no9ApWShPA=,WFfv7GEDkD4HBIGYuaZLUBs7LxE=
2,-13,GP1p2GzAWSDClyt/2no9ApWShPA=,WFfv7GEDkD4HBIGYuaZLUBs7LxE=
0,-12,GP1p2GzAWSDClyt/2no9ApWShPA=,aHJtVm5VTeHhZyh1Pg3hWwdH4NI=
0,-15,GP1p2GzAWSDClyt/2no9ApWShPA=,WFfv7GEDkD4HBIGYuaZLUBs7LxE=
