-30,36,ZGKZ6bVI+Mw6f1HE97hfK7e4xlI=,A09tuK7Pmk+ej3VM5Q2Lk14C2pk=
-20,45,AO3PrAFqbN6CXvJEtwOay49+RNc=,o8wkkmMdQ1KnQ1Hmw8pWrds+De0=
-19,45,+/R+X3+tUvufj+tqyif52gQ37hI=,o8wkkmMdQ1KnQ1Hmw8pWrds+De0=
-18,45,XUAwVSZ9uVz9DGDr1zGDFLEmQl8=,o8wkkmMdQ1KnQ1Hmw8pWrds+De0=
-23,46,XUAwVSZ9uVz9DGDr1zGDFLEmQl8=,o8wkkmMdQ1KnQ1Hmw8pWrds+De0=
-22,46,XUAwVSZ9uVz9DGDr1zGDFLEmQl8=,o8wkkmMdQ1KnQ1Hmw8pWrds+De0=
-21,46,XUAwVSZ9uVz9DGDr1zGDFLEmQl8=,o8wkkmMdQ1KnQ1Hmw8pWrds+De0=
-20,46,XUAwVSZ9uVz9DGDr1zGDFLEmQl8=,o8wkkmMdQ1KnQ1Hmw8pWrds+De0=
-19,46,XUAwVSZ9uVz9DGDr1zGDFLEmQl8=,o8wkkmMdQ1KnQ1Hmw8pWrds+De0=
-18,46,XUAwVSZ9uVz9DGDr1zGDFLEmQl8=,o8wkkmMdQ1KnQ1Hmw8pWrds+De0=
-23,41,XUAwVSZ9uVz9DGDr1zGDFLEmQl8=,o8wkkmMdQ1KnQ1Hmw8pWrds+De0=
-22,41,XUAwVSZ9uVz9DGDr1zGDFLEmQl8=,o8wkkmMdQ1KnQ1Hmw8pWrds+De0=
-20,41,XUAwVSZ9uVz9DGDr1zGDFLEmQl8=,o8wkkmMdQ1KnQ1Hmw8pWrds+De0=
-19,41,XUAwVSZ9uVz9DGDr1zGDFLEmQl8=,o8wkkmMdQ1KnQ1Hmw8pWrds+De0=
-21,41,XUAwVSZ9uVz9DGDr1zGDFLEmQl8=,o8wkkmMdQ1KnQ1Hmw8pWrds+De0=
-28,39,XUAwVSZ9uVz9DGDr1zGDFLEmQl8=,A09tuK7Pmk+ej3VM5Q2Lk14C2pk=
-18,41,XUAwVSZ9uVz9DGDr1zGDFLEmQl8=,o8wkkmMdQ1KnQ1Hmw8pWrds+De0=
-27,39,XUAwVSZ9uVz9DGDr1zGDFLEmQl8=,A09tuK7Pmk+ej3VM5Q2Lk14C2pk=
-23,42,XUAwVSZ9uVz9DGDr1zGDFLEmQl8=,o8wkkmMdQ1KnQ1Hmw8pWrds+De0=
-26,39,XUAwVSZ9uVz9DGDr1zGDFLEmQl8=,A09tuK7Pmk+ej3VM5Q2Lk14C2pk=
-22,42,XUAwVSZ9uVz9DGDr1zGDFLEmQl8=,o8wkkmMdQ1KnQ1Hmw8pWrds+De0=
-31,40,XUAwVSZ9uVz9DGDr1zGDFLEmQl8=,rlbFIZoNET9WKGqzGCMfXF2I0Mk=
-21,42,XUAwVSZ9uVz9DGDr1zGDFLEmQl8=,o8wkkmMdQ1KnQ1Hmw8pWrds+De0=
-20,42,XUAwVSZ9uVz9DGDr1zGDFLEmQl8=,o8wkkmMdQ1KnQ1Hmw8pWrds+De0=
-30,40,XUAwVSZ9uVz9DGDr1zGDFLEmQl8=,rlbFIZoNET9WKGqzGCMfXF2I0Mk=
-19,42,XUAwVSZ9uVz9DGDr1zGDFLEmQl8=,o8wkkmMdQ1KnQ1Hmw8pWrds+De0=
-29,40,XUAwVSZ9uVz9DGDr1zGDFLEmQl8=,rlbFIZoNET9WKGqzGCMfXF2I0Mk=
-18,42,XUAwVSZ9uVz9DGDr1zGDFLEmQl8=,o8wkkmMdQ1KnQ1Hmw8pWrds+De0=
-23,43,XUAwVSZ9uVz9DGDr1zGDFLEmQl8=,o8wkkmMdQ1KnQ1Hmw8pWrds+De0=
-27,40,XUAwVSZ9uVz9DGDr1zGDFLEmQl8=,rlbFIZoNET9WKGqzGCMfXF2I0Mk=
-21,45,XUAwVSZ9uVz9DGDr1zGDFLEmQl8=,o8wkkmMdQ1KnQ1Hmw8pWrds+De0=
-24,45,XUAwVSZ9uVz9DGDr1zGDFLEmQl8=,o8wkkmMdQ1KnQ1Hmw8pWrds+De0=
-26,40,XUAwVSZ9uVz9DGDr1zGDFLEmQl8=,rlbFIZoNET9WKGqzGCMfXF2I0Mk=
-22,43,XUAwVSZ9uVz9DGDr1zGDFLEmQl8=,o8wkkmMdQ1KnQ1Hmw8pWrds+De0=
-28,40,XUAwVSZ9uVz9DGDr1zGDFLEmQl8=,rlbFIZoNET9WKGqzGCMfXF2I0Mk=
-29,39,XUAwVSZ9uVz9DGDr1zGDFLEmQl8=,A09tuK7Pmk+ej3VM5Q2Lk14C2pk=
-25,39,XUAwVSZ9uVz9DGDr1zGDFLEmQl8=,A09tuK7Pmk+ej3VM5Q2Lk14C2pk=
-22,45,XUAwVSZ9uVz9DGDr1zGDFLEmQl8=,o8wkkmMdQ1KnQ1Hmw8pWrds+De0=
-31,41,XUAwVSZ9uVz9DGDr1zGDFLEmQl8=,rlbFIZoNET9WKGqzGCMfXF2I0Mk=
-25,46,XUAwVSZ9uVz9DGDr1zGDFLEmQl8=,rlbFIZoNET9WKGqzGCMfXF2I0Mk=
-20,35,XUAwVSZ9uVz9DGDr1zGDFLEmQl8=,5cskvqpNPTR/ZXMyu4jEBUjjhwc=
-23,45,XUAwVSZ9uVz9DGDr1zGDFLEmQl8=,o8wkkmMdQ1KnQ1Hmw8pWrds+De0=
-21,43,XUAwVSZ9uVz9DGDr1zGDFLEmQl8=,o8wkkmMdQ1KnQ1Hmw8pWrds+De0=
-30,41,XUAwVSZ9uVz9DGDr1zGDFLEmQl8=,rlbFIZoNET9WKGqzGCMfXF2I0Mk=
-20,43,XUAwVSZ9uVz9DGDr1zGDFLEmQl8=,o8wkkmMdQ1KnQ1Hmw8pWrds+De0=
-31,35,XUAwVSZ9uVz9DGDr1zGDFLEmQl8=,A09tuK7Pmk+ej3VM5Q2Lk14C2pk=
-19,35,XUAwVSZ9uVz9DGDr1zGDFLEmQl8=,5cskvqpNPTR/ZXMyu4jEBUjjhwc=
-24,44,XUAwVSZ9uVz9DGDr1zGDFLEmQl8=,o8wkkmMdQ1KnQ1Hmw8pWrds+De0=
-19,43,XUAwVSZ9uVz9DGDr1zGDFLEmQl8=,o8wkkmMdQ1KnQ1Hmw8pWrds+De0=
-29,41,XUAwVSZ9uVz9DGDr1zGDFLEmQl8=,rlbFIZoNET9WKGqzGCMfXF2I0Mk=
-18,44,XUAwVSZ9uVz9DGDr1zGDFLEmQl8=,o8wkkmMdQ1KnQ1Hmw8pWrds+De0=
-18,35,XUAwVSZ9uVz9DGDr1zGDFLEmQl8=,5cskvqpNPTR/ZXMyu4jEBUjjhwc=
-19,44,XUAwVSZ9uVz9DGDr1zGDFLEmQl8=,o8wkkmMdQ1KnQ1Hmw8pWrds+De0=
-18,43,XUAwVSZ9uVz9DGDr1zGDFLEmQl8=,o8wkkmMdQ1KnQ1Hmw8pWrds+De0=
-28,41,XUAwVSZ9uVz9DGDr1zGDFLEmQl8=,rlbFIZoNET9WKGqzGCMfXF2I0Mk=
-26,46,XUAwVSZ9uVz9DGDr1zGDFLEmQl8=,rlbFIZoNET9WKGqzGCMfXF2I0Mk=
-25,40,XUAwVSZ9uVz9DGDr1zGDFLEmQl8=,rlbFIZoNET9WKGqzGCMfXF2I0Mk=
-26,36,XUAwVSZ9uVz9DGDr1zGDFLEmQl8=,A09tuK7Pmk+ej3VM5Q2Lk14C2pk=
-23,44,XUAwVSZ9uVz9DGDr1zGDFLEmQl8=,o8wkkmMdQ1KnQ1Hmw8pWrds+De0=
-27,41,XUAwVSZ9uVz9DGDr1zGDFLEmQl8=,rlbFIZoNET9WKGqzGCMfXF2I0Mk=
-21,35,XUAwVSZ9uVz9DGDr1zGDFLEmQl8=,5cskvqpNPTR/ZXMyu4jEBUjjhwc=
-24,40,XUAwVSZ9uVz9DGDr1zGDFLEmQl8=,o8wkkmMdQ1KnQ1Hmw8pWrds+De0=
-30,39,XUAwVSZ9uVz9DGDr1zGDFLEmQl8=,A09tuK7Pmk+ej3VM5Q2Lk14C2pk=
-22,44,XUAwVSZ9uVz9DGDr1zGDFLEmQl8=,o8wkkmMdQ1KnQ1Hmw8pWrds+De0=
-26,41,XUAwVSZ9uVz9DGDr1zGDFLEmQl8=,rlbFIZoNET9WKGqzGCMfXF2I0Mk=
-20,44,XUAwVSZ9uVz9DGDr1zGDFLEmQl8=,o8wkkmMdQ1KnQ1Hmw8pWrds+De0=
-23,40,XUAwVSZ9uVz9DGDr1zGDFLEmQl8=,o8wkkmMdQ1KnQ1Hmw8pWrds+De0=
-27,46,XUAwVSZ9uVz9DGDr1zGDFLEmQl8=,rlbFIZoNET9WKGqzGCMfXF2I0Mk=
-25,41,XUAwVSZ9uVz9DGDr1zGDFLEmQl8=,rlbFIZoNET9WKGqzGCMfXF2I0Mk=
-21,44,XUAwVSZ9uVz9DGDr1zGDFLEmQl8=,o8wkkmMdQ1KnQ1Hmw8pWrds+De0=
-27,36,XUAwVSZ9uVz9DGDr1zGDFLEmQl8=,A09tuK7Pmk+ej3VM5Q2Lk14C2pk=
-22,40,XUAwVSZ9uVz9DGDr1zGDFLEmQl8=,o8wkkmMdQ1KnQ1Hmw8pWrds+De0=
-31,42,XUAwVSZ9uVz9DGDr1zGDFLEmQl8=,rlbFIZoNET9WKGqzGCMfXF2I0Mk=
-21,40,XUAwVSZ9uVz9DGDr1zGDFLEmQl8=,o8wkkmMdQ1KnQ1Hmw8pWrds+De0=
-30,42,XUAwVSZ9uVz9DGDr1zGDFLEmQl8=,rlbFIZoNET9WKGqzGCMfXF2I0Mk=
-20,40,XUAwVSZ9uVz9DGDr1zGDFLEmQl8=,o8wkkmMdQ1KnQ1Hmw8pWrds+De0=
-26,37,XUAwVSZ9uVz9DGDr1zGDFLEmQl8=,A09tuK7Pmk+ej3VM5Q2Lk14C2pk=
-24,46,XUAwVSZ9uVz9DGDr1zGDFLEmQl8=,o8wkkmMdQ1KnQ1Hmw8pWrds+De0=
-28,46,XUAwVSZ9uVz9DGDr1zGDFLEmQl8=,rlbFIZoNET9WKGqzGCMfXF2I0Mk=
-17,35,XUAwVSZ9uVz9DGDr1zGDFLEmQl8=,5cskvqpNPTR/ZXMyu4jEBUjjhwc=
-19,40,XUAwVSZ9uVz9DGDr1zGDFLEmQl8=,o8wkkmMdQ1KnQ1Hmw8pWrds+De0=
-26,33,XUAwVSZ9uVz9DGDr1zGDFLEmQl8=,A09tuK7Pmk+ej3VM5Q2Lk14C2pk=
-27,33,XUAwVSZ9uVz9DGDr1zGDFLEmQl8=,A09tuK7Pmk+ej3VM5Q2Lk14C2pk=
-29,42,XUAwVSZ9uVz9DGDr1zGDFLEmQl8=,rlbFIZoNET9WKGqzGCMfXF2I0Mk=
-17,36,XUAwVSZ9uVz9DGDr1zGDFLEmQl8=,5cskvqpNPTR/ZXMyu4jEBUjjhwc=
-18,40,XUAwVSZ9uVz9DGDr1zGDFLEmQl8=,o8wkkmMdQ1KnQ1Hmw8pWrds+De0=
-29,46,XUAwVSZ9uVz9DGDr1zGDFLEmQl8=,rlbFIZoNET9WKGqzGCMfXF2I0Mk=
-30,46,XUAwVSZ9uVz9DGDr1zGDFLEmQl8=,rlbFIZoNET9WKGqzGCMfXF2I0Mk=
-28,42,XUAwVSZ9uVz9DGDr1zGDFLEmQl8=,rlbFIZoNET9WKGqzGCMfXF2I0Mk=
-17,37,XUAwVSZ9uVz9DGDr1zGDFLEmQl8=,5cskvqpNPTR/ZXMyu4jEBUjjhwc=
-24,36,XUAwVSZ9uVz9DGDr1zGDFLEmQl8=,5cskvqpNPTR/ZXMyu4jEBUjjhwc=
-22,35,XUAwVSZ9uVz9DGDr1zGDFLEmQl8=,5cskvqpNPTR/ZXMyu4jEBUjjhwc=
-31,46,XUAwVSZ9uVz9DGDr1zGDFLEmQl8=,rlbFIZoNET9WKGqzGCMfXF2I0Mk=
-27,42,XUAwVSZ9uVz9DGDr1zGDFLEmQl8=,rlbFIZoNET9WKGqzGCMfXF2I0Mk=
-17,33,XUAwVSZ9uVz9DGDr1zGDFLEmQl8=,5cskvqpNPTR/ZXMyu4jEBUjjhwc=
-23,36,XUAwVSZ9uVz9DGDr1zGDFLEmQl8=,5cskvqpNPTR/ZXMyu4jEBUjjhwc=
-18,39,XUAwVSZ9uVz9DGDr1zGDFLEmQl8=,5cskvqpNPTR/ZXMyu4jEBUjjhwc=
-19,39,XUAwVSZ9uVz9DGDr1zGDFLEmQl8=,5cskvqpNPTR/ZXMyu4jEBUjjhwc=
-26,42,XUAwVSZ9uVz9DGDr1zGDFLEmQl8=,rlbFIZoNET9WKGqzGCMfXF2I0Mk=
-17,38,XUAwVSZ9uVz9DGDr1zGDFLEmQl8=,5cskvqpNPTR/ZXMyu4jEBUjjhwc=
-22,36,XUAwVSZ9uVz9DGDr1zGDFLEmQl8=,5cskvqpNPTR/ZXMyu4jEBUjjhwc=
-28,33,XUAwVSZ9uVz9DGDr1zGDFLEmQl8=,A09tuK7Pmk+ej3VM5Q2Lk14C2pk=
-31,39,XUAwVSZ9uVz9DGDr1zGDFLEmQl8=,A09tuK7Pmk+ej3VM5Q2Lk14C2pk=
-25,42,XUAwVSZ9uVz9DGDr1zGDFLEmQl8=,rlbFIZoNET9WKGqzGCMfXF2I0Mk=
-17,34,XUAwVSZ9uVz9DGDr1zGDFLEmQl8=,5cskvqpNPTR/ZXMyu4jEBUjjhwc=
-21,36,XUAwVSZ9uVz9DGDr1zGDFLEmQl8=,5cskvqpNPTR/ZXMyu4jEBUjjhwc=
-31,43,XUAwVSZ9uVz9DGDr1zGDFLEmQl8=,rlbFIZoNET9WKGqzGCMfXF2I0Mk=
-29,33,XUAwVSZ9uVz9DGDr1zGDFLEmQl8=,A09tuK7Pmk+ej3VM5Q2Lk14C2pk=
-25,45,XUAwVSZ9uVz9DGDr1zGDFLEmQl8=,rlbFIZoNET9WKGqzGCMfXF2I0Mk=
-20,36,XUAwVSZ9uVz9DGDr1zGDFLEmQl8=,5cskvqpNPTR/ZXMyu4jEBUjjhwc=
-30,43,XUAwVSZ9uVz9DGDr1zGDFLEmQl8=,rlbFIZoNET9WKGqzGCMfXF2I0Mk=
-27,37,XUAwVSZ9uVz9DGDr1zGDFLEmQl8=,A09tuK7Pmk+ej3VM5Q2Lk14C2pk=
-25,38,XUAwVSZ9uVz9DGDr1zGDFLEmQl8=,A09tuK7Pmk+ej3VM5Q2Lk14C2pk=
-29,43,XUAwVSZ9uVz9DGDr1zGDFLEmQl8=,rlbFIZoNET9WKGqzGCMfXF2I0Mk=
-19,36,XUAwVSZ9uVz9DGDr1zGDFLEmQl8=,5cskvqpNPTR/ZXMyu4jEBUjjhwc=
-28,43,XUAwVSZ9uVz9DGDr1zGDFLEmQl8=,rlbFIZoNET9WKGqzGCMfXF2I0Mk=
-24,43,XUAwVSZ9uVz9DGDr1zGDFLEmQl8=,o8wkkmMdQ1KnQ1Hmw8pWrds+De0=
-18,36,XUAwVSZ9uVz9DGDr1zGDFLEmQl8=,5cskvqpNPTR/ZXMyu4jEBUjjhwc=
-30,33,XUAwVSZ9uVz9DGDr1zGDFLEmQl8=,A09tuK7Pmk+ej3VM5Q2Lk14C2pk=
-17,45,XUAwVSZ9uVz9DGDr1zGDFLEmQl8=,o8wkkmMdQ1KnQ1Hmw8pWrds+De0=
-24,41,XUAwVSZ9uVz9DGDr1zGDFLEmQl8=,o8wkkmMdQ1KnQ1Hmw8pWrds+De0=
-25,36,XUAwVSZ9uVz9DGDr1zGDFLEmQl8=,A09tuK7Pmk+ej3VM5Q2Lk14C2pk=
-23,35,XUAwVSZ9uVz9DGDr1zGDFLEmQl8=,5cskvqpNPTR/ZXMyu4jEBUjjhwc=
-17,46,XUAwVSZ9uVz9DGDr1zGDFLEmQl8=,o8wkkmMdQ1KnQ1Hmw8pWrds+De0=
-27,43,XUAwVSZ9uVz9DGDr1zGDFLEmQl8=,rlbFIZoNET9WKGqzGCMfXF2I0Mk=
-26,45,XUAwVSZ9uVz9DGDr1zGDFLEmQl8=,rlbFIZoNET9WKGqzGCMfXF2I0Mk=
-24,37,XUAwVSZ9uVz9DGDr1zGDFLEmQl8=,5cskvqpNPTR/ZXMyu4jEBUjjhwc=
-27,45,XUAwVSZ9uVz9DGDr1zGDFLEmQl8=,rlbFIZoNET9WKGqzGCMfXF2I0Mk=
-17,40,XUAwVSZ9uVz9DGDr1zGDFLEmQl8=,o8wkkmMdQ1KnQ1Hmw8pWrds+De0=
-26,43,XUAwVSZ9uVz9DGDr1zGDFLEmQl8=,rlbFIZoNET9WKGqzGCMfXF2I0Mk=
-31,33,XUAwVSZ9uVz9DGDr1zGDFLEmQl8=,A09tuK7Pmk+ej3VM5Q2Lk14C2pk=
-23,37,XUAwVSZ9uVz9DGDr1zGDFLEmQl8=,5cskvqpNPTR/ZXMyu4jEBUjjhwc=
-24,35,XUAwVSZ9uVz9DGDr1zGDFLEmQl8=,5cskvqpNPTR/ZXMyu4jEBUjjhwc=
-17,41,XUAwVSZ9uVz9DGDr1zGDFLEmQl8=,o8wkkmMdQ1KnQ1Hmw8pWrds+De0=
-25,43,XUAwVSZ9uVz9DGDr1zGDFLEmQl8=,rlbFIZoNET9WKGqzGCMfXF2I0Mk=
-31,34,XUAwVSZ9uVz9DGDr1zGDFLEmQl8=,A09tuK7Pmk+ej3VM5Q2Lk14C2pk=
-24,33,XUAwVSZ9uVz9DGDr1zGDFLEmQl8=,5cskvqpNPTR/ZXMyu4jEBUjjhwc=
-17,39,XUAwVSZ9uVz9DGDr1zGDFLEmQl8=,5cskvqpNPTR/ZXMyu4jEBUjjhwc=
-17,42,XUAwVSZ9uVz9DGDr1zGDFLEmQl8=,o8wkkmMdQ1KnQ1Hmw8pWrds+De0=
-31,44,XUAwVSZ9uVz9DGDr1zGDFLEmQl8=,rlbFIZoNET9WKGqzGCMfXF2I0Mk=
-17,44,XUAwVSZ9uVz9DGDr1zGDFLEmQl8=,o8wkkmMdQ1KnQ1Hmw8pWrds+De0=
-23,33,XUAwVSZ9uVz9DGDr1zGDFLEmQl8=,5cskvqpNPTR/ZXMyu4jEBUjjhwc=
-17,43,XUAwVSZ9uVz9DGDr1zGDFLEmQl8=,o8wkkmMdQ1KnQ1Hmw8pWrds+De0=
-30,44,XUAwVSZ9uVz9DGDr1zGDFLEmQl8=,rlbFIZoNET9WKGqzGCMfXF2I0Mk=
-28,45,XUAwVSZ9uVz9DGDr1zGDFLEmQl8=,rlbFIZoNET9WKGqzGCMfXF2I0Mk=
-22,37,XUAwVSZ9uVz9DGDr1zGDFLEmQl8=,5cskvqpNPTR/ZXMyu4jEBUjjhwc=
-29,44,XUAwVSZ9uVz9DGDr1zGDFLEmQl8=,rlbFIZoNET9WKGqzGCMfXF2I0Mk=
-25,35,XUAwVSZ9uVz9DGDr1zGDFLEmQl8=,A09tuK7Pmk+ej3VM5Q2Lk14C2pk=
-31,36,XUAwVSZ9uVz9DGDr1zGDFLEmQl8=,A09tuK7Pmk+ej3VM5Q2Lk14C2pk=
-28,44,XUAwVSZ9uVz9DGDr1zGDFLEmQl8=,rlbFIZoNET9WKGqzGCMfXF2I0Mk=
-18,34,XUAwVSZ9uVz9DGDr1zGDFLEmQl8=,5cskvqpNPTR/ZXMyu4jEBUjjhwc=
-21,37,XUAwVSZ9uVz9DGDr1zGDFLEmQl8=,5cskvqpNPTR/ZXMyu4jEBUjjhwc=
-27,38,XUAwVSZ9uVz9DGDr1zGDFLEmQl8=,A09tuK7Pmk+ej3VM5Q2Lk14C2pk=
-24,42,XUAwVSZ9uVz9DGDr1zGDFLEmQl8=,o8wkkmMdQ1KnQ1Hmw8pWrds+De0=
-20,37,XUAwVSZ9uVz9DGDr1zGDFLEmQl8=,5cskvqpNPTR/ZXMyu4jEBUjjhwc=
-27,44,XUAwVSZ9uVz9DGDr1zGDFLEmQl8=,rlbFIZoNET9WKGqzGCMfXF2I0Mk=
-29,45,XUAwVSZ9uVz9DGDr1zGDFLEmQl8=,rlbFIZoNET9WKGqzGCMfXF2I0Mk=
-19,37,XUAwVSZ9uVz9DGDr1zGDFLEmQl8=,5cskvqpNPTR/ZXMyu4jEBUjjhwc=
-26,35,XUAwVSZ9uVz9DGDr1zGDFLEmQl8=,A09tuK7Pmk+ej3VM5Q2Lk14C2pk=
-23,47,XUAwVSZ9uVz9DGDr1zGDFLEmQl8=,o8wkkmMdQ1KnQ1Hmw8pWrds+De0=
-26,44,XUAwVSZ9uVz9DGDr1zGDFLEmQl8=,rlbFIZoNET9WKGqzGCMfXF2I0Mk=
-28,38,XUAwVSZ9uVz9DGDr1zGDFLEmQl8=,A09tuK7Pmk+ej3VM5Q2Lk14C2pk=
-22,33,XUAwVSZ9uVz9DGDr1zGDFLEmQl8=,5cskvqpNPTR/ZXMyu4jEBUjjhwc=
-30,45,XUAwVSZ9uVz9DGDr1zGDFLEmQl8=,rlbFIZoNET9WKGqzGCMfXF2I0Mk=
-22,47,XUAwVSZ9uVz9DGDr1zGDFLEmQl8=,o8wkkmMdQ1KnQ1Hmw8pWrds+De0=
-25,44,XUAwVSZ9uVz9DGDr1zGDFLEmQl8=,rlbFIZoNET9WKGqzGCMfXF2I0Mk=
-18,37,XUAwVSZ9uVz9DGDr1zGDFLEmQl8=,5cskvqpNPTR/ZXMyu4jEBUjjhwc=
-31,45,XUAwVSZ9uVz9DGDr1zGDFLEmQl8=,rlbFIZoNET9WKGqzGCMfXF2I0Mk=
-21,47,XUAwVSZ9uVz9DGDr1zGDFLEmQl8=,o8wkkmMdQ1KnQ1Hmw8pWrds+De0=
-24,38,XUAwVSZ9uVz9DGDr1zGDFLEmQl8=,5cskvqpNPTR/ZXMyu4jEBUjjhwc=
-20,47,XUAwVSZ9uVz9DGDr1zGDFLEmQl8=,o8wkkmMdQ1KnQ1Hmw8pWrds+De0=
-21,33,XUAwVSZ9uVz9DGDr1zGDFLEmQl8=,5cskvqpNPTR/ZXMyu4jEBUjjhwc=
-19,47,XUAwVSZ9uVz9DGDr1zGDFLEmQl8=,o8wkkmMdQ1KnQ1Hmw8pWrds+De0=
-27,35,XUAwVSZ9uVz9DGDr1zGDFLEmQl8=,A09tuK7Pmk+ej3VM5Q2Lk14C2pk=
-25,33,XUAwVSZ9uVz9DGDr1zGDFLEmQl8=,A09tuK7Pmk+ej3VM5Q2Lk14C2pk=
-18,47,XUAwVSZ9uVz9DGDr1zGDFLEmQl8=,o8wkkmMdQ1KnQ1Hmw8pWrds+De0=
-23,38,XUAwVSZ9uVz9DGDr1zGDFLEmQl8=,5cskvqpNPTR/ZXMyu4jEBUjjhwc=
-28,47,XUAwVSZ9uVz9DGDr1zGDFLEmQl8=,rlbFIZoNET9WKGqzGCMfXF2I0Mk=
-22,38,XUAwVSZ9uVz9DGDr1zGDFLEmQl8=,5cskvqpNPTR/ZXMyu4jEBUjjhwc=
-27,47,XUAwVSZ9uVz9DGDr1zGDFLEmQl8=,rlbFIZoNET9WKGqzGCMfXF2I0Mk=
-21,38,XUAwVSZ9uVz9DGDr1zGDFLEmQl8=,5cskvqpNPTR/ZXMyu4jEBUjjhwc=
-26,47,XUAwVSZ9uVz9DGDr1zGDFLEmQl8=,rlbFIZoNET9WKGqzGCMfXF2I0Mk=
-20,38,XUAwVSZ9uVz9DGDr1zGDFLEmQl8=,5cskvqpNPTR/ZXMyu4jEBUjjhwc=
-25,47,XUAwVSZ9uVz9DGDr1zGDFLEmQl8=,rlbFIZoNET9WKGqzGCMfXF2I0Mk=
-19,38,XUAwVSZ9uVz9DGDr1zGDFLEmQl8=,5cskvqpNPTR/ZXMyu4jEBUjjhwc=
-19,34,XUAwVSZ9uVz9DGDr1zGDFLEmQl8=,5cskvqpNPTR/ZXMyu4jEBUjjhwc=
-32,41,XUAwVSZ9uVz9DGDr1zGDFLEmQl8=,rlbFIZoNET9WKGqzGCMfXF2I0Mk=
-20,34,XUAwVSZ9uVz9DGDr1zGDFLEmQl8=,5cskvqpNPTR/ZXMyu4jEBUjjhwc=
-24,47,XUAwVSZ9uVz9DGDr1zGDFLEmQl8=,o8wkkmMdQ1KnQ1Hmw8pWrds+De0=
-18,38,XUAwVSZ9uVz9DGDr1zGDFLEmQl8=,5cskvqpNPTR/ZXMyu4jEBUjjhwc=
-32,42,XUAwVSZ9uVz9DGDr1zGDFLEmQl8=,rlbFIZoNET9WKGqzGCMfXF2I0Mk=
-32,46,XUAwVSZ9uVz9DGDr1zGDFLEmQl8=,rlbFIZoNET9WKGqzGCMfXF2I0Mk=
-29,47,XUAwVSZ9uVz9DGDr1zGDFLEmQl8=,rlbFIZoNET9WKGqzGCMfXF2I0Mk=
-31,47,XUAwVSZ9uVz9DGDr1zGDFLEmQl8=,rlbFIZoNET9WKGqzGCMfXF2I0Mk=
-20,33,XUAwVSZ9uVz9DGDr1zGDFLEmQl8=,5cskvqpNPTR/ZXMyu4jEBUjjhwc=
-32,43,XUAwVSZ9uVz9DGDr1zGDFLEmQl8=,rlbFIZoNET9WKGqzGCMfXF2I0Mk=
-32,45,XUAwVSZ9uVz9DGDr1zGDFLEmQl8=,rlbFIZoNET9WKGqzGCMfXF2I0Mk=
-30,47,XUAwVSZ9uVz9DGDr1zGDFLEmQl8=,rlbFIZoNET9WKGqzGCMfXF2I0Mk=
-25,34,XUAwVSZ9uVz9DGDr1zGDFLEmQl8=,A09tuK7Pmk+ej3VM5Q2Lk14C2pk=
-25,37,XUAwVSZ9uVz9DGDr1zGDFLEmQl8=,A09tuK7Pmk+ej3VM5Q2Lk14C2pk=
-32,44,XUAwVSZ9uVz9DGDr1zGDFLEmQl8=,rlbFIZoNET9WKGqzGCMfXF2I0Mk=
-19,33,XUAwVSZ9uVz9DGDr1zGDFLEmQl8=,5cskvqpNPTR/ZXMyu4jEBUjjhwc=
-18,33,XUAwVSZ9uVz9DGDr1zGDFLEmQl8=,5cskvqpNPTR/ZXMyu4jEBUjjhwc=
-32,40,XUAwVSZ9uVz9DGDr1zGDFLEmQl8=,rlbFIZoNET9WKGqzGCMfXF2I0Mk=
-24,34,XUAwVSZ9uVz9DGDr1zGDFLEmQl8=,5cskvqpNPTR/ZXMyu4jEBUjjhwc=
-32,38,XUAwVSZ9uVz9DGDr1zGDFLEmQl8=,A09tuK7Pmk+ej3VM5Q2Lk14C2pk=
-26,34,XUAwVSZ9uVz9DGDr1zGDFLEmQl8=,A09tuK7Pmk+ej3VM5Q2Lk14C2pk=
-24,39,XUAwVSZ9uVz9DGDr1zGDFLEmQl8=,5cskvqpNPTR/ZXMyu4jEBUjjhwc=
-28,35,XUAwVSZ9uVz9DGDr1zGDFLEmQl8=,A09tuK7Pmk+ej3VM5Q2Lk14C2pk=
-28,37,XUAwVSZ9uVz9DGDr1zGDFLEmQl8=,A09tuK7Pmk+ej3VM5Q2Lk14C2pk=
-30,32,XUAwVSZ9uVz9DGDr1zGDFLEmQl8=,A09tuK7Pmk+ej3VM5Q2Lk14C2pk=
-32,37,XUAwVSZ9uVz9DGDr1zGDFLEmQl8=,A09tuK7Pmk+ej3VM5Q2Lk14C2pk=
-23,39,XUAwVSZ9uVz9DGDr1zGDFLEmQl8=,5cskvqpNPTR/ZXMyu4jEBUjjhwc=
-29,35,XUAwVSZ9uVz9DGDr1zGDFLEmQl8=,A09tuK7Pmk+ej3VM5Q2Lk14C2pk=
-29,37,XUAwVSZ9uVz9DGDr1zGDFLEmQl8=,A09tuK7Pmk+ej3VM5Q2Lk14C2pk=
-29,32,XUAwVSZ9uVz9DGDr1zGDFLEmQl8=,A09tuK7Pmk+ej3VM5Q2Lk14C2pk=
-22,39,XUAwVSZ9uVz9DGDr1zGDFLEmQl8=,5cskvqpNPTR/ZXMyu4jEBUjjhwc=
-32,33,XUAwVSZ9uVz9DGDr1zGDFLEmQl8=,A09tuK7Pmk+ej3VM5Q2Lk14C2pk=
-32,35,XUAwVSZ9uVz9DGDr1zGDFLEmQl8=,A09tuK7Pmk+ej3VM5Q2Lk14C2pk=
-27,34,XUAwVSZ9uVz9DGDr1zGDFLEmQl8=,A09tuK7Pmk+ej3VM5Q2Lk14C2pk=
-28,32,XUAwVSZ9uVz9DGDr1zGDFLEmQl8=,A09tuK7Pmk+ej3VM5Q2Lk14C2pk=
-21,39,XUAwVSZ9uVz9DGDr1zGDFLEmQl8=,5cskvqpNPTR/ZXMyu4jEBUjjhwc=
-32,39,XUAwVSZ9uVz9DGDr1zGDFLEmQl8=,A09tuK7Pmk+ej3VM5Q2Lk14C2pk=
-32,34,XUAwVSZ9uVz9DGDr1zGDFLEmQl8=,A09tuK7Pmk+ej3VM5Q2Lk14C2pk=
-29,38,XUAwVSZ9uVz9DGDr1zGDFLEmQl8=,A09tuK7Pmk+ej3VM5Q2Lk14C2pk=
-27,32,XUAwVSZ9uVz9DGDr1zGDFLEmQl8=,A09tuK7Pmk+ej3VM5Q2Lk14C2pk=
-20,39,XUAwVSZ9uVz9DGDr1zGDFLEmQl8=,5cskvqpNPTR/ZXMyu4jEBUjjhwc=
-32,36,XUAwVSZ9uVz9DGDr1zGDFLEmQl8=,A09tuK7Pmk+ej3VM5Q2Lk14C2pk=
-31,32,XUAwVSZ9uVz9DGDr1zGDFLEmQl8=,A09tuK7Pmk+ej3VM5Q2Lk14C2pk=
-26,32,XUAwVSZ9uVz9DGDr1zGDFLEmQl8=,A09tuK7Pmk+ej3VM5Q2Lk14C2pk=
-23,34,XUAwVSZ9uVz9DGDr1zGDFLEmQl8=,5cskvqpNPTR/ZXMyu4jEBUjjhwc=
-22,34,XUAwVSZ9uVz9DGDr1zGDFLEmQl8=,5cskvqpNPTR/ZXMyu4jEBUjjhwc=
-32,47,XUAwVSZ9uVz9DGDr1zGDFLEmQl8=,rlbFIZoNET9WKGqzGCMfXF2I0Mk=
-30,38,XUAwVSZ9uVz9DGDr1zGDFLEmQl8=,A09tuK7Pmk+ej3VM5Q2Lk14C2pk=
-21,34,XUAwVSZ9uVz9DGDr1zGDFLEmQl8=,5cskvqpNPTR/ZXMyu4jEBUjjhwc=
-32,32,XUAwVSZ9uVz9DGDr1zGDFLEmQl8=,A09tuK7Pmk+ej3VM5Q2Lk14C2pk=
-24,32,XUAwVSZ9uVz9DGDr1zGDFLEmQl8=,5cskvqpNPTR/ZXMyu4jEBUjjhwc=
-17,47,XUAwVSZ9uVz9DGDr1zGDFLEmQl8=,o8wkkmMdQ1KnQ1Hmw8pWrds+De0=
-30,37,XUAwVSZ9uVz9DGDr1zGDFLEmQl8=,A09tuK7Pmk+ej3VM5Q2Lk14C2pk=
-28,34,XUAwVSZ9uVz9DGDr1zGDFLEmQl8=,A09tuK7Pmk+ej3VM5Q2Lk14C2pk=
-17,32,XUAwVSZ9uVz9DGDr1zGDFLEmQl8=,5cskvqpNPTR/ZXMyu4jEBUjjhwc=
-23,32,XUAwVSZ9uVz9DGDr1zGDFLEmQl8=,5cskvqpNPTR/ZXMyu4jEBUjjhwc=
-31,38,XUAwVSZ9uVz9DGDr1zGDFLEmQl8=,A09tuK7Pmk+ej3VM5Q2Lk14C2pk=
-18,32,XUAwVSZ9uVz9DGDr1zGDFLEmQl8=,5cskvqpNPTR/ZXMyu4jEBUjjhwc=
-29,34,XUAwVSZ9uVz9DGDr1zGDFLEmQl8=,A09tuK7Pmk+ej3VM5Q2Lk14C2pk=
-19,32,XUAwVSZ9uVz9DGDr1zGDFLEmQl8=,5cskvqpNPTR/ZXMyu4jEBUjjhwc=
-22,32,XUAwVSZ9uVz9DGDr1zGDFLEmQl8=,5cskvqpNPTR/ZXMyu4jEBUjjhwc=
-31,37,XUAwVSZ9uVz9DGDr1zGDFLEmQl8=,A09tuK7Pmk+ej3VM5Q2Lk14C2pk=
-25,32,XUAwVSZ9uVz9DGDr1zGDFLEmQl8=,A09tuK7Pmk+ej3VM5Q2Lk14C2pk=
-30,35,XUAwVSZ9uVz9DGDr1zGDFLEmQl8=,A09tuK7Pmk+ej3VM5Q2Lk14C2pk=
-20,32,XUAwVSZ9uVz9DGDr1zGDFLEmQl8=,5cskvqpNPTR/ZXMyu4jEBUjjhwc=
-21,32,XUAwVSZ9uVz9DGDr1zGDFLEmQl8=,5cskvqpNPTR/ZXMyu4jEBUjjhwc=
-26,38,XUAwVSZ9uVz9DGDr1zGDFLEmQl8=,A09tuK7Pmk+ej3VM5Q2Lk14C2pk=
-30,34,XUAwVSZ9uVz9DGDr1zGDFLEmQl8=,A09tuK7Pmk+ej3VM5Q2Lk14C2pk=
-28,36,XUAwVSZ9uVz9DGDr1zGDFLEmQl8=,A09tuK7Pmk+ej3VM5Q2Lk14C2pk=
-29,36,XUAwVSZ9uVz9DGDr1zGDFLEmQl8=,A09tuK7Pmk+ej3VM5Q2Lk14C2pk=
-28,49,yL5eyoixiz0BjM4CKaR2hvvF2UM=,TiiTE9w0er9iuZo2vPzlgHvInEY=
-28,55,+yaQ5UtCwhZQzYQO0CvB2AjJSz8=,TiiTE9w0er9iuZo2vPzlgHvInEY=
-27,55,IrMQ1sn8ZYBni6JuQ5rvgn7ArQU=,TiiTE9w0er9iuZo2vPzlgHvInEY=
-26,55,IrMQ1sn8ZYBni6JuQ5rvgn7ArQU=,TiiTE9w0er9iuZo2vPzlgHvInEY=
-31,56,IrMQ1sn8ZYBni6JuQ5rvgn7ArQU=,DxIEW1LzclUt/TjkW9RuADWye8g=
-30,56,IrMQ1sn8ZYBni6JuQ5rvgn7ArQU=,DxIEW1LzclUt/TjkW9RuADWye8g=
-29,56,IrMQ1sn8ZYBni6JuQ5rvgn7ArQU=,DxIEW1LzclUt/TjkW9RuADWye8g=
-28,56,IrMQ1sn8ZYBni6JuQ5rvgn7ArQU=,DxIEW1LzclUt/TjkW9RuADWye8g=
-27,56,IrMQ1sn8ZYBni6JuQ5rvgn7ArQU=,DxIEW1LzclUt/TjkW9RuADWye8g=
-26,56,IrMQ1sn8ZYBni6JuQ5rvgn7ArQU=,DxIEW1LzclUt/TjkW9RuADWye8g=
-31,57,IrMQ1sn8ZYBni6JuQ5rvgn7ArQU=,DxIEW1LzclUt/TjkW9RuADWye8g=
-30,57,IrMQ1sn8ZYBni6JuQ5rvgn7ArQU=,DxIEW1LzclUt/TjkW9RuADWye8g=
-28,57,IrMQ1sn8ZYBni6JuQ5rvgn7ArQU=,DxIEW1LzclUt/TjkW9RuADWye8g=
-29,57,IrMQ1sn8ZYBni6JuQ5rvgn7ArQU=,DxIEW1LzclUt/TjkW9RuADWye8g=
-27,57,IrMQ1sn8ZYBni6JuQ5rvgn7ArQU=,DxIEW1LzclUt/TjkW9RuADWye8g=
-26,57,IrMQ1sn8ZYBni6JuQ5rvgn7ArQU=,DxIEW1LzclUt/TjkW9RuADWye8g=
-31,58,IrMQ1sn8ZYBni6JuQ5rvgn7ArQU=,DxIEW1LzclUt/TjkW9RuADWye8g=
-20,51,IrMQ1sn8ZYBni6JuQ5rvgn7ArQU=,wGBA41b9Jc36WOe54B2SKYhZZTA=
-30,58,IrMQ1sn8ZYBni6JuQ5rvgn7ArQU=,DxIEW1LzclUt/TjkW9RuADWye8g=
-29,58,IrMQ1sn8ZYBni6JuQ5rvgn7ArQU=,DxIEW1LzclUt/TjkW9RuADWye8g=
-18,51,IrMQ1sn8ZYBni6JuQ5rvgn7ArQU=,wGBA41b9Jc36WOe54B2SKYhZZTA=
-19,51,IrMQ1sn8ZYBni6JuQ5rvgn7ArQU=,wGBA41b9Jc36WOe54B2SKYhZZTA=
-28,58,IrMQ1sn8ZYBni6JuQ5rvgn7ArQU=,DxIEW1LzclUt/TjkW9RuADWye8g=
-27,58,IrMQ1sn8ZYBni6JuQ5rvgn7ArQU=,DxIEW1LzclUt/TjkW9RuADWye8g=
-24,52,IrMQ1sn8ZYBni6JuQ5rvgn7ArQU=,wGBA41b9Jc36WOe54B2SKYhZZTA=
-26,58,IrMQ1sn8ZYBni6JuQ5rvgn7ArQU=,DxIEW1LzclUt/TjkW9RuADWye8g=
-23,52,IrMQ1sn8ZYBni6JuQ5rvgn7ArQU=,wGBA41b9Jc36WOe54B2SKYhZZTA=
-22,52,IrMQ1sn8ZYBni6JuQ5rvgn7ArQU=,wGBA41b9Jc36WOe54B2SKYhZZTA=
-30,59,IrMQ1sn8ZYBni6JuQ5rvgn7ArQU=,DxIEW1LzclUt/TjkW9RuADWye8g=
-31,59,IrMQ1sn8ZYBni6JuQ5rvgn7ArQU=,DxIEW1LzclUt/TjkW9RuADWye8g=
-29,59,IrMQ1sn8ZYBni6JuQ5rvgn7ArQU=,DxIEW1LzclUt/TjkW9RuADWye8g=
-20,52,IrMQ1sn8ZYBni6JuQ5rvgn7ArQU=,wGBA41b9Jc36WOe54B2SKYhZZTA=
-28,59,IrMQ1sn8ZYBni6JuQ5rvgn7ArQU=,DxIEW1LzclUt/TjkW9RuADWye8g=
-21,52,IrMQ1sn8ZYBni6JuQ5rvgn7ArQU=,wGBA41b9Jc36WOe54B2SKYhZZTA=
-25,49,IrMQ1sn8ZYBni6JuQ5rvgn7ArQU=,TiiTE9w0er9iuZo2vPzlgHvInEY=
-25,53,IrMQ1sn8ZYBni6JuQ5rvgn7ArQU=,TiiTE9w0er9iuZo2vPzlgHvInEY=
-26,59,IrMQ1sn8ZYBni6JuQ5rvgn7ArQU=,DxIEW1LzclUt/TjkW9RuADWye8g=
-19,52,IrMQ1sn8ZYBni6JuQ5rvgn7ArQU=,wGBA41b9Jc36WOe54B2SKYhZZTA=
-27,59,IrMQ1sn8ZYBni6JuQ5rvgn7ArQU=,DxIEW1LzclUt/TjkW9RuADWye8g=
-31,60,IrMQ1sn8ZYBni6JuQ5rvgn7ArQU=,DxIEW1LzclUt/TjkW9RuADWye8g=
-29,55,IrMQ1sn8ZYBni6JuQ5rvgn7ArQU=,TiiTE9w0er9iuZo2vPzlgHvInEY=
-30,55,IrMQ1sn8ZYBni6JuQ5rvgn7ArQU=,TiiTE9w0er9iuZo2vPzlgHvInEY=
-30,60,IrMQ1sn8ZYBni6JuQ5rvgn7ArQU=,DxIEW1LzclUt/TjkW9RuADWye8g=
-31,55,IrMQ1sn8ZYBni6JuQ5rvgn7ArQU=,TiiTE9w0er9iuZo2vPzlgHvInEY=
-18,52,IrMQ1sn8ZYBni6JuQ5rvgn7ArQU=,wGBA41b9Jc36WOe54B2SKYhZZTA=
-21,51,IrMQ1sn8ZYBni6JuQ5rvgn7ArQU=,wGBA41b9Jc36WOe54B2SKYhZZTA=
-22,51,IrMQ1sn8ZYBni6JuQ5rvgn7ArQU=,wGBA41b9Jc36WOe54B2SKYhZZTA=
-29,60,IrMQ1sn8ZYBni6JuQ5rvgn7ArQU=,DxIEW1LzclUt/TjkW9RuADWye8g=
-24,53,IrMQ1sn8ZYBni6JuQ5rvgn7ArQU=,wGBA41b9Jc36WOe54B2SKYhZZTA=
-23,51,IrMQ1sn8ZYBni6JuQ5rvgn7ArQU=,wGBA41b9Jc36WOe54B2SKYhZZTA=
-25,52,IrMQ1sn8ZYBni6JuQ5rvgn7ArQU=,TiiTE9w0er9iuZo2vPzlgHvInEY=
-28,60,IrMQ1sn8ZYBni6JuQ5rvgn7ArQU=,DxIEW1LzclUt/TjkW9RuADWye8g=
-25,55,IrMQ1sn8ZYBni6JuQ5rvgn7ArQU=,TiiTE9w0er9iuZo2vPzlgHvInEY=
-23,53,IrMQ1sn8ZYBni6JuQ5rvgn7ArQU=,wGBA41b9Jc36WOe54B2SKYhZZTA=
-24,51,IrMQ1sn8ZYBni6JuQ5rvgn7ArQU=,wGBA41b9Jc36WOe54B2SKYhZZTA=
-26,62,IrMQ1sn8ZYBni6JuQ5rvgn7ArQU=,DxIEW1LzclUt/TjkW9RuADWye8g=
-27,60,IrMQ1sn8ZYBni6JuQ5rvgn7ArQU=,DxIEW1LzclUt/TjkW9RuADWye8g=
-22,53,IrMQ1sn8ZYBni6JuQ5rvgn7ArQU=,wGBA41b9Jc36WOe54B2SKYhZZTA=
-20,61,IrMQ1sn8ZYBni6JuQ5rvgn7ArQU=,kZmviiCWbSoc6Brj5LMnAiQnz94=
-18,50,IrMQ1sn8ZYBni6JuQ5rvgn7ArQU=,wGBA41b9Jc36WOe54B2SKYhZZTA=
-19,50,IrMQ1sn8ZYBni6JuQ5rvgn7ArQU=,wGBA41b9Jc36WOe54B2SKYhZZTA=
-26,60,IrMQ1sn8ZYBni6JuQ5rvgn7ArQU=,DxIEW1LzclUt/TjkW9RuADWye8g=
-21,53,IrMQ1sn8ZYBni6JuQ5rvgn7ArQU=,wGBA41b9Jc36WOe54B2SKYhZZTA=
-27,54,IrMQ1sn8ZYBni6JuQ5rvgn7ArQU=,TiiTE9w0er9iuZo2vPzlgHvInEY=
-27,62,IrMQ1sn8ZYBni6JuQ5rvgn7ArQU=,DxIEW1LzclUt/TjkW9RuADWye8g=
-19,61,IrMQ1sn8ZYBni6JuQ5rvgn7ArQU=,kZmviiCWbSoc6Brj5LMnAiQnz94=
-31,61,IrMQ1sn8ZYBni6JuQ5rvgn7ArQU=,DxIEW1LzclUt/TjkW9RuADWye8g=
-25,54,IrMQ1sn8ZYBni6JuQ5rvgn7ArQU=,TiiTE9w0er9iuZo2vPzlgHvInEY=
-31,51,IrMQ1sn8ZYBni6JuQ5rvgn7ArQU=,TiiTE9w0er9iuZo2vPzlgHvInEY=
-28,62,IrMQ1sn8ZYBni6JuQ5rvgn7ArQU=,DxIEW1LzclUt/TjkW9RuADWye8g=
-18,61,IrMQ1sn8ZYBni6JuQ5rvgn7ArQU=,kZmviiCWbSoc6Brj5LMnAiQnz94=
-30,61,IrMQ1sn8ZYBni6JuQ5rvgn7ArQU=,DxIEW1LzclUt/TjkW9RuADWye8g=
-20,53,IrMQ1sn8ZYBni6JuQ5rvgn7ArQU=,wGBA41b9Jc36WOe54B2SKYhZZTA=
-20,50,IrMQ1sn8ZYBni6JuQ5rvgn7ArQU=,wGBA41b9Jc36WOe54B2SKYhZZTA=
-21,50,IrMQ1sn8ZYBni6JuQ5rvgn7ArQU=,wGBA41b9Jc36WOe54B2SKYhZZTA=
-29,61,IrMQ1sn8ZYBni6JuQ5rvgn7ArQU=,DxIEW1LzclUt/TjkW9RuADWye8g=
-25,56,IrMQ1sn8ZYBni6JuQ5rvgn7ArQU=,DxIEW1LzclUt/TjkW9RuADWye8g=
-19,53,IrMQ1sn8ZYBni6JuQ5rvgn7ArQU=,wGBA41b9Jc36WOe54B2SKYhZZTA=
-22,50,IrMQ1sn8ZYBni6JuQ5rvgn7ArQU=,wGBA41b9Jc36WOe54B2SKYhZZTA=
-29,62,IrMQ1sn8ZYBni6JuQ5rvgn7ArQU=,DxIEW1LzclUt/TjkW9RuADWye8g=
-28,61,IrMQ1sn8ZYBni6JuQ5rvgn7ArQU=,DxIEW1LzclUt/TjkW9RuADWye8g=
-18,53,IrMQ1sn8ZYBni6JuQ5rvgn7ArQU=,wGBA41b9Jc36WOe54B2SKYhZZTA=
-24,50,IrMQ1sn8ZYBni6JuQ5rvgn7ArQU=,wGBA41b9Jc36WOe54B2SKYhZZTA=
-23,50,IrMQ1sn8ZYBni6JuQ5rvgn7ArQU=,wGBA41b9Jc36WOe54B2SKYhZZTA=
-24,54,IrMQ1sn8ZYBni6JuQ5rvgn7ArQU=,wGBA41b9Jc36WOe54B2SKYhZZTA=
-27,61,IrMQ1sn8ZYBni6JuQ5rvgn7ArQU=,DxIEW1LzclUt/TjkW9RuADWye8g=
-30,62,IrMQ1sn8ZYBni6JuQ5rvgn7ArQU=,DxIEW1LzclUt/TjkW9RuADWye8g=
-31,62,IrMQ1sn8ZYBni6JuQ5rvgn7ArQU=,DxIEW1LzclUt/TjkW9RuADWye8g=
-26,61,IrMQ1sn8ZYBni6JuQ5rvgn7ArQU=,DxIEW1LzclUt/TjkW9RuADWye8g=
-23,54,IrMQ1sn8ZYBni6JuQ5rvgn7ArQU=,wGBA41b9Jc36WOe54B2SKYhZZTA=
-25,57,IrMQ1sn8ZYBni6JuQ5rvgn7ArQU=,DxIEW1LzclUt/TjkW9RuADWye8g=
-22,54,IrMQ1sn8ZYBni6JuQ5rvgn7ArQU=,wGBA41b9Jc36WOe54B2SKYhZZTA=
-24,56,IrMQ1sn8ZYBni6JuQ5rvgn7ArQU=,kZmviiCWbSoc6Brj5LMnAiQnz94=
-25,50,IrMQ1sn8ZYBni6JuQ5rvgn7ArQU=,TiiTE9w0er9iuZo2vPzlgHvInEY=
-26,52,IrMQ1sn8ZYBni6JuQ5rvgn7ArQU=,TiiTE9w0er9iuZo2vPzlgHvInEY=
-21,54,IrMQ1sn8ZYBni6JuQ5rvgn7ArQU=,wGBA41b9Jc36WOe54B2SKYhZZTA=
-23,56,IrMQ1sn8ZYBni6JuQ5rvgn7ArQU=,kZmviiCWbSoc6Brj5LMnAiQnz94=
-27,52,IrMQ1sn8ZYBni6JuQ5rvgn7ArQU=,TiiTE9w0er9iuZo2vPzlgHvInEY=
-17,51,IrMQ1sn8ZYBni6JuQ5rvgn7ArQU=,wGBA41b9Jc36WOe54B2SKYhZZTA=
-18,49,IrMQ1sn8ZYBni6JuQ5rvgn7ArQU=,wGBA41b9Jc36WOe54B2SKYhZZTA=
-20,54,IrMQ1sn8ZYBni6JuQ5rvgn7ArQU=,wGBA41b9Jc36WOe54B2SKYhZZTA=
-22,56,IrMQ1sn8ZYBni6JuQ5rvgn7ArQU=,kZmviiCWbSoc6Brj5LMnAiQnz94=
-21,61,IrMQ1sn8ZYBni6JuQ5rvgn7ArQU=,kZmviiCWbSoc6Brj5LMnAiQnz94=
-17,52,IrMQ1sn8ZYBni6JuQ5rvgn7ArQU=,wGBA41b9Jc36WOe54B2SKYhZZTA=
-19,49,IrMQ1sn8ZYBni6JuQ5rvgn7ArQU=,wGBA41b9Jc36WOe54B2SKYhZZTA=
-19,54,IrMQ1sn8ZYBni6JuQ5rvgn7ArQU=,wGBA41b9Jc36WOe54B2SKYhZZTA=
-21,56,IrMQ1sn8ZYBni6JuQ5rvgn7ArQU=,kZmviiCWbSoc6Brj5LMnAiQnz94=
-20,49,IrMQ1sn8ZYBni6JuQ5rvgn7ArQU=,wGBA41b9Jc36WOe54B2SKYhZZTA=
-17,53,IrMQ1sn8ZYBni6JuQ5rvgn7ArQU=,wGBA41b9Jc36WOe54B2SKYhZZTA=
-18,54,IrMQ1sn8ZYBni6JuQ5rvgn7ArQU=,wGBA41b9Jc36WOe54B2SKYhZZTA=
-21,49,IrMQ1sn8ZYBni6JuQ5rvgn7ArQU=,wGBA41b9Jc36WOe54B2SKYhZZTA=
-20,56,IrMQ1sn8ZYBni6JuQ5rvgn7ArQU=,kZmviiCWbSoc6Brj5LMnAiQnz94=
-17,50,IrMQ1sn8ZYBni6JuQ5rvgn7ArQU=,wGBA41b9Jc36WOe54B2SKYhZZTA=
-17,54,IrMQ1sn8ZYBni6JuQ5rvgn7ArQU=,wGBA41b9Jc36WOe54B2SKYhZZTA=
-25,51,IrMQ1sn8ZYBni6JuQ5rvgn7ArQU=,TiiTE9w0er9iuZo2vPzlgHvInEY=
-22,49,IrMQ1sn8ZYBni6JuQ5rvgn7ArQU=,wGBA41b9Jc36WOe54B2SKYhZZTA=
-19,56,IrMQ1sn8ZYBni6JuQ5rvgn7ArQU=,kZmviiCWbSoc6Brj5LMnAiQnz94=
-23,49,IrMQ1sn8ZYBni6JuQ5rvgn7ArQU=,wGBA41b9Jc36WOe54B2SKYhZZTA=
-17,49,IrMQ1sn8ZYBni6JuQ5rvgn7ArQU=,wGBA41b9Jc36WOe54B2SKYhZZTA=
-24,49,IrMQ1sn8ZYBni6JuQ5rvgn7ArQU=,wGBA41b9Jc36WOe54B2SKYhZZTA=
-18,56,IrMQ1sn8ZYBni6JuQ5rvgn7ArQU=,kZmviiCWbSoc6Brj5LMnAiQnz94=
-28,54,IrMQ1sn8ZYBni6JuQ5rvgn7ArQU=,TiiTE9w0er9iuZo2vPzlgHvInEY=
-24,57,IrMQ1sn8ZYBni6JuQ5rvgn7ArQU=,kZmviiCWbSoc6Brj5LMnAiQnz94=
-23,57,IrMQ1sn8ZYBni6JuQ5rvgn7ArQU=,kZmviiCWbSoc6Brj5LMnAiQnz94=
-22,57,IrMQ1sn8ZYBni6JuQ5rvgn7ArQU=,kZmviiCWbSoc6Brj5LMnAiQnz94=
-25,58,IrMQ1sn8ZYBni6JuQ5rvgn7ArQU=,DxIEW1LzclUt/TjkW9RuADWye8g=
-29,54,IrMQ1sn8ZYBni6JuQ5rvgn7ArQU=,TiiTE9w0er9iuZo2vPzlgHvInEY=
-31,50,IrMQ1sn8ZYBni6JuQ5rvgn7ArQU=,TiiTE9w0er9iuZo2vPzlgHvInEY=
-23,63,IrMQ1sn8ZYBni6JuQ5rvgn7ArQU=,kZmviiCWbSoc6Brj5LMnAiQnz94=
-17,56,IrMQ1sn8ZYBni6JuQ5rvgn7ArQU=,kZmviiCWbSoc6Brj5LMnAiQnz94=
-21,57,IrMQ1sn8ZYBni6JuQ5rvgn7ArQU=,kZmviiCWbSoc6Brj5LMnAiQnz94=
-30,54,IrMQ1sn8ZYBni6JuQ5rvgn7ArQU=,TiiTE9w0er9iuZo2vPzlgHvInEY=
-18,63,IrMQ1sn8ZYBni6JuQ5rvgn7ArQU=,kZmviiCWbSoc6Brj5LMnAiQnz94=
-22,63,IrMQ1sn8ZYBni6JuQ5rvgn7ArQU=,kZmviiCWbSoc6Brj5LMnAiQnz94=
-17,61,IrMQ1sn8ZYBni6JuQ5rvgn7ArQU=,kZmviiCWbSoc6Brj5LMnAiQnz94=
-20,57,IrMQ1sn8ZYBni6JuQ5rvgn7ArQU=,kZmviiCWbSoc6Brj5LMnAiQnz94=
-26,51,IrMQ1sn8ZYBni6JuQ5rvgn7ArQU=,TiiTE9w0er9iuZo2vPzlgHvInEY=
-26,50,IrMQ1sn8ZYBni6JuQ5rvgn7ArQU=,TiiTE9w0er9iuZo2vPzlgHvInEY=
-21,63,IrMQ1sn8ZYBni6JuQ5rvgn7ArQU=,kZmviiCWbSoc6Brj5LMnAiQnz94=
-17,57,IrMQ1sn8ZYBni6JuQ5rvgn7ArQU=,kZmviiCWbSoc6Brj5LMnAiQnz94=
-24,62,IrMQ1sn8ZYBni6JuQ5rvgn7ArQU=,kZmviiCWbSoc6Brj5LMnAiQnz94=
-22,61,IrMQ1sn8ZYBni6JuQ5rvgn7ArQU=,kZmviiCWbSoc6Brj5LMnAiQnz94=
-31,54,IrMQ1sn8ZYBni6JuQ5rvgn7ArQU=,TiiTE9w0er9iuZo2vPzlgHvInEY=
-17,62,IrMQ1sn8ZYBni6JuQ5rvgn7ArQU=,kZmviiCWbSoc6Brj5LMnAiQnz94=
-20,63,IrMQ1sn8ZYBni6JuQ5rvgn7ArQU=,kZmviiCWbSoc6Brj5LMnAiQnz94=
-17,58,IrMQ1sn8ZYBni6JuQ5rvgn7ArQU=,kZmviiCWbSoc6Brj5LMnAiQnz94=
-23,62,IrMQ1sn8ZYBni6JuQ5rvgn7ArQU=,kZmviiCWbSoc6Brj5LMnAiQnz94=
-19,63,IrMQ1sn8ZYBni6JuQ5rvgn7ArQU=,kZmviiCWbSoc6Brj5LMnAiQnz94=
-17,59,IrMQ1sn8ZYBni6JuQ5rvgn7ArQU=,kZmviiCWbSoc6Brj5LMnAiQnz94=
-22,62,IrMQ1sn8ZYBni6JuQ5rvgn7ArQU=,kZmviiCWbSoc6Brj5LMnAiQnz94=
-17,60,IrMQ1sn8ZYBni6JuQ5rvgn7ArQU=,kZmviiCWbSoc6Brj5LMnAiQnz94=
-21,62,IrMQ1sn8ZYBni6JuQ5rvgn7ArQU=,kZmviiCWbSoc6Brj5LMnAiQnz94=
-17,55,IrMQ1sn8ZYBni6JuQ5rvgn7ArQU=,wGBA41b9Jc36WOe54B2SKYhZZTA=
-19,57,IrMQ1sn8ZYBni6JuQ5rvgn7ArQU=,kZmviiCWbSoc6Brj5LMnAiQnz94=
-23,61,IrMQ1sn8ZYBni6JuQ5rvgn7ArQU=,kZmviiCWbSoc6Brj5LMnAiQnz94=
-28,63,IrMQ1sn8ZYBni6JuQ5rvgn7ArQU=,DxIEW1LzclUt/TjkW9RuADWye8g=
-18,57,IrMQ1sn8ZYBni6JuQ5rvgn7ArQU=,kZmviiCWbSoc6Brj5LMnAiQnz94=
-27,63,IrMQ1sn8ZYBni6JuQ5rvgn7ArQU=,DxIEW1LzclUt/TjkW9RuADWye8g=
-20,62,IrMQ1sn8ZYBni6JuQ5rvgn7ArQU=,kZmviiCWbSoc6Brj5LMnAiQnz94=
-26,63,IrMQ1sn8ZYBni6JuQ5rvgn7ArQU=,DxIEW1LzclUt/TjkW9RuADWye8g=
-24,61,IrMQ1sn8ZYBni6JuQ5rvgn7ArQU=,kZmviiCWbSoc6Brj5LMnAiQnz94=
-19,62,IrMQ1sn8ZYBni6JuQ5rvgn7ArQU=,kZmviiCWbSoc6Brj5LMnAiQnz94=
-25,63,IrMQ1sn8ZYBni6JuQ5rvgn7ArQU=,DxIEW1LzclUt/TjkW9RuADWye8g=
-18,55,IrMQ1sn8ZYBni6JuQ5rvgn7ArQU=,wGBA41b9Jc36WOe54B2SKYhZZTA=
-24,63,IrMQ1sn8ZYBni6JuQ5rvgn7ArQU=,kZmviiCWbSoc6Brj5LMnAiQnz94=
-18,62,IrMQ1sn8ZYBni6JuQ5rvgn7ArQU=,kZmviiCWbSoc6Brj5LMnAiQnz94=
-27,50,IrMQ1sn8ZYBni6JuQ5rvgn7ArQU=,TiiTE9w0er9iuZo2vPzlgHvInEY=
-25,59,IrMQ1sn8ZYBni6JuQ5rvgn7ArQU=,DxIEW1LzclUt/TjkW9RuADWye8g=
-31,63,IrMQ1sn8ZYBni6JuQ5rvgn7ArQU=,DxIEW1LzclUt/TjkW9RuADWye8g=
-30,63,IrMQ1sn8ZYBni6JuQ5rvgn7ArQU=,DxIEW1LzclUt/TjkW9RuADWye8g=
-32,57,IrMQ1sn8ZYBni6JuQ5rvgn7ArQU=,DxIEW1LzclUt/TjkW9RuADWye8g=
-24,58,IrMQ1sn8ZYBni6JuQ5rvgn7ArQU=,kZmviiCWbSoc6Brj5LMnAiQnz94=
-29,49,IrMQ1sn8ZYBni6JuQ5rvgn7ArQU=,TiiTE9w0er9iuZo2vPzlgHvInEY=
-32,58,IrMQ1sn8ZYBni6JuQ5rvgn7ArQU=,DxIEW1LzclUt/TjkW9RuADWye8g=
-23,58,IrMQ1sn8ZYBni6JuQ5rvgn7ArQU=,kZmviiCWbSoc6Brj5LMnAiQnz94=
-32,59,IrMQ1sn8ZYBni6JuQ5rvgn7ArQU=,DxIEW1LzclUt/TjkW9RuADWye8g=
-22,58,IrMQ1sn8ZYBni6JuQ5rvgn7ArQU=,kZmviiCWbSoc6Brj5LMnAiQnz94=
-29,63,IrMQ1sn8ZYBni6JuQ5rvgn7ArQU=,DxIEW1LzclUt/TjkW9RuADWye8g=
-21,58,IrMQ1sn8ZYBni6JuQ5rvgn7ArQU=,kZmviiCWbSoc6Brj5LMnAiQnz94=
-32,60,IrMQ1sn8ZYBni6JuQ5rvgn7ArQU=,DxIEW1LzclUt/TjkW9RuADWye8g=
-27,51,IrMQ1sn8ZYBni6JuQ5rvgn7ArQU=,TiiTE9w0er9iuZo2vPzlgHvInEY=
-20,58,IrMQ1sn8ZYBni6JuQ5rvgn7ArQU=,kZmviiCWbSoc6Brj5LMnAiQnz94=
-32,61,IrMQ1sn8ZYBni6JuQ5rvgn7ArQU=,DxIEW1LzclUt/TjkW9RuADWye8g=
-30,49,IrMQ1sn8ZYBni6JuQ5rvgn7ArQU=,TiiTE9w0er9iuZo2vPzlgHvInEY=
-31,49,IrMQ1sn8ZYBni6JuQ5rvgn7ArQU=,TiiTE9w0er9iuZo2vPzlgHvInEY=
-19,58,IrMQ1sn8ZYBni6JuQ5rvgn7ArQU=,kZmviiCWbSoc6Brj5LMnAiQnz94=
-32,56,IrMQ1sn8ZYBni6JuQ5rvgn7ArQU=,DxIEW1LzclUt/TjkW9RuADWye8g=
-32,62,IrMQ1sn8ZYBni6JuQ5rvgn7ArQU=,DxIEW1LzclUt/TjkW9RuADWye8g=
-27,53,IrMQ1sn8ZYBni6JuQ5rvgn7ArQU=,TiiTE9w0er9iuZo2vPzlgHvInEY=
-25,60,IrMQ1sn8ZYBni6JuQ5rvgn7ArQU=,DxIEW1LzclUt/TjkW9RuADWye8g=
-32,52,IrMQ1sn8ZYBni6JuQ5rvgn7ArQU=,TiiTE9w0er9iuZo2vPzlgHvInEY=
-32,51,IrMQ1sn8ZYBni6JuQ5rvgn7ArQU=,TiiTE9w0er9iuZo2vPzlgHvInEY=
-18,58,IrMQ1sn8ZYBni6JuQ5rvgn7ArQU=,kZmviiCWbSoc6Brj5LMnAiQnz94=
-32,53,IrMQ1sn8ZYBni6JuQ5rvgn7ArQU=,TiiTE9w0er9iuZo2vPzlgHvInEY=
-32,54,IrMQ1sn8ZYBni6JuQ5rvgn7ArQU=,TiiTE9w0er9iuZo2vPzlgHvInEY=
-24,55,IrMQ1sn8ZYBni6JuQ5rvgn7ArQU=,wGBA41b9Jc36WOe54B2SKYhZZTA=
-24,59,IrMQ1sn8ZYBni6JuQ5rvgn7ArQU=,kZmviiCWbSoc6Brj5LMnAiQnz94=
-32,50,IrMQ1sn8ZYBni6JuQ5rvgn7ArQU=,TiiTE9w0er9iuZo2vPzlgHvInEY=
-28,53,IrMQ1sn8ZYBni6JuQ5rvgn7ArQU=,TiiTE9w0er9iuZo2vPzlgHvInEY=
-32,55,IrMQ1sn8ZYBni6JuQ5rvgn7ArQU=,TiiTE9w0er9iuZo2vPzlgHvInEY=
-31,48,IrMQ1sn8ZYBni6JuQ5rvgn7ArQU=,TiiTE9w0er9iuZo2vPzlgHvInEY=
-32,49,IrMQ1sn8ZYBni6JuQ5rvgn7ArQU=,TiiTE9w0er9iuZo2vPzlgHvInEY=
-18,60,IrMQ1sn8ZYBni6JuQ5rvgn7ArQU=,kZmviiCWbSoc6Brj5LMnAiQnz94=
-23,59,IrMQ1sn8ZYBni6JuQ5rvgn7ArQU=,kZmviiCWbSoc6Brj5LMnAiQnz94=
-28,48,IrMQ1sn8ZYBni6JuQ5rvgn7ArQU=,TiiTE9w0er9iuZo2vPzlgHvInEY=
-27,48,IrMQ1sn8ZYBni6JuQ5rvgn7ArQU=,TiiTE9w0er9iuZo2vPzlgHvInEY=
-23,55,IrMQ1sn8ZYBni6JuQ5rvgn7ArQU=,wGBA41b9Jc36WOe54B2SKYhZZTA=
-26,48,IrMQ1sn8ZYBni6JuQ5rvgn7ArQU=,TiiTE9w0er9iuZo2vPzlgHvInEY=
-22,55,IrMQ1sn8ZYBni6JuQ5rvgn7ArQU=,wGBA41b9Jc36WOe54B2SKYhZZTA=
-19,60,IrMQ1sn8ZYBni6JuQ5rvgn7ArQU=,kZmviiCWbSoc6Brj5LMnAiQnz94=
-30,48,IrMQ1sn8ZYBni6JuQ5rvgn7ArQU=,TiiTE9w0er9iuZo2vPzlgHvInEY=
-25,48,IrMQ1sn8ZYBni6JuQ5rvgn7ArQU=,TiiTE9w0er9iuZo2vPzlgHvInEY=
-29,48,IrMQ1sn8ZYBni6JuQ5rvgn7ArQU=,TiiTE9w0er9iuZo2vPzlgHvInEY=
-22,59,IrMQ1sn8ZYBni6JuQ5rvgn7ArQU=,kZmviiCWbSoc6Brj5LMnAiQnz94=
-29,53,IrMQ1sn8ZYBni6JuQ5rvgn7ArQU=,TiiTE9w0er9iuZo2vPzlgHvInEY=
-24,48,IrMQ1sn8ZYBni6JuQ5rvgn7ArQU=,wGBA41b9Jc36WOe54B2SKYhZZTA=
-30,53,IrMQ1sn8ZYBni6JuQ5rvgn7ArQU=,TiiTE9w0er9iuZo2vPzlgHvInEY=
-21,55,IrMQ1sn8ZYBni6JuQ5rvgn7ArQU=,wGBA41b9Jc36WOe54B2SKYhZZTA=
-17,48,IrMQ1sn8ZYBni6JuQ5rvgn7ArQU=,wGBA41b9Jc36WOe54B2SKYhZZTA=
-23,48,IrMQ1sn8ZYBni6JuQ5rvgn7ArQU=,wGBA41b9Jc36WOe54B2SKYhZZTA=
-25,61,IrMQ1sn8ZYBni6JuQ5rvgn7ArQU=,DxIEW1LzclUt/TjkW9RuADWye8g=
-31,53,IrMQ1sn8ZYBni6JuQ5rvgn7ArQU=,TiiTE9w0er9iuZo2vPzlgHvInEY=
-18,48,IrMQ1sn8ZYBni6JuQ5rvgn7ArQU=,wGBA41b9Jc36WOe54B2SKYhZZTA=
-32,63,IrMQ1sn8ZYBni6JuQ5rvgn7ArQU=,DxIEW1LzclUt/TjkW9RuADWye8g=
-22,48,IrMQ1sn8ZYBni6JuQ5rvgn7ArQU=,wGBA41b9Jc36WOe54B2SKYhZZTA=
-28,52,IrMQ1sn8ZYBni6JuQ5rvgn7ArQU=,TiiTE9w0er9iuZo2vPzlgHvInEY=
-19,48,IrMQ1sn8ZYBni6JuQ5rvgn7ArQU=,wGBA41b9Jc36WOe54B2SKYhZZTA=
-21,59,IrMQ1sn8ZYBni6JuQ5rvgn7ArQU=,kZmviiCWbSoc6Brj5LMnAiQnz94=
-21,48,IrMQ1sn8ZYBni6JuQ5rvgn7ArQU=,wGBA41b9Jc36WOe54B2SKYhZZTA=
-28,51,IrMQ1sn8ZYBni6JuQ5rvgn7ArQU=,TiiTE9w0er9iuZo2vPzlgHvInEY=
-20,60,IrMQ1sn8ZYBni6JuQ5rvgn7ArQU=,kZmviiCWbSoc6Brj5LMnAiQnz94=
-17,63,IrMQ1sn8ZYBni6JuQ5rvgn7ArQU=,kZmviiCWbSoc6Brj5LMnAiQnz94=
-20,55,IrMQ1sn8ZYBni6JuQ5rvgn7ArQU=,wGBA41b9Jc36WOe54B2SKYhZZTA=
-20,48,IrMQ1sn8ZYBni6JuQ5rvgn7ArQU=,wGBA41b9Jc36WOe54B2SKYhZZTA=
-21,60,IrMQ1sn8ZYBni6JuQ5rvgn7ArQU=,kZmviiCWbSoc6Brj5LMnAiQnz94=
-26,54,IrMQ1sn8ZYBni6JuQ5rvgn7ArQU=,TiiTE9w0er9iuZo2vPzlgHvInEY=
-20,59,IrMQ1sn8ZYBni6JuQ5rvgn7ArQU=,kZmviiCWbSoc6Brj5LMnAiQnz94=
-32,48,IrMQ1sn8ZYBni6JuQ5rvgn7ArQU=,TiiTE9w0er9iuZo2vPzlgHvInEY=
-29,52,IrMQ1sn8ZYBni6JuQ5rvgn7ArQU=,TiiTE9w0er9iuZo2vPzlgHvInEY=
-30,52,IrMQ1sn8ZYBni6JuQ5rvgn7ArQU=,TiiTE9w0er9iuZo2vPzlgHvInEY=
-31,52,IrMQ1sn8ZYBni6JuQ5rvgn7ArQU=,TiiTE9w0er9iuZo2vPzlgHvInEY=
-25,62,IrMQ1sn8ZYBni6JuQ5rvgn7ArQU=,DxIEW1LzclUt/TjkW9RuADWye8g=
-26,53,IrMQ1sn8ZYBni6JuQ5rvgn7ArQU=,TiiTE9w0er9iuZo2vPzlgHvInEY=
-29,51,IrMQ1sn8ZYBni6JuQ5rvgn7ArQU=,TiiTE9w0er9iuZo2vPzlgHvInEY=
-26,49,IrMQ1sn8ZYBni6JuQ5rvgn7ArQU=,TiiTE9w0er9iuZo2vPzlgHvInEY=
-19,59,IrMQ1sn8ZYBni6JuQ5rvgn7ArQU=,kZmviiCWbSoc6Brj5LMnAiQnz94=
-22,60,IrMQ1sn8ZYBni6JuQ5rvgn7ArQU=,kZmviiCWbSoc6Brj5LMnAiQnz94=
-19,55,IrMQ1sn8ZYBni6JuQ5rvgn7ArQU=,wGBA41b9Jc36WOe54B2SKYhZZTA=
-30,51,IrMQ1sn8ZYBni6JuQ5rvgn7ArQU=,TiiTE9w0er9iuZo2vPzlgHvInEY=
-28,50,IrMQ1sn8ZYBni6JuQ5rvgn7ArQU=,TiiTE9w0er9iuZo2vPzlgHvInEY=
-18,59,IrMQ1sn8ZYBni6JuQ5rvgn7ArQU=,kZmviiCWbSoc6Brj5LMnAiQnz94=
-29,50,IrMQ1sn8ZYBni6JuQ5rvgn7ArQU=,TiiTE9w0er9iuZo2vPzlgHvInEY=
-30,50,IrMQ1sn8ZYBni6JuQ5rvgn7ArQU=,TiiTE9w0er9iuZo2vPzlgHvInEY=
-23,60,IrMQ1sn8ZYBni6JuQ5rvgn7ArQU=,kZmviiCWbSoc6Brj5LMnAiQnz94=
-24,60,IrMQ1sn8ZYBni6JuQ5rvgn7ArQU=,kZmviiCWbSoc6Brj5LMnAiQnz94=
-27,49,IrMQ1sn8ZYBni6JuQ5rvgn7ArQU=,TiiTE9w0er9iuZo2vPzlgHvInEY=
-2,60,PSUgx57o//M4joVCQQf8b+ZiWqs=,6VXp0Xv+2AFq4e8GiX0cQOiOKt8=
-7,61,PSUgx57o//M4joVCQQf8b+ZiWqs=,6VXp0Xv+2AFq4e8GiX0cQOiOKt8=
-12,59,LsdESpoZApVwwLJW9jEWfL0VoEw=,iviUQb50T0aCt528TuF4o67H5iU=
-11,59,LsdESpoZApVwwLJW9jEWfL0VoEw=,iviUQb50T0aCt528TuF4o67H5iU=
-8,61,LsdESpoZApVwwLJW9jEWfL0VoEw=,6VXp0Xv+2AFq4e8GiX0cQOiOKt8=
-12,53,LsdESpoZApVwwLJW9jEWfL0VoEw=,f1fKuNl3O9yS2kLel/i0GH+AkhI=
-10,59,LsdESpoZApVwwLJW9jEWfL0VoEw=,iviUQb50T0aCt528TuF4o67H5iU=
-10,52,LsdESpoZApVwwLJW9jEWfL0VoEw=,f1fKuNl3O9yS2kLel/i0GH+AkhI=
-9,59,LsdESpoZApVwwLJW9jEWfL0VoEw=,iviUQb50T0aCt528TuF4o67H5iU=
-15,52,LsdESpoZApVwwLJW9jEWfL0VoEw=,f1fKuNl3O9yS2kLel/i0GH+AkhI=
-15,60,LsdESpoZApVwwLJW9jEWfL0VoEw=,iviUQb50T0aCt528TuF4o67H5iU=
-13,59,LsdESpoZApVwwLJW9jEWfL0VoEw=,iviUQb50T0aCt528TuF4o67H5iU=
-13,53,LsdESpoZApVwwLJW9jEWfL0VoEw=,f1fKuNl3O9yS2kLel/i0GH+AkhI=
-14,52,LsdESpoZApVwwLJW9jEWfL0VoEw=,f1fKuNl3O9yS2kLel/i0GH+AkhI=
-2,50,LsdESpoZApVwwLJW9jEWfL0VoEw=,CbIbF7dF7P4LCuj7nocGpb/L5iA=
-14,59,LsdESpoZApVwwLJW9jEWfL0VoEw=,iviUQb50T0aCt528TuF4o67H5iU=
-14,60,LsdESpoZApVwwLJW9jEWfL0VoEw=,iviUQb50T0aCt528TuF4o67H5iU=
-3,60,LsdESpoZApVwwLJW9jEWfL0VoEw=,6VXp0Xv+2AFq4e8GiX0cQOiOKt8=
-11,53,LsdESpoZApVwwLJW9jEWfL0VoEw=,f1fKuNl3O9yS2kLel/i0GH+AkhI=
-8,51,LsdESpoZApVwwLJW9jEWfL0VoEw=,CbIbF7dF7P4LCuj7nocGpb/L5iA=
-13,60,LsdESpoZApVwwLJW9jEWfL0VoEw=,iviUQb50T0aCt528TuF4o67H5iU=
-4,60,LsdESpoZApVwwLJW9jEWfL0VoEw=,6VXp0Xv+2AFq4e8GiX0cQOiOKt8=
-10,53,LsdESpoZApVwwLJW9jEWfL0VoEw=,f1fKuNl3O9yS2kLel/i0GH+AkhI=
-12,60,LsdESpoZApVwwLJW9jEWfL0VoEw=,iviUQb50T0aCt528TuF4o67H5iU=
-5,60,LsdESpoZApVwwLJW9jEWfL0VoEw=,6VXp0Xv+2AFq4e8GiX0cQOiOKt8=
-15,49,LsdESpoZApVwwLJW9jEWfL0VoEw=,f1fKuNl3O9yS2kLel/i0GH+AkhI=
-7,51,LsdESpoZApVwwLJW9jEWfL0VoEw=,CbIbF7dF7P4LCuj7nocGpb/L5iA=
-11,60,LsdESpoZApVwwLJW9jEWfL0VoEw=,iviUQb50T0aCt528TuF4o67H5iU=
-6,60,LsdESpoZApVwwLJW9jEWfL0VoEw=,6VXp0Xv+2AFq4e8GiX0cQOiOKt8=
-6,51,LsdESpoZApVwwLJW9jEWfL0VoEw=,CbIbF7dF7P4LCuj7nocGpb/L5iA=
-11,52,LsdESpoZApVwwLJW9jEWfL0VoEw=,f1fKuNl3O9yS2kLel/i0GH+AkhI=
-8,62,LsdESpoZApVwwLJW9jEWfL0VoEw=,6VXp0Xv+2AFq4e8GiX0cQOiOKt8=
-5,51,LsdESpoZApVwwLJW9jEWfL0VoEw=,CbIbF7dF7P4LCuj7nocGpb/L5iA=
-7,60,LsdESpoZApVwwLJW9jEWfL0VoEw=,6VXp0Xv+2AFq4e8GiX0cQOiOKt8=
-15,54,LsdESpoZApVwwLJW9jEWfL0VoEw=,f1fKuNl3O9yS2kLel/i0GH+AkhI=
-15,59,LsdESpoZApVwwLJW9jEWfL0VoEw=,iviUQb50T0aCt528TuF4o67H5iU=
-14,54,LsdESpoZApVwwLJW9jEWfL0VoEw=,f1fKuNl3O9yS2kLel/i0GH+AkhI=
-10,60,LsdESpoZApVwwLJW9jEWfL0VoEw=,iviUQb50T0aCt528TuF4o67H5iU=
-2,59,LsdESpoZApVwwLJW9jEWfL0VoEw=,6VXp0Xv+2AFq4e8GiX0cQOiOKt8=
-3,59,LsdESpoZApVwwLJW9jEWfL0VoEw=,6VXp0Xv+2AFq4e8GiX0cQOiOKt8=
-15,50,LsdESpoZApVwwLJW9jEWfL0VoEw=,f1fKuNl3O9yS2kLel/i0GH+AkhI=
-4,51,LsdESpoZApVwwLJW9jEWfL0VoEw=,CbIbF7dF7P4LCuj7nocGpb/L5iA=
-9,60,LsdESpoZApVwwLJW9jEWfL0VoEw=,iviUQb50T0aCt528TuF4o67H5iU=
-3,51,LsdESpoZApVwwLJW9jEWfL0VoEw=,CbIbF7dF7P4LCuj7nocGpb/L5iA=
-4,59,LsdESpoZApVwwLJW9jEWfL0VoEw=,6VXp0Xv+2AFq4e8GiX0cQOiOKt8=
-15,51,LsdESpoZApVwwLJW9jEWfL0VoEw=,f1fKuNl3O9yS2kLel/i0GH+AkhI=
-8,60,LsdESpoZApVwwLJW9jEWfL0VoEw=,6VXp0Xv+2AFq4e8GiX0cQOiOKt8=
-15,61,LsdESpoZApVwwLJW9jEWfL0VoEw=,iviUQb50T0aCt528TuF4o67H5iU=
-2,51,LsdESpoZApVwwLJW9jEWfL0VoEw=,CbIbF7dF7P4LCuj7nocGpb/L5iA=
-5,59,LsdESpoZApVwwLJW9jEWfL0VoEw=,6VXp0Xv+2AFq4e8GiX0cQOiOKt8=
-9,58,LsdESpoZApVwwLJW9jEWfL0VoEw=,iviUQb50T0aCt528TuF4o67H5iU=
-14,61,LsdESpoZApVwwLJW9jEWfL0VoEw=,iviUQb50T0aCt528TuF4o67H5iU=
-13,54,LsdESpoZApVwwLJW9jEWfL0VoEw=,f1fKuNl3O9yS2kLel/i0GH+AkhI=
-8,52,LsdESpoZApVwwLJW9jEWfL0VoEw=,CbIbF7dF7P4LCuj7nocGpb/L5iA=
-9,62,LsdESpoZApVwwLJW9jEWfL0VoEw=,iviUQb50T0aCt528TuF4o67H5iU=
-6,59,LsdESpoZApVwwLJW9jEWfL0VoEw=,6VXp0Xv+2AFq4e8GiX0cQOiOKt8=
-12,54,LsdESpoZApVwwLJW9jEWfL0VoEw=,f1fKuNl3O9yS2kLel/i0GH+AkhI=
-13,61,LsdESpoZApVwwLJW9jEWfL0VoEw=,iviUQb50T0aCt528TuF4o67H5iU=
-7,52,LsdESpoZApVwwLJW9jEWfL0VoEw=,CbIbF7dF7P4LCuj7nocGpb/L5iA=
-2,55,LsdESpoZApVwwLJW9jEWfL0VoEw=,CbIbF7dF7P4LCuj7nocGpb/L5iA=
-7,59,LsdESpoZApVwwLJW9jEWfL0VoEw=,6VXp0Xv+2AFq4e8GiX0cQOiOKt8=
-11,54,LsdESpoZApVwwLJW9jEWfL0VoEw=,f1fKuNl3O9yS2kLel/i0GH+AkhI=
-8,57,LsdESpoZApVwwLJW9jEWfL0VoEw=,6VXp0Xv+2AFq4e8GiX0cQOiOKt8=
-6,52,LsdESpoZApVwwLJW9jEWfL0VoEw=,CbIbF7dF7P4LCuj7nocGpb/L5iA=
-14,53,LsdESpoZApVwwLJW9jEWfL0VoEw=,f1fKuNl3O9yS2kLel/i0GH+AkhI=
-10,54,LsdESpoZApVwwLJW9jEWfL0VoEw=,f1fKuNl3O9yS2kLel/i0GH+AkhI=
-10,62,LsdESpoZApVwwLJW9jEWfL0VoEw=,iviUQb50T0aCt528TuF4o67H5iU=
-12,61,LsdESpoZApVwwLJW9jEWfL0VoEw=,iviUQb50T0aCt528TuF4o67H5iU=
-5,52,LsdESpoZApVwwLJW9jEWfL0VoEw=,CbIbF7dF7P4LCuj7nocGpb/L5iA=
-14,49,LsdESpoZApVwwLJW9jEWfL0VoEw=,f1fKuNl3O9yS2kLel/i0GH+AkhI=
-10,51,LsdESpoZApVwwLJW9jEWfL0VoEw=,f1fKuNl3O9yS2kLel/i0GH+AkhI=
-2,58,LsdESpoZApVwwLJW9jEWfL0VoEw=,6VXp0Xv+2AFq4e8GiX0cQOiOKt8=
-11,61,LsdESpoZApVwwLJW9jEWfL0VoEw=,iviUQb50T0aCt528TuF4o67H5iU=
-4,52,LsdESpoZApVwwLJW9jEWfL0VoEw=,CbIbF7dF7P4LCuj7nocGpb/L5iA=
-14,50,LsdESpoZApVwwLJW9jEWfL0VoEw=,f1fKuNl3O9yS2kLel/i0GH+AkhI=
-10,50,LsdESpoZApVwwLJW9jEWfL0VoEw=,f1fKuNl3O9yS2kLel/i0GH+AkhI=
-11,62,LsdESpoZApVwwLJW9jEWfL0VoEw=,iviUQb50T0aCt528TuF4o67H5iU=
-10,61,LsdESpoZApVwwLJW9jEWfL0VoEw=,iviUQb50T0aCt528TuF4o67H5iU=
-9,52,LsdESpoZApVwwLJW9jEWfL0VoEw=,f1fKuNl3O9yS2kLel/i0GH+AkhI=
-14,51,LsdESpoZApVwwLJW9jEWfL0VoEw=,f1fKuNl3O9yS2kLel/i0GH+AkhI=
-3,58,LsdESpoZApVwwLJW9jEWfL0VoEw=,6VXp0Xv+2AFq4e8GiX0cQOiOKt8=
-2,62,LsdESpoZApVwwLJW9jEWfL0VoEw=,6VXp0Xv+2AFq4e8GiX0cQOiOKt8=
-8,58,LsdESpoZApVwwLJW9jEWfL0VoEw=,6VXp0Xv+2AFq4e8GiX0cQOiOKt8=
-9,53,LsdESpoZApVwwLJW9jEWfL0VoEw=,f1fKuNl3O9yS2kLel/i0GH+AkhI=
-15,55,LsdESpoZApVwwLJW9jEWfL0VoEw=,f1fKuNl3O9yS2kLel/i0GH+AkhI=
-10,58,LsdESpoZApVwwLJW9jEWfL0VoEw=,iviUQb50T0aCt528TuF4o67H5iU=
-11,58,LsdESpoZApVwwLJW9jEWfL0VoEw=,iviUQb50T0aCt528TuF4o67H5iU=
-9,61,LsdESpoZApVwwLJW9jEWfL0VoEw=,iviUQb50T0aCt528TuF4o67H5iU=
-8,56,LsdESpoZApVwwLJW9jEWfL0VoEw=,6VXp0Xv+2AFq4e8GiX0cQOiOKt8=
-14,55,LsdESpoZApVwwLJW9jEWfL0VoEw=,f1fKuNl3O9yS2kLel/i0GH+AkhI=
-12,58,LsdESpoZApVwwLJW9jEWfL0VoEw=,iviUQb50T0aCt528TuF4o67H5iU=
-12,52,LsdESpoZApVwwLJW9jEWfL0VoEw=,f1fKuNl3O9yS2kLel/i0GH+AkhI=
-15,57,LsdESpoZApVwwLJW9jEWfL0VoEw=,iviUQb50T0aCt528TuF4o67H5iU=
-13,55,LsdESpoZApVwwLJW9jEWfL0VoEw=,f1fKuNl3O9yS2kLel/i0GH+AkhI=
-3,52,LsdESpoZApVwwLJW9jEWfL0VoEw=,CbIbF7dF7P4LCuj7nocGpb/L5iA=
-3,50,LsdESpoZApVwwLJW9jEWfL0VoEw=,CbIbF7dF7P4LCuj7nocGpb/L5iA=
-14,57,LsdESpoZApVwwLJW9jEWfL0VoEw=,iviUQb50T0aCt528TuF4o67H5iU=
-2,52,LsdESpoZApVwwLJW9jEWfL0VoEw=,CbIbF7dF7P4LCuj7nocGpb/L5iA=
-12,55,LsdESpoZApVwwLJW9jEWfL0VoEw=,f1fKuNl3O9yS2kLel/i0GH+AkhI=
-15,53,LsdESpoZApVwwLJW9jEWfL0VoEw=,f1fKuNl3O9yS2kLel/i0GH+AkhI=
-13,58,LsdESpoZApVwwLJW9jEWfL0VoEw=,iviUQb50T0aCt528TuF4o67H5iU=
-7,56,LsdESpoZApVwwLJW9jEWfL0VoEw=,6VXp0Xv+2AFq4e8GiX0cQOiOKt8=
-15,62,LsdESpoZApVwwLJW9jEWfL0VoEw=,iviUQb50T0aCt528TuF4o67H5iU=
-14,58,LsdESpoZApVwwLJW9jEWfL0VoEw=,iviUQb50T0aCt528TuF4o67H5iU=
-13,49,LsdESpoZApVwwLJW9jEWfL0VoEw=,f1fKuNl3O9yS2kLel/i0GH+AkhI=
-6,56,LsdESpoZApVwwLJW9jEWfL0VoEw=,6VXp0Xv+2AFq4e8GiX0cQOiOKt8=
-8,59,LsdESpoZApVwwLJW9jEWfL0VoEw=,6VXp0Xv+2AFq4e8GiX0cQOiOKt8=
-11,51,LsdESpoZApVwwLJW9jEWfL0VoEw=,f1fKuNl3O9yS2kLel/i0GH+AkhI=
-11,50,LsdESpoZApVwwLJW9jEWfL0VoEw=,f1fKuNl3O9yS2kLel/i0GH+AkhI=
-11,55,LsdESpoZApVwwLJW9jEWfL0VoEw=,f1fKuNl3O9yS2kLel/i0GH+AkhI=
-15,58,LsdESpoZApVwwLJW9jEWfL0VoEw=,iviUQb50T0aCt528TuF4o67H5iU=
-5,56,LsdESpoZApVwwLJW9jEWfL0VoEw=,6VXp0Xv+2AFq4e8GiX0cQOiOKt8=
-13,57,LsdESpoZApVwwLJW9jEWfL0VoEw=,iviUQb50T0aCt528TuF4o67H5iU=
-9,57,LsdESpoZApVwwLJW9jEWfL0VoEw=,iviUQb50T0aCt528TuF4o67H5iU=
-10,55,LsdESpoZApVwwLJW9jEWfL0VoEw=,f1fKuNl3O9yS2kLel/i0GH+AkhI=
-10,56,LsdESpoZApVwwLJW9jEWfL0VoEw=,iviUQb50T0aCt528TuF4o67H5iU=
-9,54,LsdESpoZApVwwLJW9jEWfL0VoEw=,f1fKuNl3O9yS2kLel/i0GH+AkhI=
-14,62,LsdESpoZApVwwLJW9jEWfL0VoEw=,iviUQb50T0aCt528TuF4o67H5iU=
-13,50,LsdESpoZApVwwLJW9jEWfL0VoEw=,f1fKuNl3O9yS2kLel/i0GH+AkhI=
-4,50,LsdESpoZApVwwLJW9jEWfL0VoEw=,CbIbF7dF7P4LCuj7nocGpb/L5iA=
-4,56,LsdESpoZApVwwLJW9jEWfL0VoEw=,6VXp0Xv+2AFq4e8GiX0cQOiOKt8=
-13,62,LsdESpoZApVwwLJW9jEWfL0VoEw=,iviUQb50T0aCt528TuF4o67H5iU=
-12,62,LsdESpoZApVwwLJW9jEWfL0VoEw=,iviUQb50T0aCt528TuF4o67H5iU=
-12,49,LsdESpoZApVwwLJW9jEWfL0VoEw=,f1fKuNl3O9yS2kLel/i0GH+AkhI=
-10,57,LsdESpoZApVwwLJW9jEWfL0VoEw=,iviUQb50T0aCt528TuF4o67H5iU=
-11,56,LsdESpoZApVwwLJW9jEWfL0VoEw=,iviUQb50T0aCt528TuF4o67H5iU=
-3,56,LsdESpoZApVwwLJW9jEWfL0VoEw=,6VXp0Xv+2AFq4e8GiX0cQOiOKt8=
-12,57,LsdESpoZApVwwLJW9jEWfL0VoEw=,iviUQb50T0aCt528TuF4o67H5iU=
-13,51,LsdESpoZApVwwLJW9jEWfL0VoEw=,f1fKuNl3O9yS2kLel/i0GH+AkhI=
-11,57,LsdESpoZApVwwLJW9jEWfL0VoEw=,iviUQb50T0aCt528TuF4o67H5iU=
-2,56,LsdESpoZApVwwLJW9jEWfL0VoEw=,6VXp0Xv+2AFq4e8GiX0cQOiOKt8=
-3,55,LsdESpoZApVwwLJW9jEWfL0VoEw=,CbIbF7dF7P4LCuj7nocGpb/L5iA=
-11,49,LsdESpoZApVwwLJW9jEWfL0VoEw=,f1fKuNl3O9yS2kLel/i0GH+AkhI=
-8,53,LsdESpoZApVwwLJW9jEWfL0VoEw=,CbIbF7dF7P4LCuj7nocGpb/L5iA=
-12,51,LsdESpoZApVwwLJW9jEWfL0VoEw=,f1fKuNl3O9yS2kLel/i0GH+AkhI=
-15,56,LsdESpoZApVwwLJW9jEWfL0VoEw=,iviUQb50T0aCt528TuF4o67H5iU=
-7,53,LsdESpoZApVwwLJW9jEWfL0VoEw=,CbIbF7dF7P4LCuj7nocGpb/L5iA=
-12,50,LsdESpoZApVwwLJW9jEWfL0VoEw=,f1fKuNl3O9yS2kLel/i0GH+AkhI=
-6,53,LsdESpoZApVwwLJW9jEWfL0VoEw=,CbIbF7dF7P4LCuj7nocGpb/L5iA=
-14,56,LsdESpoZApVwwLJW9jEWfL0VoEw=,iviUQb50T0aCt528TuF4o67H5iU=
-5,50,LsdESpoZApVwwLJW9jEWfL0VoEw=,CbIbF7dF7P4LCuj7nocGpb/L5iA=
-1,50,LsdESpoZApVwwLJW9jEWfL0VoEw=,CbIbF7dF7P4LCuj7nocGpb/L5iA=
-10,49,LsdESpoZApVwwLJW9jEWfL0VoEw=,f1fKuNl3O9yS2kLel/i0GH+AkhI=
-5,53,LsdESpoZApVwwLJW9jEWfL0VoEw=,CbIbF7dF7P4LCuj7nocGpb/L5iA=
-6,50,LsdESpoZApVwwLJW9jEWfL0VoEw=,CbIbF7dF7P4LCuj7nocGpb/L5iA=
-1,51,LsdESpoZApVwwLJW9jEWfL0VoEw=,CbIbF7dF7P4LCuj7nocGpb/L5iA=
-12,56,LsdESpoZApVwwLJW9jEWfL0VoEw=,iviUQb50T0aCt528TuF4o67H5iU=
-13,56,LsdESpoZApVwwLJW9jEWfL0VoEw=,iviUQb50T0aCt528TuF4o67H5iU=
-4,53,LsdESpoZApVwwLJW9jEWfL0VoEw=,CbIbF7dF7P4LCuj7nocGpb/L5iA=
-4,58,LsdESpoZApVwwLJW9jEWfL0VoEw=,6VXp0Xv+2AFq4e8GiX0cQOiOKt8=
-5,58,LsdESpoZApVwwLJW9jEWfL0VoEw=,6VXp0Xv+2AFq4e8GiX0cQOiOKt8=
-1,52,LsdESpoZApVwwLJW9jEWfL0VoEw=,CbIbF7dF7P4LCuj7nocGpb/L5iA=
-13,52,LsdESpoZApVwwLJW9jEWfL0VoEw=,f1fKuNl3O9yS2kLel/i0GH+AkhI=
-3,53,LsdESpoZApVwwLJW9jEWfL0VoEw=,CbIbF7dF7P4LCuj7nocGpb/L5iA=
-3,62,LsdESpoZApVwwLJW9jEWfL0VoEw=,6VXp0Xv+2AFq4e8GiX0cQOiOKt8=
-1,53,LsdESpoZApVwwLJW9jEWfL0VoEw=,CbIbF7dF7P4LCuj7nocGpb/L5iA=
-9,55,LsdESpoZApVwwLJW9jEWfL0VoEw=,f1fKuNl3O9yS2kLel/i0GH+AkhI=
-1,54,LsdESpoZApVwwLJW9jEWfL0VoEw=,CbIbF7dF7P4LCuj7nocGpb/L5iA=
-9,49,LsdESpoZApVwwLJW9jEWfL0VoEw=,f1fKuNl3O9yS2kLel/i0GH+AkhI=
-4,55,LsdESpoZApVwwLJW9jEWfL0VoEw=,CbIbF7dF7P4LCuj7nocGpb/L5iA=
-1,49,LsdESpoZApVwwLJW9jEWfL0VoEw=,CbIbF7dF7P4LCuj7nocGpb/L5iA=
-9,56,LsdESpoZApVwwLJW9jEWfL0VoEw=,iviUQb50T0aCt528TuF4o67H5iU=
-7,50,LsdESpoZApVwwLJW9jEWfL0VoEw=,CbIbF7dF7P4LCuj7nocGpb/L5iA=
-1,60,LsdESpoZApVwwLJW9jEWfL0VoEw=,6VXp0Xv+2AFq4e8GiX0cQOiOKt8=
-2,53,LsdESpoZApVwwLJW9jEWfL0VoEw=,CbIbF7dF7P4LCuj7nocGpb/L5iA=
-1,61,LsdESpoZApVwwLJW9jEWfL0VoEw=,6VXp0Xv+2AFq4e8GiX0cQOiOKt8=
-6,58,LsdESpoZApVwwLJW9jEWfL0VoEw=,6VXp0Xv+2AFq4e8GiX0cQOiOKt8=
-8,50,LsdESpoZApVwwLJW9jEWfL0VoEw=,CbIbF7dF7P4LCuj7nocGpb/L5iA=
-8,54,LsdESpoZApVwwLJW9jEWfL0VoEw=,CbIbF7dF7P4LCuj7nocGpb/L5iA=
-1,56,LsdESpoZApVwwLJW9jEWfL0VoEw=,6VXp0Xv+2AFq4e8GiX0cQOiOKt8=
-7,58,LsdESpoZApVwwLJW9jEWfL0VoEw=,6VXp0Xv+2AFq4e8GiX0cQOiOKt8=
-7,54,LsdESpoZApVwwLJW9jEWfL0VoEw=,CbIbF7dF7P4LCuj7nocGpb/L5iA=
-1,57,LsdESpoZApVwwLJW9jEWfL0VoEw=,6VXp0Xv+2AFq4e8GiX0cQOiOKt8=
-4,62,LsdESpoZApVwwLJW9jEWfL0VoEw=,6VXp0Xv+2AFq4e8GiX0cQOiOKt8=
-5,55,LsdESpoZApVwwLJW9jEWfL0VoEw=,CbIbF7dF7P4LCuj7nocGpb/L5iA=
-6,54,LsdESpoZApVwwLJW9jEWfL0VoEw=,CbIbF7dF7P4LCuj7nocGpb/L5iA=
-7,63,LsdESpoZApVwwLJW9jEWfL0VoEw=,6VXp0Xv+2AFq4e8GiX0cQOiOKt8=
-1,58,LsdESpoZApVwwLJW9jEWfL0VoEw=,6VXp0Xv+2AFq4e8GiX0cQOiOKt8=
-6,55,LsdESpoZApVwwLJW9jEWfL0VoEw=,CbIbF7dF7P4LCuj7nocGpb/L5iA=
-5,54,LsdESpoZApVwwLJW9jEWfL0VoEw=,CbIbF7dF7P4LCuj7nocGpb/L5iA=
-7,55,LsdESpoZApVwwLJW9jEWfL0VoEw=,CbIbF7dF7P4LCuj7nocGpb/L5iA=
-6,63,LsdESpoZApVwwLJW9jEWfL0VoEw=,6VXp0Xv+2AFq4e8GiX0cQOiOKt8=
-1,62,LsdESpoZApVwwLJW9jEWfL0VoEw=,6VXp0Xv+2AFq4e8GiX0cQOiOKt8=
-4,54,LsdESpoZApVwwLJW9jEWfL0VoEw=,CbIbF7dF7P4LCuj7nocGpb/L5iA=
-1,59,LsdESpoZApVwwLJW9jEWfL0VoEw=,6VXp0Xv+2AFq4e8GiX0cQOiOKt8=
-8,55,LsdESpoZApVwwLJW9jEWfL0VoEw=,CbIbF7dF7P4LCuj7nocGpb/L5iA=
-5,63,LsdESpoZApVwwLJW9jEWfL0VoEw=,6VXp0Xv+2AFq4e8GiX0cQOiOKt8=
-2,49,LsdESpoZApVwwLJW9jEWfL0VoEw=,CbIbF7dF7P4LCuj7nocGpb/L5iA=
-9,50,LsdESpoZApVwwLJW9jEWfL0VoEw=,f1fKuNl3O9yS2kLel/i0GH+AkhI=
-1,55,LsdESpoZApVwwLJW9jEWfL0VoEw=,CbIbF7dF7P4LCuj7nocGpb/L5iA=
-4,63,LsdESpoZApVwwLJW9jEWfL0VoEw=,6VXp0Xv+2AFq4e8GiX0cQOiOKt8=
-3,49,LsdESpoZApVwwLJW9jEWfL0VoEw=,CbIbF7dF7P4LCuj7nocGpb/L5iA=
-9,51,LsdESpoZApVwwLJW9jEWfL0VoEw=,f1fKuNl3O9yS2kLel/i0GH+AkhI=
-3,63,LsdESpoZApVwwLJW9jEWfL0VoEw=,6VXp0Xv+2AFq4e8GiX0cQOiOKt8=
-8,49,LsdESpoZApVwwLJW9jEWfL0VoEw=,CbIbF7dF7P4LCuj7nocGpb/L5iA=
-2,63,LsdESpoZApVwwLJW9jEWfL0VoEw=,6VXp0Xv+2AFq4e8GiX0cQOiOKt8=
-7,49,LsdESpoZApVwwLJW9jEWfL0VoEw=,CbIbF7dF7P4LCuj7nocGpb/L5iA=
-6,49,LsdESpoZApVwwLJW9jEWfL0VoEw=,CbIbF7dF7P4LCuj7nocGpb/L5iA=
-3,54,LsdESpoZApVwwLJW9jEWfL0VoEw=,CbIbF7dF7P4LCuj7nocGpb/L5iA=
-15,63,LsdESpoZApVwwLJW9jEWfL0VoEw=,iviUQb50T0aCt528TuF4o67H5iU=
-8,63,LsdESpoZApVwwLJW9jEWfL0VoEw=,6VXp0Xv+2AFq4e8GiX0cQOiOKt8=
-5,49,LsdESpoZApVwwLJW9jEWfL0VoEw=,CbIbF7dF7P4LCuj7nocGpb/L5iA=
-2,54,LsdESpoZApVwwLJW9jEWfL0VoEw=,CbIbF7dF7P4LCuj7nocGpb/L5iA=
-14,63,LsdESpoZApVwwLJW9jEWfL0VoEw=,iviUQb50T0aCt528TuF4o67H5iU=
-4,49,LsdESpoZApVwwLJW9jEWfL0VoEw=,CbIbF7dF7P4LCuj7nocGpb/L5iA=
-5,62,LsdESpoZApVwwLJW9jEWfL0VoEw=,6VXp0Xv+2AFq4e8GiX0cQOiOKt8=
-2,57,LsdESpoZApVwwLJW9jEWfL0VoEw=,6VXp0Xv+2AFq4e8GiX0cQOiOKt8=
-16,60,LsdESpoZApVwwLJW9jEWfL0VoEw=,iviUQb50T0aCt528TuF4o67H5iU=
-13,63,LsdESpoZApVwwLJW9jEWfL0VoEw=,iviUQb50T0aCt528TuF4o67H5iU=
-16,59,LsdESpoZApVwwLJW9jEWfL0VoEw=,iviUQb50T0aCt528TuF4o67H5iU=
-16,61,LsdESpoZApVwwLJW9jEWfL0VoEw=,iviUQb50T0aCt528TuF4o67H5iU=
-12,63,LsdESpoZApVwwLJW9jEWfL0VoEw=,iviUQb50T0aCt528TuF4o67H5iU=
-16,62,LsdESpoZApVwwLJW9jEWfL0VoEw=,iviUQb50T0aCt528TuF4o67H5iU=
-11,63,LsdESpoZApVwwLJW9jEWfL0VoEw=,iviUQb50T0aCt528TuF4o67H5iU=
-16,57,LsdESpoZApVwwLJW9jEWfL0VoEw=,iviUQb50T0aCt528TuF4o67H5iU=
-16,58,LsdESpoZApVwwLJW9jEWfL0VoEw=,iviUQb50T0aCt528TuF4o67H5iU=
-10,63,LsdESpoZApVwwLJW9jEWfL0VoEw=,iviUQb50T0aCt528TuF4o67H5iU=
-9,63,LsdESpoZApVwwLJW9jEWfL0VoEw=,iviUQb50T0aCt528TuF4o67H5iU=
-16,50,LsdESpoZApVwwLJW9jEWfL0VoEw=,f1fKuNl3O9yS2kLel/i0GH+AkhI=
-16,52,LsdESpoZApVwwLJW9jEWfL0VoEw=,f1fKuNl3O9yS2kLel/i0GH+AkhI=
-16,51,LsdESpoZApVwwLJW9jEWfL0VoEw=,f1fKuNl3O9yS2kLel/i0GH+AkhI=
-16,49,LsdESpoZApVwwLJW9jEWfL0VoEw=,f1fKuNl3O9yS2kLel/i0GH+AkhI=
-3,57,LsdESpoZApVwwLJW9jEWfL0VoEw=,6VXp0Xv+2AFq4e8GiX0cQOiOKt8=
-4,57,LsdESpoZApVwwLJW9jEWfL0VoEw=,6VXp0Xv+2AFq4e8GiX0cQOiOKt8=
-12,48,LsdESpoZApVwwLJW9jEWfL0VoEw=,f1fKuNl3O9yS2kLel/i0GH+AkhI=
-9,48,LsdESpoZApVwwLJW9jEWfL0VoEw=,f1fKuNl3O9yS2kLel/i0GH+AkhI=
-5,57,LsdESpoZApVwwLJW9jEWfL0VoEw=,6VXp0Xv+2AFq4e8GiX0cQOiOKt8=
-16,54,LsdESpoZApVwwLJW9jEWfL0VoEw=,f1fKuNl3O9yS2kLel/i0GH+AkhI=
-16,56,LsdESpoZApVwwLJW9jEWfL0VoEw=,iviUQb50T0aCt528TuF4o67H5iU=
-8,48,LsdESpoZApVwwLJW9jEWfL0VoEw=,CbIbF7dF7P4LCuj7nocGpb/L5iA=
-11,48,LsdESpoZApVwwLJW9jEWfL0VoEw=,f1fKuNl3O9yS2kLel/i0GH+AkhI=
-16,53,LsdESpoZApVwwLJW9jEWfL0VoEw=,f1fKuNl3O9yS2kLel/i0GH+AkhI=
-16,55,LsdESpoZApVwwLJW9jEWfL0VoEw=,f1fKuNl3O9yS2kLel/i0GH+AkhI=
-10,48,LsdESpoZApVwwLJW9jEWfL0VoEw=,f1fKuNl3O9yS2kLel/i0GH+AkhI=
-7,48,LsdESpoZApVwwLJW9jEWfL0VoEw=,CbIbF7dF7P4LCuj7nocGpb/L5iA=
-13,48,LsdESpoZApVwwLJW9jEWfL0VoEw=,f1fKuNl3O9yS2kLel/i0GH+AkhI=
-1,48,LsdESpoZApVwwLJW9jEWfL0VoEw=,CbIbF7dF7P4LCuj7nocGpb/L5iA=
-15,48,LsdESpoZApVwwLJW9jEWfL0VoEw=,f1fKuNl3O9yS2kLel/i0GH+AkhI=
-6,48,LsdESpoZApVwwLJW9jEWfL0VoEw=,CbIbF7dF7P4LCuj7nocGpb/L5iA=
-3,48,LsdESpoZApVwwLJW9jEWfL0VoEw=,CbIbF7dF7P4LCuj7nocGpb/L5iA=
-2,48,LsdESpoZApVwwLJW9jEWfL0VoEw=,CbIbF7dF7P4LCuj7nocGpb/L5iA=
-14,48,LsdESpoZApVwwLJW9jEWfL0VoEw=,f1fKuNl3O9yS2kLel/i0GH+AkhI=
-5,48,LsdESpoZApVwwLJW9jEWfL0VoEw=,CbIbF7dF7P4LCuj7nocGpb/L5iA=
-16,63,LsdESpoZApVwwLJW9jEWfL0VoEw=,iviUQb50T0aCt528TuF4o67H5iU=
-4,48,LsdESpoZApVwwLJW9jEWfL0VoEw=,CbIbF7dF7P4LCuj7nocGpb/L5iA=
-6,62,LsdESpoZApVwwLJW9jEWfL0VoEw=,6VXp0Xv+2AFq4e8GiX0cQOiOKt8=
-6,57,LsdESpoZApVwwLJW9jEWfL0VoEw=,6VXp0Xv+2AFq4e8GiX0cQOiOKt8=
-16,48,LsdESpoZApVwwLJW9jEWfL0VoEw=,f1fKuNl3O9yS2kLel/i0GH+AkhI=
-7,57,LsdESpoZApVwwLJW9jEWfL0VoEw=,6VXp0Xv+2AFq4e8GiX0cQOiOKt8=
-7,62,LsdESpoZApVwwLJW9jEWfL0VoEw=,6VXp0Xv+2AFq4e8GiX0cQOiOKt8=
-2,61,LsdESpoZApVwwLJW9jEWfL0VoEw=,6VXp0Xv+2AFq4e8GiX0cQOiOKt8=
-3,61,LsdESpoZApVwwLJW9jEWfL0VoEw=,6VXp0Xv+2AFq4e8GiX0cQOiOKt8=
-1,63,LsdESpoZApVwwLJW9jEWfL0VoEw=,6VXp0Xv+2AFq4e8GiX0cQOiOKt8=
-4,61,LsdESpoZApVwwLJW9jEWfL0VoEw=,6VXp0Xv+2AFq4e8GiX0cQOiOKt8=
-5,61,LsdESpoZApVwwLJW9jEWfL0VoEw=,6VXp0Xv+2AFq4e8GiX0cQOiOKt8=
-6,61,LsdESpoZApVwwLJW9jEWfL0VoEw=,6VXp0Xv+2AFq4e8GiX0cQOiOKt8=
-15,41,LD3wSYF4ErR8Tsrk+qVYQX0e6vk=,sNV2davN46X0zWMR8iOkkp2tsnA=
-4,45,mWYyJRhv3AJE/J76GSLvfHNvdrA=,ltFsnr7MgnuejP/D2I12MSLf3kI=
-3,45,22TPZukIfq/jbtU15iSam51SI04=,ltFsnr7MgnuejP/D2I12MSLf3kI=
-2,45,N1ZSoFulV/AyPTBmJyPQV6WnX7I=,ltFsnr7MgnuejP/D2I12MSLf3kI=
-8,46,N1ZSoFulV/AyPTBmJyPQV6WnX7I=,ltFsnr7MgnuejP/D2I12MSLf3kI=
-8,41,N1ZSoFulV/AyPTBmJyPQV6WnX7I=,ltFsnr7MgnuejP/D2I12MSLf3kI=
-7,46,N1ZSoFulV/AyPTBmJyPQV6WnX7I=,ltFsnr7MgnuejP/D2I12MSLf3kI=
-6,46,N1ZSoFulV/AyPTBmJyPQV6WnX7I=,ltFsnr7MgnuejP/D2I12MSLf3kI=
-7,41,N1ZSoFulV/AyPTBmJyPQV6WnX7I=,ltFsnr7MgnuejP/D2I12MSLf3kI=
-6,41,N1ZSoFulV/AyPTBmJyPQV6WnX7I=,ltFsnr7MgnuejP/D2I12MSLf3kI=
-5,41,N1ZSoFulV/AyPTBmJyPQV6WnX7I=,ltFsnr7MgnuejP/D2I12MSLf3kI=
-4,41,N1ZSoFulV/AyPTBmJyPQV6WnX7I=,ltFsnr7MgnuejP/D2I12MSLf3kI=
-3,41,N1ZSoFulV/AyPTBmJyPQV6WnX7I=,ltFsnr7MgnuejP/D2I12MSLf3kI=
-5,46,N1ZSoFulV/AyPTBmJyPQV6WnX7I=,ltFsnr7MgnuejP/D2I12MSLf3kI=
-2,41,N1ZSoFulV/AyPTBmJyPQV6WnX7I=,ltFsnr7MgnuejP/D2I12MSLf3kI=
-3,46,N1ZSoFulV/AyPTBmJyPQV6WnX7I=,ltFsnr7MgnuejP/D2I12MSLf3kI=
-4,46,N1ZSoFulV/AyPTBmJyPQV6WnX7I=,ltFsnr7MgnuejP/D2I12MSLf3kI=
-2,46,N1ZSoFulV/AyPTBmJyPQV6WnX7I=,ltFsnr7MgnuejP/D2I12MSLf3kI=
-8,42,N1ZSoFulV/AyPTBmJyPQV6WnX7I=,ltFsnr7MgnuejP/D2I12MSLf3kI=
-7,42,N1ZSoFulV/AyPTBmJyPQV6WnX7I=,ltFsnr7MgnuejP/D2I12MSLf3kI=
-6,42,N1ZSoFulV/AyPTBmJyPQV6WnX7I=,ltFsnr7MgnuejP/D2I12MSLf3kI=
-5,42,N1ZSoFulV/AyPTBmJyPQV6WnX7I=,ltFsnr7MgnuejP/D2I12MSLf3kI=
-9,41,N1ZSoFulV/AyPTBmJyPQV6WnX7I=,sNV2davN46X0zWMR8iOkkp2tsnA=
-4,42,N1ZSoFulV/AyPTBmJyPQV6WnX7I=,ltFsnr7MgnuejP/D2I12MSLf3kI=
-3,42,N1ZSoFulV/AyPTBmJyPQV6WnX7I=,ltFsnr7MgnuejP/D2I12MSLf3kI=
-2,42,N1ZSoFulV/AyPTBmJyPQV6WnX7I=,ltFsnr7MgnuejP/D2I12MSLf3kI=
-8,43,N1ZSoFulV/AyPTBmJyPQV6WnX7I=,ltFsnr7MgnuejP/D2I12MSLf3kI=
-4,35,N1ZSoFulV/AyPTBmJyPQV6WnX7I=,32yhN1QBq29VFoROVltJYxwVCS8=
-3,35,N1ZSoFulV/AyPTBmJyPQV6WnX7I=,32yhN1QBq29VFoROVltJYxwVCS8=
-7,36,N1ZSoFulV/AyPTBmJyPQV6WnX7I=,32yhN1QBq29VFoROVltJYxwVCS8=
-6,36,N1ZSoFulV/AyPTBmJyPQV6WnX7I=,32yhN1QBq29VFoROVltJYxwVCS8=
-5,36,N1ZSoFulV/AyPTBmJyPQV6WnX7I=,32yhN1QBq29VFoROVltJYxwVCS8=
-2,35,N1ZSoFulV/AyPTBmJyPQV6WnX7I=,32yhN1QBq29VFoROVltJYxwVCS8=
-4,36,N1ZSoFulV/AyPTBmJyPQV6WnX7I=,32yhN1QBq29VFoROVltJYxwVCS8=
-3,36,N1ZSoFulV/AyPTBmJyPQV6WnX7I=,32yhN1QBq29VFoROVltJYxwVCS8=
-2,36,N1ZSoFulV/AyPTBmJyPQV6WnX7I=,32yhN1QBq29VFoROVltJYxwVCS8=
-7,40,N1ZSoFulV/AyPTBmJyPQV6WnX7I=,ltFsnr7MgnuejP/D2I12MSLf3kI=
-6,40,N1ZSoFulV/AyPTBmJyPQV6WnX7I=,ltFsnr7MgnuejP/D2I12MSLf3kI=
-9,42,N1ZSoFulV/AyPTBmJyPQV6WnX7I=,sNV2davN46X0zWMR8iOkkp2tsnA=
-5,40,N1ZSoFulV/AyPTBmJyPQV6WnX7I=,ltFsnr7MgnuejP/D2I12MSLf3kI=
-7,43,N1ZSoFulV/AyPTBmJyPQV6WnX7I=,ltFsnr7MgnuejP/D2I12MSLf3kI=
-6,43,N1ZSoFulV/AyPTBmJyPQV6WnX7I=,ltFsnr7MgnuejP/D2I12MSLf3kI=
-5,43,N1ZSoFulV/AyPTBmJyPQV6WnX7I=,ltFsnr7MgnuejP/D2I12MSLf3kI=
-3,43,N1ZSoFulV/AyPTBmJyPQV6WnX7I=,ltFsnr7MgnuejP/D2I12MSLf3kI=
-9,43,N1ZSoFulV/AyPTBmJyPQV6WnX7I=,sNV2davN46X0zWMR8iOkkp2tsnA=
-2,43,N1ZSoFulV/AyPTBmJyPQV6WnX7I=,ltFsnr7MgnuejP/D2I12MSLf3kI=
-4,43,N1ZSoFulV/AyPTBmJyPQV6WnX7I=,ltFsnr7MgnuejP/D2I12MSLf3kI=
-4,40,N1ZSoFulV/AyPTBmJyPQV6WnX7I=,ltFsnr7MgnuejP/D2I12MSLf3kI=
-8,44,N1ZSoFulV/AyPTBmJyPQV6WnX7I=,ltFsnr7MgnuejP/D2I12MSLf3kI=
-3,40,N1ZSoFulV/AyPTBmJyPQV6WnX7I=,ltFsnr7MgnuejP/D2I12MSLf3kI=
-9,44,N1ZSoFulV/AyPTBmJyPQV6WnX7I=,sNV2davN46X0zWMR8iOkkp2tsnA=
-2,40,N1ZSoFulV/AyPTBmJyPQV6WnX7I=,ltFsnr7MgnuejP/D2I12MSLf3kI=
-7,44,N1ZSoFulV/AyPTBmJyPQV6WnX7I=,ltFsnr7MgnuejP/D2I12MSLf3kI=
-7,37,N1ZSoFulV/AyPTBmJyPQV6WnX7I=,32yhN1QBq29VFoROVltJYxwVCS8=
-5,45,N1ZSoFulV/AyPTBmJyPQV6WnX7I=,ltFsnr7MgnuejP/D2I12MSLf3kI=
-6,44,N1ZSoFulV/AyPTBmJyPQV6WnX7I=,ltFsnr7MgnuejP/D2I12MSLf3kI=
-6,37,N1ZSoFulV/AyPTBmJyPQV6WnX7I=,32yhN1QBq29VFoROVltJYxwVCS8=
-5,44,N1ZSoFulV/AyPTBmJyPQV6WnX7I=,ltFsnr7MgnuejP/D2I12MSLf3kI=
-5,37,N1ZSoFulV/AyPTBmJyPQV6WnX7I=,32yhN1QBq29VFoROVltJYxwVCS8=
-4,44,N1ZSoFulV/AyPTBmJyPQV6WnX7I=,ltFsnr7MgnuejP/D2I12MSLf3kI=
-4,37,N1ZSoFulV/AyPTBmJyPQV6WnX7I=,32yhN1QBq29VFoROVltJYxwVCS8=
-9,45,N1ZSoFulV/AyPTBmJyPQV6WnX7I=,sNV2davN46X0zWMR8iOkkp2tsnA=
-3,37,N1ZSoFulV/AyPTBmJyPQV6WnX7I=,32yhN1QBq29VFoROVltJYxwVCS8=
-3,44,N1ZSoFulV/AyPTBmJyPQV6WnX7I=,ltFsnr7MgnuejP/D2I12MSLf3kI=
-7,33,N1ZSoFulV/AyPTBmJyPQV6WnX7I=,32yhN1QBq29VFoROVltJYxwVCS8=
-2,44,N1ZSoFulV/AyPTBmJyPQV6WnX7I=,ltFsnr7MgnuejP/D2I12MSLf3kI=
-2,37,N1ZSoFulV/AyPTBmJyPQV6WnX7I=,32yhN1QBq29VFoROVltJYxwVCS8=
-8,45,N1ZSoFulV/AyPTBmJyPQV6WnX7I=,ltFsnr7MgnuejP/D2I12MSLf3kI=
-6,33,N1ZSoFulV/AyPTBmJyPQV6WnX7I=,32yhN1QBq29VFoROVltJYxwVCS8=
-9,46,N1ZSoFulV/AyPTBmJyPQV6WnX7I=,sNV2davN46X0zWMR8iOkkp2tsnA=
-5,33,N1ZSoFulV/AyPTBmJyPQV6WnX7I=,32yhN1QBq29VFoROVltJYxwVCS8=
-7,45,N1ZSoFulV/AyPTBmJyPQV6WnX7I=,ltFsnr7MgnuejP/D2I12MSLf3kI=
-4,33,N1ZSoFulV/AyPTBmJyPQV6WnX7I=,32yhN1QBq29VFoROVltJYxwVCS8=
-6,45,N1ZSoFulV/AyPTBmJyPQV6WnX7I=,ltFsnr7MgnuejP/D2I12MSLf3kI=
-2,33,N1ZSoFulV/AyPTBmJyPQV6WnX7I=,32yhN1QBq29VFoROVltJYxwVCS8=
-7,38,N1ZSoFulV/AyPTBmJyPQV6WnX7I=,32yhN1QBq29VFoROVltJYxwVCS8=
-3,33,N1ZSoFulV/AyPTBmJyPQV6WnX7I=,32yhN1QBq29VFoROVltJYxwVCS8=
-6,38,N1ZSoFulV/AyPTBmJyPQV6WnX7I=,32yhN1QBq29VFoROVltJYxwVCS8=
-5,38,N1ZSoFulV/AyPTBmJyPQV6WnX7I=,32yhN1QBq29VFoROVltJYxwVCS8=
-4,38,N1ZSoFulV/AyPTBmJyPQV6WnX7I=,32yhN1QBq29VFoROVltJYxwVCS8=
-3,38,N1ZSoFulV/AyPTBmJyPQV6WnX7I=,32yhN1QBq29VFoROVltJYxwVCS8=
-2,38,N1ZSoFulV/AyPTBmJyPQV6WnX7I=,32yhN1QBq29VFoROVltJYxwVCS8=
-7,39,N1ZSoFulV/AyPTBmJyPQV6WnX7I=,32yhN1QBq29VFoROVltJYxwVCS8=
-14,34,N1ZSoFulV/AyPTBmJyPQV6WnX7I=,/jphqBYVIDlb7VU+EvXTqqzSnZo=
-6,39,N1ZSoFulV/AyPTBmJyPQV6WnX7I=,32yhN1QBq29VFoROVltJYxwVCS8=
-10,38,N1ZSoFulV/AyPTBmJyPQV6WnX7I=,/jphqBYVIDlb7VU+EvXTqqzSnZo=
-8,35,N1ZSoFulV/AyPTBmJyPQV6WnX7I=,32yhN1QBq29VFoROVltJYxwVCS8=
-7,34,N1ZSoFulV/AyPTBmJyPQV6WnX7I=,32yhN1QBq29VFoROVltJYxwVCS8=
-11,38,N1ZSoFulV/AyPTBmJyPQV6WnX7I=,/jphqBYVIDlb7VU+EvXTqqzSnZo=
-5,35,N1ZSoFulV/AyPTBmJyPQV6WnX7I=,32yhN1QBq29VFoROVltJYxwVCS8=
-6,34,N1ZSoFulV/AyPTBmJyPQV6WnX7I=,32yhN1QBq29VFoROVltJYxwVCS8=
-12,39,N1ZSoFulV/AyPTBmJyPQV6WnX7I=,/jphqBYVIDlb7VU+EvXTqqzSnZo=
-9,36,N1ZSoFulV/AyPTBmJyPQV6WnX7I=,/jphqBYVIDlb7VU+EvXTqqzSnZo=
-13,34,N1ZSoFulV/AyPTBmJyPQV6WnX7I=,/jphqBYVIDlb7VU+EvXTqqzSnZo=
-5,34,N1ZSoFulV/AyPTBmJyPQV6WnX7I=,32yhN1QBq29VFoROVltJYxwVCS8=
-13,39,N1ZSoFulV/AyPTBmJyPQV6WnX7I=,/jphqBYVIDlb7VU+EvXTqqzSnZo=
-1,35,N1ZSoFulV/AyPTBmJyPQV6WnX7I=,32yhN1QBq29VFoROVltJYxwVCS8=
-1,34,N1ZSoFulV/AyPTBmJyPQV6WnX7I=,32yhN1QBq29VFoROVltJYxwVCS8=
-10,37,N1ZSoFulV/AyPTBmJyPQV6WnX7I=,/jphqBYVIDlb7VU+EvXTqqzSnZo=
-5,39,N1ZSoFulV/AyPTBmJyPQV6WnX7I=,32yhN1QBq29VFoROVltJYxwVCS8=
-12,38,N1ZSoFulV/AyPTBmJyPQV6WnX7I=,/jphqBYVIDlb7VU+EvXTqqzSnZo=
-1,36,N1ZSoFulV/AyPTBmJyPQV6WnX7I=,32yhN1QBq29VFoROVltJYxwVCS8=
-10,46,N1ZSoFulV/AyPTBmJyPQV6WnX7I=,sNV2davN46X0zWMR8iOkkp2tsnA=
-11,39,N1ZSoFulV/AyPTBmJyPQV6WnX7I=,/jphqBYVIDlb7VU+EvXTqqzSnZo=
-4,34,N1ZSoFulV/AyPTBmJyPQV6WnX7I=,32yhN1QBq29VFoROVltJYxwVCS8=
-14,39,N1ZSoFulV/AyPTBmJyPQV6WnX7I=,/jphqBYVIDlb7VU+EvXTqqzSnZo=
-1,37,N1ZSoFulV/AyPTBmJyPQV6WnX7I=,32yhN1QBq29VFoROVltJYxwVCS8=
-1,38,N1ZSoFulV/AyPTBmJyPQV6WnX7I=,32yhN1QBq29VFoROVltJYxwVCS8=
-8,36,N1ZSoFulV/AyPTBmJyPQV6WnX7I=,32yhN1QBq29VFoROVltJYxwVCS8=
-4,39,N1ZSoFulV/AyPTBmJyPQV6WnX7I=,32yhN1QBq29VFoROVltJYxwVCS8=
-6,35,N1ZSoFulV/AyPTBmJyPQV6WnX7I=,32yhN1QBq29VFoROVltJYxwVCS8=
-1,33,N1ZSoFulV/AyPTBmJyPQV6WnX7I=,32yhN1QBq29VFoROVltJYxwVCS8=
-10,39,N1ZSoFulV/AyPTBmJyPQV6WnX7I=,/jphqBYVIDlb7VU+EvXTqqzSnZo=
-3,39,N1ZSoFulV/AyPTBmJyPQV6WnX7I=,32yhN1QBq29VFoROVltJYxwVCS8=
-10,36,N1ZSoFulV/AyPTBmJyPQV6WnX7I=,/jphqBYVIDlb7VU+EvXTqqzSnZo=
-11,36,N1ZSoFulV/AyPTBmJyPQV6WnX7I=,/jphqBYVIDlb7VU+EvXTqqzSnZo=
-9,39,N1ZSoFulV/AyPTBmJyPQV6WnX7I=,/jphqBYVIDlb7VU+EvXTqqzSnZo=
-3,34,N1ZSoFulV/AyPTBmJyPQV6WnX7I=,32yhN1QBq29VFoROVltJYxwVCS8=
-9,38,N1ZSoFulV/AyPTBmJyPQV6WnX7I=,/jphqBYVIDlb7VU+EvXTqqzSnZo=
-2,39,N1ZSoFulV/AyPTBmJyPQV6WnX7I=,32yhN1QBq29VFoROVltJYxwVCS8=
-12,33,N1ZSoFulV/AyPTBmJyPQV6WnX7I=,/jphqBYVIDlb7VU+EvXTqqzSnZo=
-2,34,N1ZSoFulV/AyPTBmJyPQV6WnX7I=,32yhN1QBq29VFoROVltJYxwVCS8=
-11,46,N1ZSoFulV/AyPTBmJyPQV6WnX7I=,sNV2davN46X0zWMR8iOkkp2tsnA=
-7,35,N1ZSoFulV/AyPTBmJyPQV6WnX7I=,32yhN1QBq29VFoROVltJYxwVCS8=
-14,35,N1ZSoFulV/AyPTBmJyPQV6WnX7I=,/jphqBYVIDlb7VU+EvXTqqzSnZo=
-12,32,N1ZSoFulV/AyPTBmJyPQV6WnX7I=,/jphqBYVIDlb7VU+EvXTqqzSnZo=
-8,40,N1ZSoFulV/AyPTBmJyPQV6WnX7I=,ltFsnr7MgnuejP/D2I12MSLf3kI=
-15,32,N1ZSoFulV/AyPTBmJyPQV6WnX7I=,/jphqBYVIDlb7VU+EvXTqqzSnZo=
-12,36,N1ZSoFulV/AyPTBmJyPQV6WnX7I=,/jphqBYVIDlb7VU+EvXTqqzSnZo=
-11,33,N1ZSoFulV/AyPTBmJyPQV6WnX7I=,/jphqBYVIDlb7VU+EvXTqqzSnZo=
-11,32,N1ZSoFulV/AyPTBmJyPQV6WnX7I=,/jphqBYVIDlb7VU+EvXTqqzSnZo=
-8,34,N1ZSoFulV/AyPTBmJyPQV6WnX7I=,32yhN1QBq29VFoROVltJYxwVCS8=
-12,34,N1ZSoFulV/AyPTBmJyPQV6WnX7I=,/jphqBYVIDlb7VU+EvXTqqzSnZo=
-10,32,N1ZSoFulV/AyPTBmJyPQV6WnX7I=,/jphqBYVIDlb7VU+EvXTqqzSnZo=
-10,33,N1ZSoFulV/AyPTBmJyPQV6WnX7I=,/jphqBYVIDlb7VU+EvXTqqzSnZo=
-13,32,N1ZSoFulV/AyPTBmJyPQV6WnX7I=,/jphqBYVIDlb7VU+EvXTqqzSnZo=
-8,39,N1ZSoFulV/AyPTBmJyPQV6WnX7I=,32yhN1QBq29VFoROVltJYxwVCS8=
-12,46,N1ZSoFulV/AyPTBmJyPQV6WnX7I=,sNV2davN46X0zWMR8iOkkp2tsnA=
-8,32,N1ZSoFulV/AyPTBmJyPQV6WnX7I=,32yhN1QBq29VFoROVltJYxwVCS8=
-11,34,N1ZSoFulV/AyPTBmJyPQV6WnX7I=,/jphqBYVIDlb7VU+EvXTqqzSnZo=
-14,32,N1ZSoFulV/AyPTBmJyPQV6WnX7I=,/jphqBYVIDlb7VU+EvXTqqzSnZo=
-13,46,N1ZSoFulV/AyPTBmJyPQV6WnX7I=,sNV2davN46X0zWMR8iOkkp2tsnA=
-7,32,N1ZSoFulV/AyPTBmJyPQV6WnX7I=,32yhN1QBq29VFoROVltJYxwVCS8=
-10,34,N1ZSoFulV/AyPTBmJyPQV6WnX7I=,/jphqBYVIDlb7VU+EvXTqqzSnZo=
-13,36,N1ZSoFulV/AyPTBmJyPQV6WnX7I=,/jphqBYVIDlb7VU+EvXTqqzSnZo=
-1,32,N1ZSoFulV/AyPTBmJyPQV6WnX7I=,32yhN1QBq29VFoROVltJYxwVCS8=
-6,32,N1ZSoFulV/AyPTBmJyPQV6WnX7I=,32yhN1QBq29VFoROVltJYxwVCS8=
-15,40,N1ZSoFulV/AyPTBmJyPQV6WnX7I=,sNV2davN46X0zWMR8iOkkp2tsnA=
-5,32,N1ZSoFulV/AyPTBmJyPQV6WnX7I=,32yhN1QBq29VFoROVltJYxwVCS8=
-9,33,N1ZSoFulV/AyPTBmJyPQV6WnX7I=,/jphqBYVIDlb7VU+EvXTqqzSnZo=
-4,32,N1ZSoFulV/AyPTBmJyPQV6WnX7I=,32yhN1QBq29VFoROVltJYxwVCS8=
-9,35,N1ZSoFulV/AyPTBmJyPQV6WnX7I=,/jphqBYVIDlb7VU+EvXTqqzSnZo=
-14,40,N1ZSoFulV/AyPTBmJyPQV6WnX7I=,sNV2davN46X0zWMR8iOkkp2tsnA=
-3,32,N1ZSoFulV/AyPTBmJyPQV6WnX7I=,32yhN1QBq29VFoROVltJYxwVCS8=
-14,36,N1ZSoFulV/AyPTBmJyPQV6WnX7I=,/jphqBYVIDlb7VU+EvXTqqzSnZo=
-15,36,N1ZSoFulV/AyPTBmJyPQV6WnX7I=,/jphqBYVIDlb7VU+EvXTqqzSnZo=
-1,45,N1ZSoFulV/AyPTBmJyPQV6WnX7I=,ltFsnr7MgnuejP/D2I12MSLf3kI=
-9,37,N1ZSoFulV/AyPTBmJyPQV6WnX7I=,/jphqBYVIDlb7VU+EvXTqqzSnZo=
-2,32,N1ZSoFulV/AyPTBmJyPQV6WnX7I=,32yhN1QBq29VFoROVltJYxwVCS8=
-13,33,N1ZSoFulV/AyPTBmJyPQV6WnX7I=,/jphqBYVIDlb7VU+EvXTqqzSnZo=
-14,33,N1ZSoFulV/AyPTBmJyPQV6WnX7I=,/jphqBYVIDlb7VU+EvXTqqzSnZo=
-1,40,N1ZSoFulV/AyPTBmJyPQV6WnX7I=,ltFsnr7MgnuejP/D2I12MSLf3kI=
-13,40,N1ZSoFulV/AyPTBmJyPQV6WnX7I=,sNV2davN46X0zWMR8iOkkp2tsnA=
-9,32,N1ZSoFulV/AyPTBmJyPQV6WnX7I=,/jphqBYVIDlb7VU+EvXTqqzSnZo=
-1,39,N1ZSoFulV/AyPTBmJyPQV6WnX7I=,32yhN1QBq29VFoROVltJYxwVCS8=
-12,40,N1ZSoFulV/AyPTBmJyPQV6WnX7I=,sNV2davN46X0zWMR8iOkkp2tsnA=
-1,41,N1ZSoFulV/AyPTBmJyPQV6WnX7I=,ltFsnr7MgnuejP/D2I12MSLf3kI=
-11,40,N1ZSoFulV/AyPTBmJyPQV6WnX7I=,sNV2davN46X0zWMR8iOkkp2tsnA=
-1,46,N1ZSoFulV/AyPTBmJyPQV6WnX7I=,ltFsnr7MgnuejP/D2I12MSLf3kI=
-10,40,N1ZSoFulV/AyPTBmJyPQV6WnX7I=,sNV2davN46X0zWMR8iOkkp2tsnA=
-15,33,N1ZSoFulV/AyPTBmJyPQV6WnX7I=,/jphqBYVIDlb7VU+EvXTqqzSnZo=
-1,44,N1ZSoFulV/AyPTBmJyPQV6WnX7I=,ltFsnr7MgnuejP/D2I12MSLf3kI=
-7,47,N1ZSoFulV/AyPTBmJyPQV6WnX7I=,ltFsnr7MgnuejP/D2I12MSLf3kI=
-1,42,N1ZSoFulV/AyPTBmJyPQV6WnX7I=,ltFsnr7MgnuejP/D2I12MSLf3kI=
-9,40,N1ZSoFulV/AyPTBmJyPQV6WnX7I=,sNV2davN46X0zWMR8iOkkp2tsnA=
-1,43,N1ZSoFulV/AyPTBmJyPQV6WnX7I=,ltFsnr7MgnuejP/D2I12MSLf3kI=
-11,37,N1ZSoFulV/AyPTBmJyPQV6WnX7I=,/jphqBYVIDlb7VU+EvXTqqzSnZo=
-6,47,N1ZSoFulV/AyPTBmJyPQV6WnX7I=,ltFsnr7MgnuejP/D2I12MSLf3kI=
-8,37,N1ZSoFulV/AyPTBmJyPQV6WnX7I=,32yhN1QBq29VFoROVltJYxwVCS8=
-5,47,N1ZSoFulV/AyPTBmJyPQV6WnX7I=,ltFsnr7MgnuejP/D2I12MSLf3kI=
-13,35,N1ZSoFulV/AyPTBmJyPQV6WnX7I=,/jphqBYVIDlb7VU+EvXTqqzSnZo=
-2,47,N1ZSoFulV/AyPTBmJyPQV6WnX7I=,ltFsnr7MgnuejP/D2I12MSLf3kI=
-4,47,N1ZSoFulV/AyPTBmJyPQV6WnX7I=,ltFsnr7MgnuejP/D2I12MSLf3kI=
-9,34,N1ZSoFulV/AyPTBmJyPQV6WnX7I=,/jphqBYVIDlb7VU+EvXTqqzSnZo=
-12,37,N1ZSoFulV/AyPTBmJyPQV6WnX7I=,/jphqBYVIDlb7VU+EvXTqqzSnZo=
-3,47,N1ZSoFulV/AyPTBmJyPQV6WnX7I=,ltFsnr7MgnuejP/D2I12MSLf3kI=
-12,47,N1ZSoFulV/AyPTBmJyPQV6WnX7I=,sNV2davN46X0zWMR8iOkkp2tsnA=
-15,35,N1ZSoFulV/AyPTBmJyPQV6WnX7I=,/jphqBYVIDlb7VU+EvXTqqzSnZo=
-11,47,N1ZSoFulV/AyPTBmJyPQV6WnX7I=,sNV2davN46X0zWMR8iOkkp2tsnA=
-15,38,N1ZSoFulV/AyPTBmJyPQV6WnX7I=,/jphqBYVIDlb7VU+EvXTqqzSnZo=
-10,47,N1ZSoFulV/AyPTBmJyPQV6WnX7I=,sNV2davN46X0zWMR8iOkkp2tsnA=
-15,34,N1ZSoFulV/AyPTBmJyPQV6WnX7I=,/jphqBYVIDlb7VU+EvXTqqzSnZo=
-13,47,N1ZSoFulV/AyPTBmJyPQV6WnX7I=,sNV2davN46X0zWMR8iOkkp2tsnA=
-9,47,N1ZSoFulV/AyPTBmJyPQV6WnX7I=,sNV2davN46X0zWMR8iOkkp2tsnA=
-12,35,N1ZSoFulV/AyPTBmJyPQV6WnX7I=,/jphqBYVIDlb7VU+EvXTqqzSnZo=
-13,37,N1ZSoFulV/AyPTBmJyPQV6WnX7I=,/jphqBYVIDlb7VU+EvXTqqzSnZo=
-16,41,N1ZSoFulV/AyPTBmJyPQV6WnX7I=,sNV2davN46X0zWMR8iOkkp2tsnA=
-8,38,N1ZSoFulV/AyPTBmJyPQV6WnX7I=,32yhN1QBq29VFoROVltJYxwVCS8=
-8,47,N1ZSoFulV/AyPTBmJyPQV6WnX7I=,ltFsnr7MgnuejP/D2I12MSLf3kI=
-11,35,N1ZSoFulV/AyPTBmJyPQV6WnX7I=,/jphqBYVIDlb7VU+EvXTqqzSnZo=
-14,47,N1ZSoFulV/AyPTBmJyPQV6WnX7I=,sNV2davN46X0zWMR8iOkkp2tsnA=
-16,42,N1ZSoFulV/AyPTBmJyPQV6WnX7I=,sNV2davN46X0zWMR8iOkkp2tsnA=
-14,37,N1ZSoFulV/AyPTBmJyPQV6WnX7I=,/jphqBYVIDlb7VU+EvXTqqzSnZo=
-15,47,N1ZSoFulV/AyPTBmJyPQV6WnX7I=,sNV2davN46X0zWMR8iOkkp2tsnA=
-8,33,N1ZSoFulV/AyPTBmJyPQV6WnX7I=,32yhN1QBq29VFoROVltJYxwVCS8=
-16,46,N1ZSoFulV/AyPTBmJyPQV6WnX7I=,sNV2davN46X0zWMR8iOkkp2tsnA=
-16,43,N1ZSoFulV/AyPTBmJyPQV6WnX7I=,sNV2davN46X0zWMR8iOkkp2tsnA=
-16,45,N1ZSoFulV/AyPTBmJyPQV6WnX7I=,sNV2davN46X0zWMR8iOkkp2tsnA=
-15,39,N1ZSoFulV/AyPTBmJyPQV6WnX7I=,/jphqBYVIDlb7VU+EvXTqqzSnZo=
-16,44,N1ZSoFulV/AyPTBmJyPQV6WnX7I=,sNV2davN46X0zWMR8iOkkp2tsnA=
-14,38,N1ZSoFulV/AyPTBmJyPQV6WnX7I=,/jphqBYVIDlb7VU+EvXTqqzSnZo=
-15,37,N1ZSoFulV/AyPTBmJyPQV6WnX7I=,/jphqBYVIDlb7VU+EvXTqqzSnZo=
-13,38,N1ZSoFulV/AyPTBmJyPQV6WnX7I=,/jphqBYVIDlb7VU+EvXTqqzSnZo=
-16,47,N1ZSoFulV/AyPTBmJyPQV6WnX7I=,sNV2davN46X0zWMR8iOkkp2tsnA=
-10,35,N1ZSoFulV/AyPTBmJyPQV6WnX7I=,/jphqBYVIDlb7VU+EvXTqqzSnZo=
-14,46,N1ZSoFulV/AyPTBmJyPQV6WnX7I=,sNV2davN46X0zWMR8iOkkp2tsnA=
-16,32,N1ZSoFulV/AyPTBmJyPQV6WnX7I=,/jphqBYVIDlb7VU+EvXTqqzSnZo=
-1,47,N1ZSoFulV/AyPTBmJyPQV6WnX7I=,ltFsnr7MgnuejP/D2I12MSLf3kI=
-16,37,N1ZSoFulV/AyPTBmJyPQV6WnX7I=,/jphqBYVIDlb7VU+EvXTqqzSnZo=
-16,33,N1ZSoFulV/AyPTBmJyPQV6WnX7I=,/jphqBYVIDlb7VU+EvXTqqzSnZo=
-16,36,N1ZSoFulV/AyPTBmJyPQV6WnX7I=,/jphqBYVIDlb7VU+EvXTqqzSnZo=
-16,40,N1ZSoFulV/AyPTBmJyPQV6WnX7I=,sNV2davN46X0zWMR8iOkkp2tsnA=
-16,35,N1ZSoFulV/AyPTBmJyPQV6WnX7I=,/jphqBYVIDlb7VU+EvXTqqzSnZo=
-16,38,N1ZSoFulV/AyPTBmJyPQV6WnX7I=,/jphqBYVIDlb7VU+EvXTqqzSnZo=
-15,46,N1ZSoFulV/AyPTBmJyPQV6WnX7I=,sNV2davN46X0zWMR8iOkkp2tsnA=
-16,34,N1ZSoFulV/AyPTBmJyPQV6WnX7I=,/jphqBYVIDlb7VU+EvXTqqzSnZo=
-16,39,N1ZSoFulV/AyPTBmJyPQV6WnX7I=,/jphqBYVIDlb7VU+EvXTqqzSnZo=
-10,45,N1ZSoFulV/AyPTBmJyPQV6WnX7I=,sNV2davN46X0zWMR8iOkkp2tsnA=
-11,45,N1ZSoFulV/AyPTBmJyPQV6WnX7I=,sNV2davN46X0zWMR8iOkkp2tsnA=
-12,45,N1ZSoFulV/AyPTBmJyPQV6WnX7I=,sNV2davN46X0zWMR8iOkkp2tsnA=
-13,45,N1ZSoFulV/AyPTBmJyPQV6WnX7I=,sNV2davN46X0zWMR8iOkkp2tsnA=
-14,45,N1ZSoFulV/AyPTBmJyPQV6WnX7I=,sNV2davN46X0zWMR8iOkkp2tsnA=
-15,45,N1ZSoFulV/AyPTBmJyPQV6WnX7I=,sNV2davN46X0zWMR8iOkkp2tsnA=
-10,44,N1ZSoFulV/AyPTBmJyPQV6WnX7I=,sNV2davN46X0zWMR8iOkkp2tsnA=
-11,44,N1ZSoFulV/AyPTBmJyPQV6WnX7I=,sNV2davN46X0zWMR8iOkkp2tsnA=
-12,44,N1ZSoFulV/AyPTBmJyPQV6WnX7I=,sNV2davN46X0zWMR8iOkkp2tsnA=
-13,44,N1ZSoFulV/AyPTBmJyPQV6WnX7I=,sNV2davN46X0zWMR8iOkkp2tsnA=
-14,44,N1ZSoFulV/AyPTBmJyPQV6WnX7I=,sNV2davN46X0zWMR8iOkkp2tsnA=
-15,44,N1ZSoFulV/AyPTBmJyPQV6WnX7I=,sNV2davN46X0zWMR8iOkkp2tsnA=
-11,43,N1ZSoFulV/AyPTBmJyPQV6WnX7I=,sNV2davN46X0zWMR8iOkkp2tsnA=
-12,43,N1ZSoFulV/AyPTBmJyPQV6WnX7I=,sNV2davN46X0zWMR8iOkkp2tsnA=
-13,43,N1ZSoFulV/AyPTBmJyPQV6WnX7I=,sNV2davN46X0zWMR8iOkkp2tsnA=
-10,43,N1ZSoFulV/AyPTBmJyPQV6WnX7I=,sNV2davN46X0zWMR8iOkkp2tsnA=
-14,43,N1ZSoFulV/AyPTBmJyPQV6WnX7I=,sNV2davN46X0zWMR8iOkkp2tsnA=
-15,43,N1ZSoFulV/AyPTBmJyPQV6WnX7I=,sNV2davN46X0zWMR8iOkkp2tsnA=
-10,42,N1ZSoFulV/AyPTBmJyPQV6WnX7I=,sNV2davN46X0zWMR8iOkkp2tsnA=
-11,42,N1ZSoFulV/AyPTBmJyPQV6WnX7I=,sNV2davN46X0zWMR8iOkkp2tsnA=
-12,42,N1ZSoFulV/AyPTBmJyPQV6WnX7I=,sNV2davN46X0zWMR8iOkkp2tsnA=
-13,42,N1ZSoFulV/AyPTBmJyPQV6WnX7I=,sNV2davN46X0zWMR8iOkkp2tsnA=
-14,42,N1ZSoFulV/AyPTBmJyPQV6WnX7I=,sNV2davN46X0zWMR8iOkkp2tsnA=
-15,42,N1ZSoFulV/AyPTBmJyPQV6WnX7I=,sNV2davN46X0zWMR8iOkkp2tsnA=
-10,41,N1ZSoFulV/AyPTBmJyPQV6WnX7I=,sNV2davN46X0zWMR8iOkkp2tsnA=
-11,41,N1ZSoFulV/AyPTBmJyPQV6WnX7I=,sNV2davN46X0zWMR8iOkkp2tsnA=
-13,41,N1ZSoFulV/AyPTBmJyPQV6WnX7I=,sNV2davN46X0zWMR8iOkkp2tsnA=
-12,41,N1ZSoFulV/AyPTBmJyPQV6WnX7I=,sNV2davN46X0zWMR8iOkkp2tsnA=
-14,41,N1ZSoFulV/AyPTBmJyPQV6WnX7I=,sNV2davN46X0zWMR8iOkkp2tsnA=
