84,-15,DSaUeVEHy68ceFxrjNJ6fWYa+W8=,XZAF8PPPdtXTq1CCosjI5yZ5HWc=
87,-12,BeQ4DXF/tZ11x4K2Uwd9tJj4WvQ=,XZAF8PPPdtXTq1CCosjI5yZ5HWc=
83,-16,BeQ4DXF/tZ11x4K2Uwd9tJj4WvQ=,XZAF8PPPdtXTq1CCosjI5yZ5HWc=
86,-12,BeQ4DXF/tZ11x4K2Uwd9tJj4WvQ=,XZAF8PPPdtXTq1CCosjI5yZ5HWc=
85,-11,BeQ4DXF/tZ11x4K2Uwd9tJj4WvQ=,XZAF8PPPdtXTq1CCosjI5yZ5HWc=
85,-12,BeQ4DXF/tZ11x4K2Uwd9tJj4WvQ=,XZAF8PPPdtXTq1CCosjI5yZ5HWc=
83,-15,BeQ4DXF/tZ11x4K2Uwd9tJj4WvQ=,XZAF8PPPdtXTq1CCosjI5yZ5HWc=
84,-12,BeQ4DXF/tZ11x4K2Uwd9tJj4WvQ=,XZAF8PPPdtXTq1CCosjI5yZ5HWc=
81,-14,BeQ4DXF/tZ11x4K2Uwd9tJj4WvQ=,XZAF8PPPdtXTq1CCosjI5yZ5HWc=
82,-16,BeQ4DXF/tZ11x4K2Uwd9tJj4WvQ=,XZAF8PPPdtXTq1CCosjI5yZ5HWc=
87,-13,BeQ4DXF/tZ11x4K2Uwd9tJj4WvQ=,XZAF8PPPdtXTq1CCosjI5yZ5HWc=
84,-11,BeQ4DXF/tZ11x4K2Uwd9tJj4WvQ=,XZAF8PPPdtXTq1CCosjI5yZ5HWc=
82,-15,BeQ4DXF/tZ11x4K2Uwd9tJj4WvQ=,XZAF8PPPdtXTq1CCosjI5yZ5HWc=
86,-13,BeQ4DXF/tZ11x4K2Uwd9tJj4WvQ=,XZAF8PPPdtXTq1CCosjI5yZ5HWc=
85,-13,BeQ4DXF/tZ11x4K2Uwd9tJj4WvQ=,XZAF8PPPdtXTq1CCosjI5yZ5HWc=
84,-13,BeQ4DXF/tZ11x4K2Uwd9tJj4WvQ=,XZAF8PPPdtXTq1CCosjI5yZ5HWc=
80,-14,BeQ4DXF/tZ11x4K2Uwd9tJj4WvQ=,XZAF8PPPdtXTq1CCosjI5yZ5HWc=
83,-13,BeQ4DXF/tZ11x4K2Uwd9tJj4WvQ=,XZAF8PPPdtXTq1CCosjI5yZ5HWc=
82,-13,BeQ4DXF/tZ11x4K2Uwd9tJj4WvQ=,XZAF8PPPdtXTq1CCosjI5yZ5HWc=
83,-12,BeQ4DXF/tZ11x4K2Uwd9tJj4WvQ=,XZAF8PPPdtXTq1CCosjI5yZ5HWc=
83,-11,BeQ4DXF/tZ11x4K2Uwd9tJj4WvQ=,XZAF8PPPdtXTq1CCosjI5yZ5HWc=
81,-13,BeQ4DXF/tZ11x4K2Uwd9tJj4WvQ=,XZAF8PPPdtXTq1CCosjI5yZ5HWc=
81,-15,BeQ4DXF/tZ11x4K2Uwd9tJj4WvQ=,XZAF8PPPdtXTq1CCosjI5yZ5HWc=
82,-11,BeQ4DXF/tZ11x4K2Uwd9tJj4WvQ=,XZAF8PPPdtXTq1CCosjI5yZ5HWc=
87,-14,BeQ4DXF/tZ11x4K2Uwd9tJj4WvQ=,XZAF8PPPdtXTq1CCosjI5yZ5HWc=
86,-14,BeQ4DXF/tZ11x4K2Uwd9tJj4WvQ=,XZAF8PPPdtXTq1CCosjI5yZ5HWc=
87,-15,BeQ4DXF/tZ11x4K2Uwd9tJj4WvQ=,XZAF8PPPdtXTq1CCosjI5yZ5HWc=
81,-16,BeQ4DXF/tZ11x4K2Uwd9tJj4WvQ=,XZAF8PPPdtXTq1CCosjI5yZ5HWc=
85,-14,BeQ4DXF/tZ11x4K2Uwd9tJj4WvQ=,XZAF8PPPdtXTq1CCosjI5yZ5HWc=
84,-10,BeQ4DXF/tZ11x4K2Uwd9tJj4WvQ=,XZAF8PPPdtXTq1CCosjI5yZ5HWc=
85,-10,BeQ4DXF/tZ11x4K2Uwd9tJj4WvQ=,XZAF8PPPdtXTq1CCosjI5yZ5HWc=
86,-15,BeQ4DXF/tZ11x4K2Uwd9tJj4WvQ=,XZAF8PPPdtXTq1CCosjI5yZ5HWc=
84,-14,BeQ4DXF/tZ11x4K2Uwd9tJj4WvQ=,XZAF8PPPdtXTq1CCosjI5yZ5HWc=
82,-12,BeQ4DXF/tZ11x4K2Uwd9tJj4WvQ=,XZAF8PPPdtXTq1CCosjI5yZ5HWc=
83,-10,BeQ4DXF/tZ11x4K2Uwd9tJj4WvQ=,XZAF8PPPdtXTq1CCosjI5yZ5HWc=
87,-16,BeQ4DXF/tZ11x4K2Uwd9tJj4WvQ=,XZAF8PPPdtXTq1CCosjI5yZ5HWc=
81,-12,BeQ4DXF/tZ11x4K2Uwd9tJj4WvQ=,XZAF8PPPdtXTq1CCosjI5yZ5HWc=
82,-10,BeQ4DXF/tZ11x4K2Uwd9tJj4WvQ=,XZAF8PPPdtXTq1CCosjI5yZ5HWc=
80,-13,BeQ4DXF/tZ11x4K2Uwd9tJj4WvQ=,XZAF8PPPdtXTq1CCosjI5yZ5HWc=
80,-15,BeQ4DXF/tZ11x4K2Uwd9tJj4WvQ=,XZAF8PPPdtXTq1CCosjI5yZ5HWc=
83,-14,BeQ4DXF/tZ11x4K2Uwd9tJj4WvQ=,XZAF8PPPdtXTq1CCosjI5yZ5HWc=
87,-11,BeQ4DXF/tZ11x4K2Uwd9tJj4WvQ=,XZAF8PPPdtXTq1CCosjI5yZ5HWc=
86,-16,BeQ4DXF/tZ11x4K2Uwd9tJj4WvQ=,XZAF8PPPdtXTq1CCosjI5yZ5HWc=
86,-11,BeQ4DXF/tZ11x4K2Uwd9tJj4WvQ=,XZAF8PPPdtXTq1CCosjI5yZ5HWc=
82,-14,BeQ4DXF/tZ11x4K2Uwd9tJj4WvQ=,XZAF8PPPdtXTq1CCosjI5yZ5HWc=
81,-10,BeQ4DXF/tZ11x4K2Uwd9tJj4WvQ=,XZAF8PPPdtXTq1CCosjI5yZ5HWc=
86,-10,BeQ4DXF/tZ11x4K2Uwd9tJj4WvQ=,XZAF8PPPdtXTq1CCosjI5yZ5HWc=
87,-10,BeQ4DXF/tZ11x4K2Uwd9tJj4WvQ=,XZAF8PPPdtXTq1CCosjI5yZ5HWc=
85,-16,BeQ4DXF/tZ11x4K2Uwd9tJj4WvQ=,XZAF8PPPdtXTq1CCosjI5yZ5HWc=
85,-15,BeQ4DXF/tZ11x4K2Uwd9tJj4WvQ=,XZAF8PPPdtXTq1CCosjI5yZ5HWc=
81,-11,BeQ4DXF/tZ11x4K2Uwd9tJj4WvQ=,XZAF8PPPdtXTq1CCosjI5yZ5HWc=
84,-16,BeQ4DXF/tZ11x4K2Uwd9tJj4WvQ=,XZAF8PPPdtXTq1CCosjI5yZ5HWc=
80,-16,BeQ4DXF/tZ11x4K2Uwd9tJj4WvQ=,XZAF8PPPdtXTq1CCosjI5yZ5HWc=
80,-12,BeQ4DXF/tZ11x4K2Uwd9tJj4WvQ=,XZAF8PPPdtXTq1CCosjI5yZ5HWc=
80,-11,BeQ4DXF/tZ11x4K2Uwd9tJj4WvQ=,XZAF8PPPdtXTq1CCosjI5yZ5HWc=
83,-9,BeQ4DXF/tZ11x4K2Uwd9tJj4WvQ=,XZAF8PPPdtXTq1CCosjI5yZ5HWc=
83,-1,BeQ4DXF/tZ11x4K2Uwd9tJj4WvQ=,o8J1gI+UYHrHXDNr+giG2Ndt6+8=
84,-9,BeQ4DXF/tZ11x4K2Uwd9tJj4WvQ=,XZAF8PPPdtXTq1CCosjI5yZ5HWc=
80,-10,BeQ4DXF/tZ11x4K2Uwd9tJj4WvQ=,XZAF8PPPdtXTq1CCosjI5yZ5HWc=
86,-9,BeQ4DXF/tZ11x4K2Uwd9tJj4WvQ=,XZAF8PPPdtXTq1CCosjI5yZ5HWc=
87,-9,BeQ4DXF/tZ11x4K2Uwd9tJj4WvQ=,XZAF8PPPdtXTq1CCosjI5yZ5HWc=
82,-9,BeQ4DXF/tZ11x4K2Uwd9tJj4WvQ=,XZAF8PPPdtXTq1CCosjI5yZ5HWc=
84,-1,BeQ4DXF/tZ11x4K2Uwd9tJj4WvQ=,o8J1gI+UYHrHXDNr+giG2Ndt6+8=
82,-1,BeQ4DXF/tZ11x4K2Uwd9tJj4WvQ=,o8J1gI+UYHrHXDNr+giG2Ndt6+8=
81,-9,BeQ4DXF/tZ11x4K2Uwd9tJj4WvQ=,XZAF8PPPdtXTq1CCosjI5yZ5HWc=
85,-9,BeQ4DXF/tZ11x4K2Uwd9tJj4WvQ=,XZAF8PPPdtXTq1CCosjI5yZ5HWc=
85,-1,BeQ4DXF/tZ11x4K2Uwd9tJj4WvQ=,o8J1gI+UYHrHXDNr+giG2Ndt6+8=
87,-2,BeQ4DXF/tZ11x4K2Uwd9tJj4WvQ=,o8J1gI+UYHrHXDNr+giG2Ndt6+8=
86,-2,BeQ4DXF/tZ11x4K2Uwd9tJj4WvQ=,o8J1gI+UYHrHXDNr+giG2Ndt6+8=
85,-2,BeQ4DXF/tZ11x4K2Uwd9tJj4WvQ=,o8J1gI+UYHrHXDNr+giG2Ndt6+8=
84,-2,BeQ4DXF/tZ11x4K2Uwd9tJj4WvQ=,o8J1gI+UYHrHXDNr+giG2Ndt6+8=
83,-2,BeQ4DXF/tZ11x4K2Uwd9tJj4WvQ=,o8J1gI+UYHrHXDNr+giG2Ndt6+8=
81,-1,BeQ4DXF/tZ11x4K2Uwd9tJj4WvQ=,o8J1gI+UYHrHXDNr+giG2Ndt6+8=
82,-2,BeQ4DXF/tZ11x4K2Uwd9tJj4WvQ=,o8J1gI+UYHrHXDNr+giG2Ndt6+8=
80,-8,BeQ4DXF/tZ11x4K2Uwd9tJj4WvQ=,o8J1gI+UYHrHXDNr+giG2Ndt6+8=
81,-8,BeQ4DXF/tZ11x4K2Uwd9tJj4WvQ=,o8J1gI+UYHrHXDNr+giG2Ndt6+8=
82,-8,BeQ4DXF/tZ11x4K2Uwd9tJj4WvQ=,o8J1gI+UYHrHXDNr+giG2Ndt6+8=
83,-8,BeQ4DXF/tZ11x4K2Uwd9tJj4WvQ=,o8J1gI+UYHrHXDNr+giG2Ndt6+8=
84,-8,BeQ4DXF/tZ11x4K2Uwd9tJj4WvQ=,o8J1gI+UYHrHXDNr+giG2Ndt6+8=
86,-1,BeQ4DXF/tZ11x4K2Uwd9tJj4WvQ=,o8J1gI+UYHrHXDNr+giG2Ndt6+8=
85,-8,BeQ4DXF/tZ11x4K2Uwd9tJj4WvQ=,o8J1gI+UYHrHXDNr+giG2Ndt6+8=
86,-8,BeQ4DXF/tZ11x4K2Uwd9tJj4WvQ=,o8J1gI+UYHrHXDNr+giG2Ndt6+8=
87,-8,BeQ4DXF/tZ11x4K2Uwd9tJj4WvQ=,o8J1gI+UYHrHXDNr+giG2Ndt6+8=
81,-2,BeQ4DXF/tZ11x4K2Uwd9tJj4WvQ=,o8J1gI+UYHrHXDNr+giG2Ndt6+8=
87,-3,BeQ4DXF/tZ11x4K2Uwd9tJj4WvQ=,o8J1gI+UYHrHXDNr+giG2Ndt6+8=
86,-3,BeQ4DXF/tZ11x4K2Uwd9tJj4WvQ=,o8J1gI+UYHrHXDNr+giG2Ndt6+8=
85,-3,BeQ4DXF/tZ11x4K2Uwd9tJj4WvQ=,o8J1gI+UYHrHXDNr+giG2Ndt6+8=
84,-3,BeQ4DXF/tZ11x4K2Uwd9tJj4WvQ=,o8J1gI+UYHrHXDNr+giG2Ndt6+8=
83,-3,BeQ4DXF/tZ11x4K2Uwd9tJj4WvQ=,o8J1gI+UYHrHXDNr+giG2Ndt6+8=
80,-7,BeQ4DXF/tZ11x4K2Uwd9tJj4WvQ=,o8J1gI+UYHrHXDNr+giG2Ndt6+8=
81,-7,BeQ4DXF/tZ11x4K2Uwd9tJj4WvQ=,o8J1gI+UYHrHXDNr+giG2Ndt6+8=
82,-7,BeQ4DXF/tZ11x4K2Uwd9tJj4WvQ=,o8J1gI+UYHrHXDNr+giG2Ndt6+8=
83,-7,BeQ4DXF/tZ11x4K2Uwd9tJj4WvQ=,o8J1gI+UYHrHXDNr+giG2Ndt6+8=
84,-7,BeQ4DXF/tZ11x4K2Uwd9tJj4WvQ=,o8J1gI+UYHrHXDNr+giG2Ndt6+8=
82,-3,BeQ4DXF/tZ11x4K2Uwd9tJj4WvQ=,o8J1gI+UYHrHXDNr+giG2Ndt6+8=
85,-7,BeQ4DXF/tZ11x4K2Uwd9tJj4WvQ=,o8J1gI+UYHrHXDNr+giG2Ndt6+8=
80,-9,BeQ4DXF/tZ11x4K2Uwd9tJj4WvQ=,XZAF8PPPdtXTq1CCosjI5yZ5HWc=
87,-1,BeQ4DXF/tZ11x4K2Uwd9tJj4WvQ=,o8J1gI+UYHrHXDNr+giG2Ndt6+8=
86,-7,BeQ4DXF/tZ11x4K2Uwd9tJj4WvQ=,o8J1gI+UYHrHXDNr+giG2Ndt6+8=
87,-7,BeQ4DXF/tZ11x4K2Uwd9tJj4WvQ=,o8J1gI+UYHrHXDNr+giG2Ndt6+8=
80,-1,BeQ4DXF/tZ11x4K2Uwd9tJj4WvQ=,o8J1gI+UYHrHXDNr+giG2Ndt6+8=
80,-6,BeQ4DXF/tZ11x4K2Uwd9tJj4WvQ=,o8J1gI+UYHrHXDNr+giG2Ndt6+8=
87,-4,BeQ4DXF/tZ11x4K2Uwd9tJj4WvQ=,o8J1gI+UYHrHXDNr+giG2Ndt6+8=
81,-3,BeQ4DXF/tZ11x4K2Uwd9tJj4WvQ=,o8J1gI+UYHrHXDNr+giG2Ndt6+8=
80,-2,BeQ4DXF/tZ11x4K2Uwd9tJj4WvQ=,o8J1gI+UYHrHXDNr+giG2Ndt6+8=
84,-4,BeQ4DXF/tZ11x4K2Uwd9tJj4WvQ=,o8J1gI+UYHrHXDNr+giG2Ndt6+8=
83,-4,BeQ4DXF/tZ11x4K2Uwd9tJj4WvQ=,o8J1gI+UYHrHXDNr+giG2Ndt6+8=
82,-4,BeQ4DXF/tZ11x4K2Uwd9tJj4WvQ=,o8J1gI+UYHrHXDNr+giG2Ndt6+8=
82,-6,BeQ4DXF/tZ11x4K2Uwd9tJj4WvQ=,o8J1gI+UYHrHXDNr+giG2Ndt6+8=
81,-6,BeQ4DXF/tZ11x4K2Uwd9tJj4WvQ=,o8J1gI+UYHrHXDNr+giG2Ndt6+8=
83,-6,BeQ4DXF/tZ11x4K2Uwd9tJj4WvQ=,o8J1gI+UYHrHXDNr+giG2Ndt6+8=
84,-6,BeQ4DXF/tZ11x4K2Uwd9tJj4WvQ=,o8J1gI+UYHrHXDNr+giG2Ndt6+8=
85,-6,BeQ4DXF/tZ11x4K2Uwd9tJj4WvQ=,o8J1gI+UYHrHXDNr+giG2Ndt6+8=
86,-6,BeQ4DXF/tZ11x4K2Uwd9tJj4WvQ=,o8J1gI+UYHrHXDNr+giG2Ndt6+8=
87,-6,BeQ4DXF/tZ11x4K2Uwd9tJj4WvQ=,o8J1gI+UYHrHXDNr+giG2Ndt6+8=
85,-4,BeQ4DXF/tZ11x4K2Uwd9tJj4WvQ=,o8J1gI+UYHrHXDNr+giG2Ndt6+8=
86,-4,BeQ4DXF/tZ11x4K2Uwd9tJj4WvQ=,o8J1gI+UYHrHXDNr+giG2Ndt6+8=
87,-5,BeQ4DXF/tZ11x4K2Uwd9tJj4WvQ=,o8J1gI+UYHrHXDNr+giG2Ndt6+8=
81,-4,BeQ4DXF/tZ11x4K2Uwd9tJj4WvQ=,o8J1gI+UYHrHXDNr+giG2Ndt6+8=
85,-5,BeQ4DXF/tZ11x4K2Uwd9tJj4WvQ=,o8J1gI+UYHrHXDNr+giG2Ndt6+8=
86,-5,BeQ4DXF/tZ11x4K2Uwd9tJj4WvQ=,o8J1gI+UYHrHXDNr+giG2Ndt6+8=
84,-5,BeQ4DXF/tZ11x4K2Uwd9tJj4WvQ=,o8J1gI+UYHrHXDNr+giG2Ndt6+8=
83,-5,BeQ4DXF/tZ11x4K2Uwd9tJj4WvQ=,o8J1gI+UYHrHXDNr+giG2Ndt6+8=
82,-5,BeQ4DXF/tZ11x4K2Uwd9tJj4WvQ=,o8J1gI+UYHrHXDNr+giG2Ndt6+8=
80,-5,BeQ4DXF/tZ11x4K2Uwd9tJj4WvQ=,o8J1gI+UYHrHXDNr+giG2Ndt6+8=
81,-5,BeQ4DXF/tZ11x4K2Uwd9tJj4WvQ=,o8J1gI+UYHrHXDNr+giG2Ndt6+8=
80,-4,BeQ4DXF/tZ11x4K2Uwd9tJj4WvQ=,o8J1gI+UYHrHXDNr+giG2Ndt6+8=
80,-3,BeQ4DXF/tZ11x4K2Uwd9tJj4WvQ=,o8J1gI+UYHrHXDNr+giG2Ndt6+8=
84,-17,U9IBEx/m/hXeW+ykkc37L3cGSdo=,ufkdQSDhE2s8uJhyg67/0DvKHow=
82,-17,U9IBEx/m/hXeW+ykkc37L3cGSdo=,ufkdQSDhE2s8uJhyg67/0DvKHow=
83,-17,U9IBEx/m/hXeW+ykkc37L3cGSdo=,ufkdQSDhE2s8uJhyg67/0DvKHow=
81,-17,U9IBEx/m/hXeW+ykkc37L3cGSdo=,ufkdQSDhE2s8uJhyg67/0DvKHow=
80,-17,U9IBEx/m/hXeW+ykkc37L3cGSdo=,ufkdQSDhE2s8uJhyg67/0DvKHow=
87,-18,U9IBEx/m/hXeW+ykkc37L3cGSdo=,ufkdQSDhE2s8uJhyg67/0DvKHow=
86,-18,U9IBEx/m/hXeW+ykkc37L3cGSdo=,ufkdQSDhE2s8uJhyg67/0DvKHow=
85,-18,U9IBEx/m/hXeW+ykkc37L3cGSdo=,ufkdQSDhE2s8uJhyg67/0DvKHow=
84,-18,U9IBEx/m/hXeW+ykkc37L3cGSdo=,ufkdQSDhE2s8uJhyg67/0DvKHow=
83,-18,U9IBEx/m/hXeW+ykkc37L3cGSdo=,ufkdQSDhE2s8uJhyg67/0DvKHow=
82,-18,U9IBEx/m/hXeW+ykkc37L3cGSdo=,ufkdQSDhE2s8uJhyg67/0DvKHow=
80,-18,U9IBEx/m/hXeW+ykkc37L3cGSdo=,ufkdQSDhE2s8uJhyg67/0DvKHow=
81,-18,U9IBEx/m/hXeW+ykkc37L3cGSdo=,ufkdQSDhE2s8uJhyg67/0DvKHow=
87,-19,U9IBEx/m/hXeW+ykkc37L3cGSdo=,ufkdQSDhE2s8uJhyg67/0DvKHow=
86,-19,U9IBEx/m/hXeW+ykkc37L3cGSdo=,ufkdQSDhE2s8uJhyg67/0DvKHow=
85,-19,U9IBEx/m/hXeW+ykkc37L3cGSdo=,ufkdQSDhE2s8uJhyg67/0DvKHow=
83,-19,U9IBEx/m/hXeW+ykkc37L3cGSdo=,ufkdQSDhE2s8uJhyg67/0DvKHow=
82,-19,U9IBEx/m/hXeW+ykkc37L3cGSdo=,ufkdQSDhE2s8uJhyg67/0DvKHow=
84,-19,U9IBEx/m/hXeW+ykkc37L3cGSdo=,ufkdQSDhE2s8uJhyg67/0DvKHow=
80,-19,U9IBEx/m/hXeW+ykkc37L3cGSdo=,ufkdQSDhE2s8uJhyg67/0DvKHow=
81,-19,U9IBEx/m/hXeW+ykkc37L3cGSdo=,ufkdQSDhE2s8uJhyg67/0DvKHow=
87,-20,U9IBEx/m/hXeW+ykkc37L3cGSdo=,ufkdQSDhE2s8uJhyg67/0DvKHow=
85,-20,U9IBEx/m/hXeW+ykkc37L3cGSdo=,ufkdQSDhE2s8uJhyg67/0DvKHow=
84,-20,U9IBEx/m/hXeW+ykkc37L3cGSdo=,ufkdQSDhE2s8uJhyg67/0DvKHow=
86,-20,U9IBEx/m/hXeW+ykkc37L3cGSdo=,ufkdQSDhE2s8uJhyg67/0DvKHow=
82,-20,U9IBEx/m/hXeW+ykkc37L3cGSdo=,ufkdQSDhE2s8uJhyg67/0DvKHow=
83,-20,U9IBEx/m/hXeW+ykkc37L3cGSdo=,ufkdQSDhE2s8uJhyg67/0DvKHow=
85,-21,U9IBEx/m/hXeW+ykkc37L3cGSdo=,ufkdQSDhE2s8uJhyg67/0DvKHow=
87,-21,U9IBEx/m/hXeW+ykkc37L3cGSdo=,ufkdQSDhE2s8uJhyg67/0DvKHow=
86,-21,U9IBEx/m/hXeW+ykkc37L3cGSdo=,ufkdQSDhE2s8uJhyg67/0DvKHow=
84,-21,U9IBEx/m/hXeW+ykkc37L3cGSdo=,ufkdQSDhE2s8uJhyg67/0DvKHow=
83,-21,U9IBEx/m/hXeW+ykkc37L3cGSdo=,ufkdQSDhE2s8uJhyg67/0DvKHow=
82,-21,U9IBEx/m/hXeW+ykkc37L3cGSdo=,ufkdQSDhE2s8uJhyg67/0DvKHow=
81,-20,U9IBEx/m/hXeW+ykkc37L3cGSdo=,ufkdQSDhE2s8uJhyg67/0DvKHow=
87,-22,U9IBEx/m/hXeW+ykkc37L3cGSdo=,ufkdQSDhE2s8uJhyg67/0DvKHow=
86,-22,U9IBEx/m/hXeW+ykkc37L3cGSdo=,ufkdQSDhE2s8uJhyg67/0DvKHow=
84,-22,U9IBEx/m/hXeW+ykkc37L3cGSdo=,ufkdQSDhE2s8uJhyg67/0DvKHow=
82,-22,U9IBEx/m/hXeW+ykkc37L3cGSdo=,ufkdQSDhE2s8uJhyg67/0DvKHow=
83,-22,U9IBEx/m/hXeW+ykkc37L3cGSdo=,ufkdQSDhE2s8uJhyg67/0DvKHow=
81,-21,U9IBEx/m/hXeW+ykkc37L3cGSdo=,ufkdQSDhE2s8uJhyg67/0DvKHow=
80,-20,U9IBEx/m/hXeW+ykkc37L3cGSdo=,ufkdQSDhE2s8uJhyg67/0DvKHow=
87,-23,U9IBEx/m/hXeW+ykkc37L3cGSdo=,ufkdQSDhE2s8uJhyg67/0DvKHow=
86,-23,U9IBEx/m/hXeW+ykkc37L3cGSdo=,ufkdQSDhE2s8uJhyg67/0DvKHow=
85,-23,U9IBEx/m/hXeW+ykkc37L3cGSdo=,ufkdQSDhE2s8uJhyg67/0DvKHow=
84,-23,U9IBEx/m/hXeW+ykkc37L3cGSdo=,ufkdQSDhE2s8uJhyg67/0DvKHow=
83,-23,U9IBEx/m/hXeW+ykkc37L3cGSdo=,ufkdQSDhE2s8uJhyg67/0DvKHow=
82,-23,U9IBEx/m/hXeW+ykkc37L3cGSdo=,ufkdQSDhE2s8uJhyg67/0DvKHow=
81,-22,U9IBEx/m/hXeW+ykkc37L3cGSdo=,ufkdQSDhE2s8uJhyg67/0DvKHow=
87,-17,U9IBEx/m/hXeW+ykkc37L3cGSdo=,ufkdQSDhE2s8uJhyg67/0DvKHow=
86,-17,U9IBEx/m/hXeW+ykkc37L3cGSdo=,ufkdQSDhE2s8uJhyg67/0DvKHow=
85,-22,U9IBEx/m/hXeW+ykkc37L3cGSdo=,ufkdQSDhE2s8uJhyg67/0DvKHow=
85,-17,U9IBEx/m/hXeW+ykkc37L3cGSdo=,ufkdQSDhE2s8uJhyg67/0DvKHow=
81,-23,U9IBEx/m/hXeW+ykkc37L3cGSdo=,ufkdQSDhE2s8uJhyg67/0DvKHow=
80,-22,U9IBEx/m/hXeW+ykkc37L3cGSdo=,ufkdQSDhE2s8uJhyg67/0DvKHow=
80,-21,U9IBEx/m/hXeW+ykkc37L3cGSdo=,ufkdQSDhE2s8uJhyg67/0DvKHow=
82,-30,U9IBEx/m/hXeW+ykkc37L3cGSdo=,+Qv4gH0ubGpW3EuawbueXEVfRtA=
80,-23,U9IBEx/m/hXeW+ykkc37L3cGSdo=,ufkdQSDhE2s8uJhyg67/0DvKHow=
84,-31,U9IBEx/m/hXeW+ykkc37L3cGSdo=,+Qv4gH0ubGpW3EuawbueXEVfRtA=
83,-30,U9IBEx/m/hXeW+ykkc37L3cGSdo=,+Qv4gH0ubGpW3EuawbueXEVfRtA=
84,-30,U9IBEx/m/hXeW+ykkc37L3cGSdo=,+Qv4gH0ubGpW3EuawbueXEVfRtA=
85,-26,U9IBEx/m/hXeW+ykkc37L3cGSdo=,+Qv4gH0ubGpW3EuawbueXEVfRtA=
87,-29,U9IBEx/m/hXeW+ykkc37L3cGSdo=,+Qv4gH0ubGpW3EuawbueXEVfRtA=
83,-25,U9IBEx/m/hXeW+ykkc37L3cGSdo=,+Qv4gH0ubGpW3EuawbueXEVfRtA=
84,-26,U9IBEx/m/hXeW+ykkc37L3cGSdo=,+Qv4gH0ubGpW3EuawbueXEVfRtA=
86,-28,U9IBEx/m/hXeW+ykkc37L3cGSdo=,+Qv4gH0ubGpW3EuawbueXEVfRtA=
82,-25,U9IBEx/m/hXeW+ykkc37L3cGSdo=,+Qv4gH0ubGpW3EuawbueXEVfRtA=
87,-28,U9IBEx/m/hXeW+ykkc37L3cGSdo=,+Qv4gH0ubGpW3EuawbueXEVfRtA=
83,-26,U9IBEx/m/hXeW+ykkc37L3cGSdo=,+Qv4gH0ubGpW3EuawbueXEVfRtA=
84,-28,U9IBEx/m/hXeW+ykkc37L3cGSdo=,+Qv4gH0ubGpW3EuawbueXEVfRtA=
85,-28,U9IBEx/m/hXeW+ykkc37L3cGSdo=,+Qv4gH0ubGpW3EuawbueXEVfRtA=
82,-28,U9IBEx/m/hXeW+ykkc37L3cGSdo=,+Qv4gH0ubGpW3EuawbueXEVfRtA=
83,-28,U9IBEx/m/hXeW+ykkc37L3cGSdo=,+Qv4gH0ubGpW3EuawbueXEVfRtA=
81,-30,U9IBEx/m/hXeW+ykkc37L3cGSdo=,+Qv4gH0ubGpW3EuawbueXEVfRtA=
83,-32,U9IBEx/m/hXeW+ykkc37L3cGSdo=,+Qv4gH0ubGpW3EuawbueXEVfRtA=
83,-31,U9IBEx/m/hXeW+ykkc37L3cGSdo=,+Qv4gH0ubGpW3EuawbueXEVfRtA=
82,-32,U9IBEx/m/hXeW+ykkc37L3cGSdo=,+Qv4gH0ubGpW3EuawbueXEVfRtA=
86,-29,U9IBEx/m/hXeW+ykkc37L3cGSdo=,+Qv4gH0ubGpW3EuawbueXEVfRtA=
80,-32,U9IBEx/m/hXeW+ykkc37L3cGSdo=,+Qv4gH0ubGpW3EuawbueXEVfRtA=
82,-31,U9IBEx/m/hXeW+ykkc37L3cGSdo=,+Qv4gH0ubGpW3EuawbueXEVfRtA=
85,-31,U9IBEx/m/hXeW+ykkc37L3cGSdo=,+Qv4gH0ubGpW3EuawbueXEVfRtA=
85,-30,U9IBEx/m/hXeW+ykkc37L3cGSdo=,+Qv4gH0ubGpW3EuawbueXEVfRtA=
84,-25,U9IBEx/m/hXeW+ykkc37L3cGSdo=,+Qv4gH0ubGpW3EuawbueXEVfRtA=
85,-25,U9IBEx/m/hXeW+ykkc37L3cGSdo=,+Qv4gH0ubGpW3EuawbueXEVfRtA=
86,-30,U9IBEx/m/hXeW+ykkc37L3cGSdo=,+Qv4gH0ubGpW3EuawbueXEVfRtA=
87,-25,U9IBEx/m/hXeW+ykkc37L3cGSdo=,+Qv4gH0ubGpW3EuawbueXEVfRtA=
86,-25,U9IBEx/m/hXeW+ykkc37L3cGSdo=,+Qv4gH0ubGpW3EuawbueXEVfRtA=
86,-31,U9IBEx/m/hXeW+ykkc37L3cGSdo=,+Qv4gH0ubGpW3EuawbueXEVfRtA=
81,-28,U9IBEx/m/hXeW+ykkc37L3cGSdo=,+Qv4gH0ubGpW3EuawbueXEVfRtA=
82,-29,U9IBEx/m/hXeW+ykkc37L3cGSdo=,+Qv4gH0ubGpW3EuawbueXEVfRtA=
80,-24,U9IBEx/m/hXeW+ykkc37L3cGSdo=,ufkdQSDhE2s8uJhyg67/0DvKHow=
86,-27,U9IBEx/m/hXeW+ykkc37L3cGSdo=,+Qv4gH0ubGpW3EuawbueXEVfRtA=
81,-24,U9IBEx/m/hXeW+ykkc37L3cGSdo=,ufkdQSDhE2s8uJhyg67/0DvKHow=
82,-24,U9IBEx/m/hXeW+ykkc37L3cGSdo=,ufkdQSDhE2s8uJhyg67/0DvKHow=
86,-26,U9IBEx/m/hXeW+ykkc37L3cGSdo=,+Qv4gH0ubGpW3EuawbueXEVfRtA=
83,-24,U9IBEx/m/hXeW+ykkc37L3cGSdo=,ufkdQSDhE2s8uJhyg67/0DvKHow=
87,-31,U9IBEx/m/hXeW+ykkc37L3cGSdo=,+Qv4gH0ubGpW3EuawbueXEVfRtA=
84,-24,U9IBEx/m/hXeW+ykkc37L3cGSdo=,ufkdQSDhE2s8uJhyg67/0DvKHow=
87,-27,U9IBEx/m/hXeW+ykkc37L3cGSdo=,+Qv4gH0ubGpW3EuawbueXEVfRtA=
85,-24,U9IBEx/m/hXeW+ykkc37L3cGSdo=,ufkdQSDhE2s8uJhyg67/0DvKHow=
86,-24,U9IBEx/m/hXeW+ykkc37L3cGSdo=,ufkdQSDhE2s8uJhyg67/0DvKHow=
80,-31,U9IBEx/m/hXeW+ykkc37L3cGSdo=,+Qv4gH0ubGpW3EuawbueXEVfRtA=
87,-24,U9IBEx/m/hXeW+ykkc37L3cGSdo=,ufkdQSDhE2s8uJhyg67/0DvKHow=
87,-32,U9IBEx/m/hXeW+ykkc37L3cGSdo=,+Qv4gH0ubGpW3EuawbueXEVfRtA=
81,-29,U9IBEx/m/hXeW+ykkc37L3cGSdo=,+Qv4gH0ubGpW3EuawbueXEVfRtA=
82,-26,U9IBEx/m/hXeW+ykkc37L3cGSdo=,+Qv4gH0ubGpW3EuawbueXEVfRtA=
85,-29,U9IBEx/m/hXeW+ykkc37L3cGSdo=,+Qv4gH0ubGpW3EuawbueXEVfRtA=
86,-32,U9IBEx/m/hXeW+ykkc37L3cGSdo=,+Qv4gH0ubGpW3EuawbueXEVfRtA=
85,-32,U9IBEx/m/hXeW+ykkc37L3cGSdo=,+Qv4gH0ubGpW3EuawbueXEVfRtA=
84,-29,U9IBEx/m/hXeW+ykkc37L3cGSdo=,+Qv4gH0ubGpW3EuawbueXEVfRtA=
85,-27,U9IBEx/m/hXeW+ykkc37L3cGSdo=,+Qv4gH0ubGpW3EuawbueXEVfRtA=
84,-27,U9IBEx/m/hXeW+ykkc37L3cGSdo=,+Qv4gH0ubGpW3EuawbueXEVfRtA=
81,-25,U9IBEx/m/hXeW+ykkc37L3cGSdo=,+Qv4gH0ubGpW3EuawbueXEVfRtA=
83,-27,U9IBEx/m/hXeW+ykkc37L3cGSdo=,+Qv4gH0ubGpW3EuawbueXEVfRtA=
81,-26,U9IBEx/m/hXeW+ykkc37L3cGSdo=,+Qv4gH0ubGpW3EuawbueXEVfRtA=
82,-27,U9IBEx/m/hXeW+ykkc37L3cGSdo=,+Qv4gH0ubGpW3EuawbueXEVfRtA=
84,-32,U9IBEx/m/hXeW+ykkc37L3cGSdo=,+Qv4gH0ubGpW3EuawbueXEVfRtA=
80,-30,U9IBEx/m/hXeW+ykkc37L3cGSdo=,+Qv4gH0ubGpW3EuawbueXEVfRtA=
87,-30,U9IBEx/m/hXeW+ykkc37L3cGSdo=,+Qv4gH0ubGpW3EuawbueXEVfRtA=
81,-32,U9IBEx/m/hXeW+ykkc37L3cGSdo=,+Qv4gH0ubGpW3EuawbueXEVfRtA=
83,-29,U9IBEx/m/hXeW+ykkc37L3cGSdo=,+Qv4gH0ubGpW3EuawbueXEVfRtA=
80,-29,U9IBEx/m/hXeW+ykkc37L3cGSdo=,+Qv4gH0ubGpW3EuawbueXEVfRtA=
80,-25,U9IBEx/m/hXeW+ykkc37L3cGSdo=,+Qv4gH0ubGpW3EuawbueXEVfRtA=
87,-26,U9IBEx/m/hXeW+ykkc37L3cGSdo=,+Qv4gH0ubGpW3EuawbueXEVfRtA=
81,-27,U9IBEx/m/hXeW+ykkc37L3cGSdo=,+Qv4gH0ubGpW3EuawbueXEVfRtA=
81,-31,U9IBEx/m/hXeW+ykkc37L3cGSdo=,+Qv4gH0ubGpW3EuawbueXEVfRtA=
80,-26,U9IBEx/m/hXeW+ykkc37L3cGSdo=,+Qv4gH0ubGpW3EuawbueXEVfRtA=
80,-27,U9IBEx/m/hXeW+ykkc37L3cGSdo=,+Qv4gH0ubGpW3EuawbueXEVfRtA=
80,-28,U9IBEx/m/hXeW+ykkc37L3cGSdo=,+Qv4gH0ubGpW3EuawbueXEVfRtA=
76,-23,B2YOl6NwbhOrCcEbra3J2mQac9g=,vmpaEn3SLpNb99UhNOSs10nF9nI=
77,-23,B2YOl6NwbhOrCcEbra3J2mQac9g=,vmpaEn3SLpNb99UhNOSs10nF9nI=
74,-22,B2YOl6NwbhOrCcEbra3J2mQac9g=,vmpaEn3SLpNb99UhNOSs10nF9nI=
73,-21,B2YOl6NwbhOrCcEbra3J2mQac9g=,vmpaEn3SLpNb99UhNOSs10nF9nI=
75,-23,ItB/nPfnzi9V7xZ6N8DT6Wzvtz8=,vmpaEn3SLpNb99UhNOSs10nF9nI=
77,-18,1q4pTTsJMXyITvwLGvsou5iBja4=,vmpaEn3SLpNb99UhNOSs10nF9nI=
74,-23,1q4pTTsJMXyITvwLGvsou5iBja4=,vmpaEn3SLpNb99UhNOSs10nF9nI=
73,-23,1q4pTTsJMXyITvwLGvsou5iBja4=,vmpaEn3SLpNb99UhNOSs10nF9nI=
76,-25,1q4pTTsJMXyITvwLGvsou5iBja4=,sjKk+sg14vxnJhQsPxOOhzmPLZs=
77,-25,1q4pTTsJMXyITvwLGvsou5iBja4=,sjKk+sg14vxnJhQsPxOOhzmPLZs=
78,-25,1q4pTTsJMXyITvwLGvsou5iBja4=,sjKk+sg14vxnJhQsPxOOhzmPLZs=
73,-24,1q4pTTsJMXyITvwLGvsou5iBja4=,vmpaEn3SLpNb99UhNOSs10nF9nI=
74,-24,1q4pTTsJMXyITvwLGvsou5iBja4=,vmpaEn3SLpNb99UhNOSs10nF9nI=
76,-24,1q4pTTsJMXyITvwLGvsou5iBja4=,vmpaEn3SLpNb99UhNOSs10nF9nI=
73,-31,1q4pTTsJMXyITvwLGvsou5iBja4=,sjKk+sg14vxnJhQsPxOOhzmPLZs=
74,-31,1q4pTTsJMXyITvwLGvsou5iBja4=,sjKk+sg14vxnJhQsPxOOhzmPLZs=
76,-31,1q4pTTsJMXyITvwLGvsou5iBja4=,sjKk+sg14vxnJhQsPxOOhzmPLZs=
77,-31,1q4pTTsJMXyITvwLGvsou5iBja4=,sjKk+sg14vxnJhQsPxOOhzmPLZs=
75,-31,1q4pTTsJMXyITvwLGvsou5iBja4=,sjKk+sg14vxnJhQsPxOOhzmPLZs=
78,-31,1q4pTTsJMXyITvwLGvsou5iBja4=,sjKk+sg14vxnJhQsPxOOhzmPLZs=
75,-25,1q4pTTsJMXyITvwLGvsou5iBja4=,sjKk+sg14vxnJhQsPxOOhzmPLZs=
73,-30,1q4pTTsJMXyITvwLGvsou5iBja4=,sjKk+sg14vxnJhQsPxOOhzmPLZs=
73,-22,1q4pTTsJMXyITvwLGvsou5iBja4=,vmpaEn3SLpNb99UhNOSs10nF9nI=
74,-25,1q4pTTsJMXyITvwLGvsou5iBja4=,sjKk+sg14vxnJhQsPxOOhzmPLZs=
74,-30,1q4pTTsJMXyITvwLGvsou5iBja4=,sjKk+sg14vxnJhQsPxOOhzmPLZs=
75,-30,1q4pTTsJMXyITvwLGvsou5iBja4=,sjKk+sg14vxnJhQsPxOOhzmPLZs=
76,-30,1q4pTTsJMXyITvwLGvsou5iBja4=,sjKk+sg14vxnJhQsPxOOhzmPLZs=
76,-18,1q4pTTsJMXyITvwLGvsou5iBja4=,vmpaEn3SLpNb99UhNOSs10nF9nI=
77,-30,1q4pTTsJMXyITvwLGvsou5iBja4=,sjKk+sg14vxnJhQsPxOOhzmPLZs=
78,-30,1q4pTTsJMXyITvwLGvsou5iBja4=,sjKk+sg14vxnJhQsPxOOhzmPLZs=
73,-29,1q4pTTsJMXyITvwLGvsou5iBja4=,sjKk+sg14vxnJhQsPxOOhzmPLZs=
75,-18,1q4pTTsJMXyITvwLGvsou5iBja4=,vmpaEn3SLpNb99UhNOSs10nF9nI=
74,-18,1q4pTTsJMXyITvwLGvsou5iBja4=,vmpaEn3SLpNb99UhNOSs10nF9nI=
74,-29,1q4pTTsJMXyITvwLGvsou5iBja4=,sjKk+sg14vxnJhQsPxOOhzmPLZs=
78,-26,1q4pTTsJMXyITvwLGvsou5iBja4=,sjKk+sg14vxnJhQsPxOOhzmPLZs=
76,-29,1q4pTTsJMXyITvwLGvsou5iBja4=,sjKk+sg14vxnJhQsPxOOhzmPLZs=
77,-26,1q4pTTsJMXyITvwLGvsou5iBja4=,sjKk+sg14vxnJhQsPxOOhzmPLZs=
75,-29,1q4pTTsJMXyITvwLGvsou5iBja4=,sjKk+sg14vxnJhQsPxOOhzmPLZs=
78,-21,1q4pTTsJMXyITvwLGvsou5iBja4=,vmpaEn3SLpNb99UhNOSs10nF9nI=
76,-26,1q4pTTsJMXyITvwLGvsou5iBja4=,sjKk+sg14vxnJhQsPxOOhzmPLZs=
77,-29,1q4pTTsJMXyITvwLGvsou5iBja4=,sjKk+sg14vxnJhQsPxOOhzmPLZs=
75,-26,1q4pTTsJMXyITvwLGvsou5iBja4=,sjKk+sg14vxnJhQsPxOOhzmPLZs=
77,-21,1q4pTTsJMXyITvwLGvsou5iBja4=,vmpaEn3SLpNb99UhNOSs10nF9nI=
74,-26,1q4pTTsJMXyITvwLGvsou5iBja4=,sjKk+sg14vxnJhQsPxOOhzmPLZs=
78,-24,1q4pTTsJMXyITvwLGvsou5iBja4=,vmpaEn3SLpNb99UhNOSs10nF9nI=
73,-26,1q4pTTsJMXyITvwLGvsou5iBja4=,sjKk+sg14vxnJhQsPxOOhzmPLZs=
78,-29,1q4pTTsJMXyITvwLGvsou5iBja4=,sjKk+sg14vxnJhQsPxOOhzmPLZs=
78,-27,1q4pTTsJMXyITvwLGvsou5iBja4=,sjKk+sg14vxnJhQsPxOOhzmPLZs=
76,-21,1q4pTTsJMXyITvwLGvsou5iBja4=,vmpaEn3SLpNb99UhNOSs10nF9nI=
77,-27,1q4pTTsJMXyITvwLGvsou5iBja4=,sjKk+sg14vxnJhQsPxOOhzmPLZs=
75,-21,1q4pTTsJMXyITvwLGvsou5iBja4=,vmpaEn3SLpNb99UhNOSs10nF9nI=
73,-18,1q4pTTsJMXyITvwLGvsou5iBja4=,vmpaEn3SLpNb99UhNOSs10nF9nI=
73,-28,1q4pTTsJMXyITvwLGvsou5iBja4=,sjKk+sg14vxnJhQsPxOOhzmPLZs=
77,-24,1q4pTTsJMXyITvwLGvsou5iBja4=,vmpaEn3SLpNb99UhNOSs10nF9nI=
78,-22,1q4pTTsJMXyITvwLGvsou5iBja4=,vmpaEn3SLpNb99UhNOSs10nF9nI=
75,-24,1q4pTTsJMXyITvwLGvsou5iBja4=,vmpaEn3SLpNb99UhNOSs10nF9nI=
77,-22,1q4pTTsJMXyITvwLGvsou5iBja4=,vmpaEn3SLpNb99UhNOSs10nF9nI=
74,-21,1q4pTTsJMXyITvwLGvsou5iBja4=,vmpaEn3SLpNb99UhNOSs10nF9nI=
74,-28,1q4pTTsJMXyITvwLGvsou5iBja4=,sjKk+sg14vxnJhQsPxOOhzmPLZs=
77,-19,1q4pTTsJMXyITvwLGvsou5iBja4=,vmpaEn3SLpNb99UhNOSs10nF9nI=
78,-20,1q4pTTsJMXyITvwLGvsou5iBja4=,vmpaEn3SLpNb99UhNOSs10nF9nI=
75,-27,1q4pTTsJMXyITvwLGvsou5iBja4=,sjKk+sg14vxnJhQsPxOOhzmPLZs=
74,-27,1q4pTTsJMXyITvwLGvsou5iBja4=,sjKk+sg14vxnJhQsPxOOhzmPLZs=
75,-28,1q4pTTsJMXyITvwLGvsou5iBja4=,sjKk+sg14vxnJhQsPxOOhzmPLZs=
76,-19,1q4pTTsJMXyITvwLGvsou5iBja4=,vmpaEn3SLpNb99UhNOSs10nF9nI=
73,-27,1q4pTTsJMXyITvwLGvsou5iBja4=,sjKk+sg14vxnJhQsPxOOhzmPLZs=
78,-28,1q4pTTsJMXyITvwLGvsou5iBja4=,sjKk+sg14vxnJhQsPxOOhzmPLZs=
77,-20,1q4pTTsJMXyITvwLGvsou5iBja4=,vmpaEn3SLpNb99UhNOSs10nF9nI=
76,-28,1q4pTTsJMXyITvwLGvsou5iBja4=,sjKk+sg14vxnJhQsPxOOhzmPLZs=
77,-28,1q4pTTsJMXyITvwLGvsou5iBja4=,sjKk+sg14vxnJhQsPxOOhzmPLZs=
74,-19,1q4pTTsJMXyITvwLGvsou5iBja4=,vmpaEn3SLpNb99UhNOSs10nF9nI=
75,-19,1q4pTTsJMXyITvwLGvsou5iBja4=,vmpaEn3SLpNb99UhNOSs10nF9nI=
73,-19,1q4pTTsJMXyITvwLGvsou5iBja4=,vmpaEn3SLpNb99UhNOSs10nF9nI=
76,-20,1q4pTTsJMXyITvwLGvsou5iBja4=,vmpaEn3SLpNb99UhNOSs10nF9nI=
76,-22,1q4pTTsJMXyITvwLGvsou5iBja4=,vmpaEn3SLpNb99UhNOSs10nF9nI=
75,-20,1q4pTTsJMXyITvwLGvsou5iBja4=,vmpaEn3SLpNb99UhNOSs10nF9nI=
74,-20,1q4pTTsJMXyITvwLGvsou5iBja4=,vmpaEn3SLpNb99UhNOSs10nF9nI=
73,-20,1q4pTTsJMXyITvwLGvsou5iBja4=,vmpaEn3SLpNb99UhNOSs10nF9nI=
78,-19,1q4pTTsJMXyITvwLGvsou5iBja4=,vmpaEn3SLpNb99UhNOSs10nF9nI=
75,-22,1q4pTTsJMXyITvwLGvsou5iBja4=,vmpaEn3SLpNb99UhNOSs10nF9nI=
78,-18,1q4pTTsJMXyITvwLGvsou5iBja4=,vmpaEn3SLpNb99UhNOSs10nF9nI=
78,-23,1q4pTTsJMXyITvwLGvsou5iBja4=,vmpaEn3SLpNb99UhNOSs10nF9nI=
68,-27,1q4pTTsJMXyITvwLGvsou5iBja4=,IllE4HYBphnZAKjQv2eC7x6Gpgc=
69,-27,1q4pTTsJMXyITvwLGvsou5iBja4=,IllE4HYBphnZAKjQv2eC7x6Gpgc=
73,-25,1q4pTTsJMXyITvwLGvsou5iBja4=,sjKk+sg14vxnJhQsPxOOhzmPLZs=
76,-27,1q4pTTsJMXyITvwLGvsou5iBja4=,sjKk+sg14vxnJhQsPxOOhzmPLZs=
70,-27,1q4pTTsJMXyITvwLGvsou5iBja4=,IllE4HYBphnZAKjQv2eC7x6Gpgc=
67,-27,1q4pTTsJMXyITvwLGvsou5iBja4=,IllE4HYBphnZAKjQv2eC7x6Gpgc=
64,-27,1q4pTTsJMXyITvwLGvsou5iBja4=,IllE4HYBphnZAKjQv2eC7x6Gpgc=
64,-28,1q4pTTsJMXyITvwLGvsou5iBja4=,IllE4HYBphnZAKjQv2eC7x6Gpgc=
64,-26,1q4pTTsJMXyITvwLGvsou5iBja4=,IllE4HYBphnZAKjQv2eC7x6Gpgc=
68,-21,1q4pTTsJMXyITvwLGvsou5iBja4=,s+T3TGf07rdlGOM8V4YInJhba8k=
64,-29,1q4pTTsJMXyITvwLGvsou5iBja4=,IllE4HYBphnZAKjQv2eC7x6Gpgc=
71,-27,1q4pTTsJMXyITvwLGvsou5iBja4=,IllE4HYBphnZAKjQv2eC7x6Gpgc=
64,-30,1q4pTTsJMXyITvwLGvsou5iBja4=,IllE4HYBphnZAKjQv2eC7x6Gpgc=
64,-31,1q4pTTsJMXyITvwLGvsou5iBja4=,IllE4HYBphnZAKjQv2eC7x6Gpgc=
69,-21,1q4pTTsJMXyITvwLGvsou5iBja4=,s+T3TGf07rdlGOM8V4YInJhba8k=
70,-17,1q4pTTsJMXyITvwLGvsou5iBja4=,s+T3TGf07rdlGOM8V4YInJhba8k=
65,-26,1q4pTTsJMXyITvwLGvsou5iBja4=,IllE4HYBphnZAKjQv2eC7x6Gpgc=
67,-21,1q4pTTsJMXyITvwLGvsou5iBja4=,s+T3TGf07rdlGOM8V4YInJhba8k=
72,-24,1q4pTTsJMXyITvwLGvsou5iBja4=,vmpaEn3SLpNb99UhNOSs10nF9nI=
66,-21,1q4pTTsJMXyITvwLGvsou5iBja4=,s+T3TGf07rdlGOM8V4YInJhba8k=
66,-26,1q4pTTsJMXyITvwLGvsou5iBja4=,IllE4HYBphnZAKjQv2eC7x6Gpgc=
65,-21,1q4pTTsJMXyITvwLGvsou5iBja4=,s+T3TGf07rdlGOM8V4YInJhba8k=
64,-21,1q4pTTsJMXyITvwLGvsou5iBja4=,s+T3TGf07rdlGOM8V4YInJhba8k=
66,-27,1q4pTTsJMXyITvwLGvsou5iBja4=,IllE4HYBphnZAKjQv2eC7x6Gpgc=
71,-22,1q4pTTsJMXyITvwLGvsou5iBja4=,s+T3TGf07rdlGOM8V4YInJhba8k=
72,-20,1q4pTTsJMXyITvwLGvsou5iBja4=,vmpaEn3SLpNb99UhNOSs10nF9nI=
67,-26,1q4pTTsJMXyITvwLGvsou5iBja4=,IllE4HYBphnZAKjQv2eC7x6Gpgc=
70,-22,1q4pTTsJMXyITvwLGvsou5iBja4=,s+T3TGf07rdlGOM8V4YInJhba8k=
69,-22,1q4pTTsJMXyITvwLGvsou5iBja4=,s+T3TGf07rdlGOM8V4YInJhba8k=
68,-22,1q4pTTsJMXyITvwLGvsou5iBja4=,s+T3TGf07rdlGOM8V4YInJhba8k=
67,-22,1q4pTTsJMXyITvwLGvsou5iBja4=,s+T3TGf07rdlGOM8V4YInJhba8k=
72,-19,1q4pTTsJMXyITvwLGvsou5iBja4=,vmpaEn3SLpNb99UhNOSs10nF9nI=
68,-26,1q4pTTsJMXyITvwLGvsou5iBja4=,IllE4HYBphnZAKjQv2eC7x6Gpgc=
66,-22,1q4pTTsJMXyITvwLGvsou5iBja4=,s+T3TGf07rdlGOM8V4YInJhba8k=
69,-17,1q4pTTsJMXyITvwLGvsou5iBja4=,s+T3TGf07rdlGOM8V4YInJhba8k=
72,-25,1q4pTTsJMXyITvwLGvsou5iBja4=,sjKk+sg14vxnJhQsPxOOhzmPLZs=
65,-22,1q4pTTsJMXyITvwLGvsou5iBja4=,s+T3TGf07rdlGOM8V4YInJhba8k=
70,-21,1q4pTTsJMXyITvwLGvsou5iBja4=,s+T3TGf07rdlGOM8V4YInJhba8k=
69,-26,1q4pTTsJMXyITvwLGvsou5iBja4=,IllE4HYBphnZAKjQv2eC7x6Gpgc=
64,-22,1q4pTTsJMXyITvwLGvsou5iBja4=,s+T3TGf07rdlGOM8V4YInJhba8k=
71,-23,1q4pTTsJMXyITvwLGvsou5iBja4=,s+T3TGf07rdlGOM8V4YInJhba8k=
70,-23,1q4pTTsJMXyITvwLGvsou5iBja4=,s+T3TGf07rdlGOM8V4YInJhba8k=
71,-21,1q4pTTsJMXyITvwLGvsou5iBja4=,s+T3TGf07rdlGOM8V4YInJhba8k=
69,-23,1q4pTTsJMXyITvwLGvsou5iBja4=,s+T3TGf07rdlGOM8V4YInJhba8k=
70,-26,1q4pTTsJMXyITvwLGvsou5iBja4=,IllE4HYBphnZAKjQv2eC7x6Gpgc=
68,-17,1q4pTTsJMXyITvwLGvsou5iBja4=,s+T3TGf07rdlGOM8V4YInJhba8k=
67,-17,1q4pTTsJMXyITvwLGvsou5iBja4=,s+T3TGf07rdlGOM8V4YInJhba8k=
64,-20,1q4pTTsJMXyITvwLGvsou5iBja4=,s+T3TGf07rdlGOM8V4YInJhba8k=
72,-23,1q4pTTsJMXyITvwLGvsou5iBja4=,vmpaEn3SLpNb99UhNOSs10nF9nI=
72,-31,1q4pTTsJMXyITvwLGvsou5iBja4=,sjKk+sg14vxnJhQsPxOOhzmPLZs=
66,-17,1q4pTTsJMXyITvwLGvsou5iBja4=,s+T3TGf07rdlGOM8V4YInJhba8k=
65,-17,1q4pTTsJMXyITvwLGvsou5iBja4=,s+T3TGf07rdlGOM8V4YInJhba8k=
65,-20,1q4pTTsJMXyITvwLGvsou5iBja4=,s+T3TGf07rdlGOM8V4YInJhba8k=
68,-23,1q4pTTsJMXyITvwLGvsou5iBja4=,s+T3TGf07rdlGOM8V4YInJhba8k=
71,-26,1q4pTTsJMXyITvwLGvsou5iBja4=,IllE4HYBphnZAKjQv2eC7x6Gpgc=
65,-27,1q4pTTsJMXyITvwLGvsou5iBja4=,IllE4HYBphnZAKjQv2eC7x6Gpgc=
67,-23,1q4pTTsJMXyITvwLGvsou5iBja4=,s+T3TGf07rdlGOM8V4YInJhba8k=
66,-20,1q4pTTsJMXyITvwLGvsou5iBja4=,s+T3TGf07rdlGOM8V4YInJhba8k=
72,-30,1q4pTTsJMXyITvwLGvsou5iBja4=,sjKk+sg14vxnJhQsPxOOhzmPLZs=
71,-18,1q4pTTsJMXyITvwLGvsou5iBja4=,s+T3TGf07rdlGOM8V4YInJhba8k=
72,-22,1q4pTTsJMXyITvwLGvsou5iBja4=,vmpaEn3SLpNb99UhNOSs10nF9nI=
70,-18,1q4pTTsJMXyITvwLGvsou5iBja4=,s+T3TGf07rdlGOM8V4YInJhba8k=
64,-25,1q4pTTsJMXyITvwLGvsou5iBja4=,IllE4HYBphnZAKjQv2eC7x6Gpgc=
65,-31,1q4pTTsJMXyITvwLGvsou5iBja4=,IllE4HYBphnZAKjQv2eC7x6Gpgc=
66,-23,1q4pTTsJMXyITvwLGvsou5iBja4=,s+T3TGf07rdlGOM8V4YInJhba8k=
72,-26,1q4pTTsJMXyITvwLGvsou5iBja4=,sjKk+sg14vxnJhQsPxOOhzmPLZs=
65,-23,1q4pTTsJMXyITvwLGvsou5iBja4=,s+T3TGf07rdlGOM8V4YInJhba8k=
72,-18,1q4pTTsJMXyITvwLGvsou5iBja4=,vmpaEn3SLpNb99UhNOSs10nF9nI=
64,-23,1q4pTTsJMXyITvwLGvsou5iBja4=,s+T3TGf07rdlGOM8V4YInJhba8k=
66,-31,1q4pTTsJMXyITvwLGvsou5iBja4=,IllE4HYBphnZAKjQv2eC7x6Gpgc=
71,-24,1q4pTTsJMXyITvwLGvsou5iBja4=,s+T3TGf07rdlGOM8V4YInJhba8k=
72,-21,1q4pTTsJMXyITvwLGvsou5iBja4=,vmpaEn3SLpNb99UhNOSs10nF9nI=
65,-25,1q4pTTsJMXyITvwLGvsou5iBja4=,IllE4HYBphnZAKjQv2eC7x6Gpgc=
70,-24,1q4pTTsJMXyITvwLGvsou5iBja4=,s+T3TGf07rdlGOM8V4YInJhba8k=
67,-31,1q4pTTsJMXyITvwLGvsou5iBja4=,IllE4HYBphnZAKjQv2eC7x6Gpgc=
69,-24,1q4pTTsJMXyITvwLGvsou5iBja4=,s+T3TGf07rdlGOM8V4YInJhba8k=
68,-24,1q4pTTsJMXyITvwLGvsou5iBja4=,s+T3TGf07rdlGOM8V4YInJhba8k=
67,-20,1q4pTTsJMXyITvwLGvsou5iBja4=,s+T3TGf07rdlGOM8V4YInJhba8k=
67,-24,1q4pTTsJMXyITvwLGvsou5iBja4=,s+T3TGf07rdlGOM8V4YInJhba8k=
68,-31,1q4pTTsJMXyITvwLGvsou5iBja4=,IllE4HYBphnZAKjQv2eC7x6Gpgc=
69,-18,1q4pTTsJMXyITvwLGvsou5iBja4=,s+T3TGf07rdlGOM8V4YInJhba8k=
66,-24,1q4pTTsJMXyITvwLGvsou5iBja4=,s+T3TGf07rdlGOM8V4YInJhba8k=
66,-25,1q4pTTsJMXyITvwLGvsou5iBja4=,IllE4HYBphnZAKjQv2eC7x6Gpgc=
68,-18,1q4pTTsJMXyITvwLGvsou5iBja4=,s+T3TGf07rdlGOM8V4YInJhba8k=
72,-29,1q4pTTsJMXyITvwLGvsou5iBja4=,sjKk+sg14vxnJhQsPxOOhzmPLZs=
71,-28,1q4pTTsJMXyITvwLGvsou5iBja4=,IllE4HYBphnZAKjQv2eC7x6Gpgc=
67,-18,1q4pTTsJMXyITvwLGvsou5iBja4=,s+T3TGf07rdlGOM8V4YInJhba8k=
68,-20,1q4pTTsJMXyITvwLGvsou5iBja4=,s+T3TGf07rdlGOM8V4YInJhba8k=
69,-31,1q4pTTsJMXyITvwLGvsou5iBja4=,IllE4HYBphnZAKjQv2eC7x6Gpgc=
65,-18,1q4pTTsJMXyITvwLGvsou5iBja4=,s+T3TGf07rdlGOM8V4YInJhba8k=
66,-18,1q4pTTsJMXyITvwLGvsou5iBja4=,s+T3TGf07rdlGOM8V4YInJhba8k=
64,-18,1q4pTTsJMXyITvwLGvsou5iBja4=,s+T3TGf07rdlGOM8V4YInJhba8k=
67,-25,1q4pTTsJMXyITvwLGvsou5iBja4=,IllE4HYBphnZAKjQv2eC7x6Gpgc=
70,-31,1q4pTTsJMXyITvwLGvsou5iBja4=,IllE4HYBphnZAKjQv2eC7x6Gpgc=
71,-19,1q4pTTsJMXyITvwLGvsou5iBja4=,s+T3TGf07rdlGOM8V4YInJhba8k=
65,-24,1q4pTTsJMXyITvwLGvsou5iBja4=,s+T3TGf07rdlGOM8V4YInJhba8k=
70,-19,1q4pTTsJMXyITvwLGvsou5iBja4=,s+T3TGf07rdlGOM8V4YInJhba8k=
69,-20,1q4pTTsJMXyITvwLGvsou5iBja4=,s+T3TGf07rdlGOM8V4YInJhba8k=
71,-31,1q4pTTsJMXyITvwLGvsou5iBja4=,IllE4HYBphnZAKjQv2eC7x6Gpgc=
69,-19,1q4pTTsJMXyITvwLGvsou5iBja4=,s+T3TGf07rdlGOM8V4YInJhba8k=
70,-28,1q4pTTsJMXyITvwLGvsou5iBja4=,IllE4HYBphnZAKjQv2eC7x6Gpgc=
64,-24,1q4pTTsJMXyITvwLGvsou5iBja4=,s+T3TGf07rdlGOM8V4YInJhba8k=
70,-20,1q4pTTsJMXyITvwLGvsou5iBja4=,s+T3TGf07rdlGOM8V4YInJhba8k=
68,-19,1q4pTTsJMXyITvwLGvsou5iBja4=,s+T3TGf07rdlGOM8V4YInJhba8k=
65,-30,1q4pTTsJMXyITvwLGvsou5iBja4=,IllE4HYBphnZAKjQv2eC7x6Gpgc=
66,-19,1q4pTTsJMXyITvwLGvsou5iBja4=,s+T3TGf07rdlGOM8V4YInJhba8k=
71,-20,1q4pTTsJMXyITvwLGvsou5iBja4=,s+T3TGf07rdlGOM8V4YInJhba8k=
67,-19,1q4pTTsJMXyITvwLGvsou5iBja4=,s+T3TGf07rdlGOM8V4YInJhba8k=
65,-19,1q4pTTsJMXyITvwLGvsou5iBja4=,s+T3TGf07rdlGOM8V4YInJhba8k=
71,-25,1q4pTTsJMXyITvwLGvsou5iBja4=,IllE4HYBphnZAKjQv2eC7x6Gpgc=
66,-30,1q4pTTsJMXyITvwLGvsou5iBja4=,IllE4HYBphnZAKjQv2eC7x6Gpgc=
68,-25,1q4pTTsJMXyITvwLGvsou5iBja4=,IllE4HYBphnZAKjQv2eC7x6Gpgc=
70,-25,1q4pTTsJMXyITvwLGvsou5iBja4=,IllE4HYBphnZAKjQv2eC7x6Gpgc=
69,-25,1q4pTTsJMXyITvwLGvsou5iBja4=,IllE4HYBphnZAKjQv2eC7x6Gpgc=
64,-19,1q4pTTsJMXyITvwLGvsou5iBja4=,s+T3TGf07rdlGOM8V4YInJhba8k=
67,-30,1q4pTTsJMXyITvwLGvsou5iBja4=,IllE4HYBphnZAKjQv2eC7x6Gpgc=
72,-27,1q4pTTsJMXyITvwLGvsou5iBja4=,sjKk+sg14vxnJhQsPxOOhzmPLZs=
68,-30,1q4pTTsJMXyITvwLGvsou5iBja4=,IllE4HYBphnZAKjQv2eC7x6Gpgc=
65,-32,1q4pTTsJMXyITvwLGvsou5iBja4=,IllE4HYBphnZAKjQv2eC7x6Gpgc=
69,-28,1q4pTTsJMXyITvwLGvsou5iBja4=,IllE4HYBphnZAKjQv2eC7x6Gpgc=
69,-30,1q4pTTsJMXyITvwLGvsou5iBja4=,IllE4HYBphnZAKjQv2eC7x6Gpgc=
66,-32,1q4pTTsJMXyITvwLGvsou5iBja4=,IllE4HYBphnZAKjQv2eC7x6Gpgc=
70,-32,1q4pTTsJMXyITvwLGvsou5iBja4=,IllE4HYBphnZAKjQv2eC7x6Gpgc=
68,-28,1q4pTTsJMXyITvwLGvsou5iBja4=,IllE4HYBphnZAKjQv2eC7x6Gpgc=
70,-30,1q4pTTsJMXyITvwLGvsou5iBja4=,IllE4HYBphnZAKjQv2eC7x6Gpgc=
67,-28,1q4pTTsJMXyITvwLGvsou5iBja4=,IllE4HYBphnZAKjQv2eC7x6Gpgc=
67,-32,1q4pTTsJMXyITvwLGvsou5iBja4=,IllE4HYBphnZAKjQv2eC7x6Gpgc=
66,-28,1q4pTTsJMXyITvwLGvsou5iBja4=,IllE4HYBphnZAKjQv2eC7x6Gpgc=
65,-28,1q4pTTsJMXyITvwLGvsou5iBja4=,IllE4HYBphnZAKjQv2eC7x6Gpgc=
71,-30,1q4pTTsJMXyITvwLGvsou5iBja4=,IllE4HYBphnZAKjQv2eC7x6Gpgc=
71,-29,1q4pTTsJMXyITvwLGvsou5iBja4=,IllE4HYBphnZAKjQv2eC7x6Gpgc=
68,-32,1q4pTTsJMXyITvwLGvsou5iBja4=,IllE4HYBphnZAKjQv2eC7x6Gpgc=
69,-32,1q4pTTsJMXyITvwLGvsou5iBja4=,IllE4HYBphnZAKjQv2eC7x6Gpgc=
65,-29,1q4pTTsJMXyITvwLGvsou5iBja4=,IllE4HYBphnZAKjQv2eC7x6Gpgc=
70,-29,1q4pTTsJMXyITvwLGvsou5iBja4=,IllE4HYBphnZAKjQv2eC7x6Gpgc=
66,-29,1q4pTTsJMXyITvwLGvsou5iBja4=,IllE4HYBphnZAKjQv2eC7x6Gpgc=
69,-29,1q4pTTsJMXyITvwLGvsou5iBja4=,IllE4HYBphnZAKjQv2eC7x6Gpgc=
67,-29,1q4pTTsJMXyITvwLGvsou5iBja4=,IllE4HYBphnZAKjQv2eC7x6Gpgc=
72,-32,1q4pTTsJMXyITvwLGvsou5iBja4=,sjKk+sg14vxnJhQsPxOOhzmPLZs=
68,-29,1q4pTTsJMXyITvwLGvsou5iBja4=,IllE4HYBphnZAKjQv2eC7x6Gpgc=
79,-31,1q4pTTsJMXyITvwLGvsou5iBja4=,sjKk+sg14vxnJhQsPxOOhzmPLZs=
79,-26,1q4pTTsJMXyITvwLGvsou5iBja4=,sjKk+sg14vxnJhQsPxOOhzmPLZs=
72,-28,1q4pTTsJMXyITvwLGvsou5iBja4=,sjKk+sg14vxnJhQsPxOOhzmPLZs=
73,-32,1q4pTTsJMXyITvwLGvsou5iBja4=,sjKk+sg14vxnJhQsPxOOhzmPLZs=
79,-30,1q4pTTsJMXyITvwLGvsou5iBja4=,sjKk+sg14vxnJhQsPxOOhzmPLZs=
74,-32,1q4pTTsJMXyITvwLGvsou5iBja4=,sjKk+sg14vxnJhQsPxOOhzmPLZs=
79,-27,1q4pTTsJMXyITvwLGvsou5iBja4=,sjKk+sg14vxnJhQsPxOOhzmPLZs=
79,-29,1q4pTTsJMXyITvwLGvsou5iBja4=,sjKk+sg14vxnJhQsPxOOhzmPLZs=
75,-32,1q4pTTsJMXyITvwLGvsou5iBja4=,sjKk+sg14vxnJhQsPxOOhzmPLZs=
79,-28,1q4pTTsJMXyITvwLGvsou5iBja4=,sjKk+sg14vxnJhQsPxOOhzmPLZs=
71,-32,1q4pTTsJMXyITvwLGvsou5iBja4=,IllE4HYBphnZAKjQv2eC7x6Gpgc=
79,-25,1q4pTTsJMXyITvwLGvsou5iBja4=,sjKk+sg14vxnJhQsPxOOhzmPLZs=
76,-32,1q4pTTsJMXyITvwLGvsou5iBja4=,sjKk+sg14vxnJhQsPxOOhzmPLZs=
64,-17,1q4pTTsJMXyITvwLGvsou5iBja4=,s+T3TGf07rdlGOM8V4YInJhba8k=
78,-32,1q4pTTsJMXyITvwLGvsou5iBja4=,sjKk+sg14vxnJhQsPxOOhzmPLZs=
79,-20,1q4pTTsJMXyITvwLGvsou5iBja4=,vmpaEn3SLpNb99UhNOSs10nF9nI=
79,-32,1q4pTTsJMXyITvwLGvsou5iBja4=,sjKk+sg14vxnJhQsPxOOhzmPLZs=
77,-32,1q4pTTsJMXyITvwLGvsou5iBja4=,sjKk+sg14vxnJhQsPxOOhzmPLZs=
79,-18,1q4pTTsJMXyITvwLGvsou5iBja4=,vmpaEn3SLpNb99UhNOSs10nF9nI=
79,-24,1q4pTTsJMXyITvwLGvsou5iBja4=,vmpaEn3SLpNb99UhNOSs10nF9nI=
64,-32,1q4pTTsJMXyITvwLGvsou5iBja4=,IllE4HYBphnZAKjQv2eC7x6Gpgc=
79,-21,1q4pTTsJMXyITvwLGvsou5iBja4=,vmpaEn3SLpNb99UhNOSs10nF9nI=
79,-23,1q4pTTsJMXyITvwLGvsou5iBja4=,vmpaEn3SLpNb99UhNOSs10nF9nI=
79,-19,1q4pTTsJMXyITvwLGvsou5iBja4=,vmpaEn3SLpNb99UhNOSs10nF9nI=
79,-22,1q4pTTsJMXyITvwLGvsou5iBja4=,vmpaEn3SLpNb99UhNOSs10nF9nI=
75,-17,1q4pTTsJMXyITvwLGvsou5iBja4=,vmpaEn3SLpNb99UhNOSs10nF9nI=
73,-17,1q4pTTsJMXyITvwLGvsou5iBja4=,vmpaEn3SLpNb99UhNOSs10nF9nI=
71,-17,1q4pTTsJMXyITvwLGvsou5iBja4=,s+T3TGf07rdlGOM8V4YInJhba8k=
76,-17,1q4pTTsJMXyITvwLGvsou5iBja4=,vmpaEn3SLpNb99UhNOSs10nF9nI=
74,-17,1q4pTTsJMXyITvwLGvsou5iBja4=,vmpaEn3SLpNb99UhNOSs10nF9nI=
78,-17,1q4pTTsJMXyITvwLGvsou5iBja4=,vmpaEn3SLpNb99UhNOSs10nF9nI=
72,-17,1q4pTTsJMXyITvwLGvsou5iBja4=,vmpaEn3SLpNb99UhNOSs10nF9nI=
77,-17,1q4pTTsJMXyITvwLGvsou5iBja4=,vmpaEn3SLpNb99UhNOSs10nF9nI=
79,-17,1q4pTTsJMXyITvwLGvsou5iBja4=,vmpaEn3SLpNb99UhNOSs10nF9nI=
73,-15,vEqz/NKQ/D+gNbyfOYqa9RuGj+g=,iRgnZm6GBP63BEWRUtMICwDmdvA=
68,-5,vEqz/NKQ/D+gNbyfOYqa9RuGj+g=,IDGWdjXWfwuogKYMOAFoEgIOPJY=
69,-5,vEqz/NKQ/D+gNbyfOYqa9RuGj+g=,IDGWdjXWfwuogKYMOAFoEgIOPJY=
70,-5,vEqz/NKQ/D+gNbyfOYqa9RuGj+g=,IDGWdjXWfwuogKYMOAFoEgIOPJY=
65,-4,wDa9tM8gjx4Srtlv6/d+7jbQ+1g=,IDGWdjXWfwuogKYMOAFoEgIOPJY=
66,-4,wDa9tM8gjx4Srtlv6/d+7jbQ+1g=,IDGWdjXWfwuogKYMOAFoEgIOPJY=
67,-4,wDa9tM8gjx4Srtlv6/d+7jbQ+1g=,IDGWdjXWfwuogKYMOAFoEgIOPJY=
68,-4,R9fKBVEton5V4c0XbwrLGYFh94I=,IDGWdjXWfwuogKYMOAFoEgIOPJY=
69,-4,R9fKBVEton5V4c0XbwrLGYFh94I=,IDGWdjXWfwuogKYMOAFoEgIOPJY=
70,-4,R9fKBVEton5V4c0XbwrLGYFh94I=,IDGWdjXWfwuogKYMOAFoEgIOPJY=
65,-7,R9fKBVEton5V4c0XbwrLGYFh94I=,IDGWdjXWfwuogKYMOAFoEgIOPJY=
65,-3,R9fKBVEton5V4c0XbwrLGYFh94I=,IDGWdjXWfwuogKYMOAFoEgIOPJY=
66,-3,R9fKBVEton5V4c0XbwrLGYFh94I=,IDGWdjXWfwuogKYMOAFoEgIOPJY=
66,-7,R9fKBVEton5V4c0XbwrLGYFh94I=,IDGWdjXWfwuogKYMOAFoEgIOPJY=
67,-3,R9fKBVEton5V4c0XbwrLGYFh94I=,IDGWdjXWfwuogKYMOAFoEgIOPJY=
68,-3,R9fKBVEton5V4c0XbwrLGYFh94I=,IDGWdjXWfwuogKYMOAFoEgIOPJY=
67,-7,R9fKBVEton5V4c0XbwrLGYFh94I=,IDGWdjXWfwuogKYMOAFoEgIOPJY=
69,-3,R9fKBVEton5V4c0XbwrLGYFh94I=,IDGWdjXWfwuogKYMOAFoEgIOPJY=
70,-3,R9fKBVEton5V4c0XbwrLGYFh94I=,IDGWdjXWfwuogKYMOAFoEgIOPJY=
68,-7,R9fKBVEton5V4c0XbwrLGYFh94I=,IDGWdjXWfwuogKYMOAFoEgIOPJY=
69,-7,R9fKBVEton5V4c0XbwrLGYFh94I=,IDGWdjXWfwuogKYMOAFoEgIOPJY=
67,-5,R9fKBVEton5V4c0XbwrLGYFh94I=,IDGWdjXWfwuogKYMOAFoEgIOPJY=
70,-7,R9fKBVEton5V4c0XbwrLGYFh94I=,IDGWdjXWfwuogKYMOAFoEgIOPJY=
78,-10,R9fKBVEton5V4c0XbwrLGYFh94I=,iRgnZm6GBP63BEWRUtMICwDmdvA=
77,-10,R9fKBVEton5V4c0XbwrLGYFh94I=,iRgnZm6GBP63BEWRUtMICwDmdvA=
66,-5,R9fKBVEton5V4c0XbwrLGYFh94I=,IDGWdjXWfwuogKYMOAFoEgIOPJY=
65,-2,R9fKBVEton5V4c0XbwrLGYFh94I=,IDGWdjXWfwuogKYMOAFoEgIOPJY=
65,-5,R9fKBVEton5V4c0XbwrLGYFh94I=,IDGWdjXWfwuogKYMOAFoEgIOPJY=
70,-6,R9fKBVEton5V4c0XbwrLGYFh94I=,IDGWdjXWfwuogKYMOAFoEgIOPJY=
76,-10,R9fKBVEton5V4c0XbwrLGYFh94I=,iRgnZm6GBP63BEWRUtMICwDmdvA=
75,-10,R9fKBVEton5V4c0XbwrLGYFh94I=,iRgnZm6GBP63BEWRUtMICwDmdvA=
74,-10,R9fKBVEton5V4c0XbwrLGYFh94I=,iRgnZm6GBP63BEWRUtMICwDmdvA=
66,-2,R9fKBVEton5V4c0XbwrLGYFh94I=,IDGWdjXWfwuogKYMOAFoEgIOPJY=
69,-6,R9fKBVEton5V4c0XbwrLGYFh94I=,IDGWdjXWfwuogKYMOAFoEgIOPJY=
73,-10,R9fKBVEton5V4c0XbwrLGYFh94I=,iRgnZm6GBP63BEWRUtMICwDmdvA=
70,-2,R9fKBVEton5V4c0XbwrLGYFh94I=,IDGWdjXWfwuogKYMOAFoEgIOPJY=
67,-2,R9fKBVEton5V4c0XbwrLGYFh94I=,IDGWdjXWfwuogKYMOAFoEgIOPJY=
68,-6,R9fKBVEton5V4c0XbwrLGYFh94I=,IDGWdjXWfwuogKYMOAFoEgIOPJY=
69,-2,R9fKBVEton5V4c0XbwrLGYFh94I=,IDGWdjXWfwuogKYMOAFoEgIOPJY=
78,-11,R9fKBVEton5V4c0XbwrLGYFh94I=,iRgnZm6GBP63BEWRUtMICwDmdvA=
77,-11,R9fKBVEton5V4c0XbwrLGYFh94I=,iRgnZm6GBP63BEWRUtMICwDmdvA=
65,-6,R9fKBVEton5V4c0XbwrLGYFh94I=,IDGWdjXWfwuogKYMOAFoEgIOPJY=
67,-6,R9fKBVEton5V4c0XbwrLGYFh94I=,IDGWdjXWfwuogKYMOAFoEgIOPJY=
66,-6,R9fKBVEton5V4c0XbwrLGYFh94I=,IDGWdjXWfwuogKYMOAFoEgIOPJY=
75,-11,R9fKBVEton5V4c0XbwrLGYFh94I=,iRgnZm6GBP63BEWRUtMICwDmdvA=
76,-11,R9fKBVEton5V4c0XbwrLGYFh94I=,iRgnZm6GBP63BEWRUtMICwDmdvA=
74,-11,R9fKBVEton5V4c0XbwrLGYFh94I=,iRgnZm6GBP63BEWRUtMICwDmdvA=
68,-2,R9fKBVEton5V4c0XbwrLGYFh94I=,IDGWdjXWfwuogKYMOAFoEgIOPJY=
73,-11,R9fKBVEton5V4c0XbwrLGYFh94I=,iRgnZm6GBP63BEWRUtMICwDmdvA=
78,-12,R9fKBVEton5V4c0XbwrLGYFh94I=,iRgnZm6GBP63BEWRUtMICwDmdvA=
77,-12,R9fKBVEton5V4c0XbwrLGYFh94I=,iRgnZm6GBP63BEWRUtMICwDmdvA=
76,-12,R9fKBVEton5V4c0XbwrLGYFh94I=,iRgnZm6GBP63BEWRUtMICwDmdvA=
75,-12,R9fKBVEton5V4c0XbwrLGYFh94I=,iRgnZm6GBP63BEWRUtMICwDmdvA=
73,-12,R9fKBVEton5V4c0XbwrLGYFh94I=,iRgnZm6GBP63BEWRUtMICwDmdvA=
74,-12,R9fKBVEton5V4c0XbwrLGYFh94I=,iRgnZm6GBP63BEWRUtMICwDmdvA=
77,-13,R9fKBVEton5V4c0XbwrLGYFh94I=,iRgnZm6GBP63BEWRUtMICwDmdvA=
78,-13,R9fKBVEton5V4c0XbwrLGYFh94I=,iRgnZm6GBP63BEWRUtMICwDmdvA=
76,-13,R9fKBVEton5V4c0XbwrLGYFh94I=,iRgnZm6GBP63BEWRUtMICwDmdvA=
74,-13,R9fKBVEton5V4c0XbwrLGYFh94I=,iRgnZm6GBP63BEWRUtMICwDmdvA=
73,-13,R9fKBVEton5V4c0XbwrLGYFh94I=,iRgnZm6GBP63BEWRUtMICwDmdvA=
78,-14,R9fKBVEton5V4c0XbwrLGYFh94I=,iRgnZm6GBP63BEWRUtMICwDmdvA=
75,-13,R9fKBVEton5V4c0XbwrLGYFh94I=,iRgnZm6GBP63BEWRUtMICwDmdvA=
77,-14,R9fKBVEton5V4c0XbwrLGYFh94I=,iRgnZm6GBP63BEWRUtMICwDmdvA=
76,-14,R9fKBVEton5V4c0XbwrLGYFh94I=,iRgnZm6GBP63BEWRUtMICwDmdvA=
75,-14,R9fKBVEton5V4c0XbwrLGYFh94I=,iRgnZm6GBP63BEWRUtMICwDmdvA=
74,-14,R9fKBVEton5V4c0XbwrLGYFh94I=,iRgnZm6GBP63BEWRUtMICwDmdvA=
78,-15,R9fKBVEton5V4c0XbwrLGYFh94I=,iRgnZm6GBP63BEWRUtMICwDmdvA=
73,-14,R9fKBVEton5V4c0XbwrLGYFh94I=,iRgnZm6GBP63BEWRUtMICwDmdvA=
77,-15,R9fKBVEton5V4c0XbwrLGYFh94I=,iRgnZm6GBP63BEWRUtMICwDmdvA=
76,-15,R9fKBVEton5V4c0XbwrLGYFh94I=,iRgnZm6GBP63BEWRUtMICwDmdvA=
75,-15,R9fKBVEton5V4c0XbwrLGYFh94I=,iRgnZm6GBP63BEWRUtMICwDmdvA=
74,-15,R9fKBVEton5V4c0XbwrLGYFh94I=,iRgnZm6GBP63BEWRUtMICwDmdvA=
68,-11,R9fKBVEton5V4c0XbwrLGYFh94I=,s+T3TGf07rdlGOM8V4YInJhba8k=
67,-11,R9fKBVEton5V4c0XbwrLGYFh94I=,s+T3TGf07rdlGOM8V4YInJhba8k=
69,-11,R9fKBVEton5V4c0XbwrLGYFh94I=,s+T3TGf07rdlGOM8V4YInJhba8k=
70,-11,R9fKBVEton5V4c0XbwrLGYFh94I=,s+T3TGf07rdlGOM8V4YInJhba8k=
66,-11,R9fKBVEton5V4c0XbwrLGYFh94I=,s+T3TGf07rdlGOM8V4YInJhba8k=
65,-11,R9fKBVEton5V4c0XbwrLGYFh94I=,s+T3TGf07rdlGOM8V4YInJhba8k=
72,-10,R9fKBVEton5V4c0XbwrLGYFh94I=,iRgnZm6GBP63BEWRUtMICwDmdvA=
72,-11,R9fKBVEton5V4c0XbwrLGYFh94I=,iRgnZm6GBP63BEWRUtMICwDmdvA=
71,-11,R9fKBVEton5V4c0XbwrLGYFh94I=,s+T3TGf07rdlGOM8V4YInJhba8k=
71,-12,R9fKBVEton5V4c0XbwrLGYFh94I=,s+T3TGf07rdlGOM8V4YInJhba8k=
70,-12,R9fKBVEton5V4c0XbwrLGYFh94I=,s+T3TGf07rdlGOM8V4YInJhba8k=
69,-12,R9fKBVEton5V4c0XbwrLGYFh94I=,s+T3TGf07rdlGOM8V4YInJhba8k=
68,-12,R9fKBVEton5V4c0XbwrLGYFh94I=,s+T3TGf07rdlGOM8V4YInJhba8k=
65,-10,R9fKBVEton5V4c0XbwrLGYFh94I=,s+T3TGf07rdlGOM8V4YInJhba8k=
67,-12,R9fKBVEton5V4c0XbwrLGYFh94I=,s+T3TGf07rdlGOM8V4YInJhba8k=
65,-12,R9fKBVEton5V4c0XbwrLGYFh94I=,s+T3TGf07rdlGOM8V4YInJhba8k=
66,-12,R9fKBVEton5V4c0XbwrLGYFh94I=,s+T3TGf07rdlGOM8V4YInJhba8k=
72,-12,R9fKBVEton5V4c0XbwrLGYFh94I=,iRgnZm6GBP63BEWRUtMICwDmdvA=
66,-10,R9fKBVEton5V4c0XbwrLGYFh94I=,s+T3TGf07rdlGOM8V4YInJhba8k=
71,-13,R9fKBVEton5V4c0XbwrLGYFh94I=,s+T3TGf07rdlGOM8V4YInJhba8k=
70,-13,R9fKBVEton5V4c0XbwrLGYFh94I=,s+T3TGf07rdlGOM8V4YInJhba8k=
69,-13,R9fKBVEton5V4c0XbwrLGYFh94I=,s+T3TGf07rdlGOM8V4YInJhba8k=
68,-13,R9fKBVEton5V4c0XbwrLGYFh94I=,s+T3TGf07rdlGOM8V4YInJhba8k=
67,-10,R9fKBVEton5V4c0XbwrLGYFh94I=,s+T3TGf07rdlGOM8V4YInJhba8k=
67,-13,R9fKBVEton5V4c0XbwrLGYFh94I=,s+T3TGf07rdlGOM8V4YInJhba8k=
66,-13,R9fKBVEton5V4c0XbwrLGYFh94I=,s+T3TGf07rdlGOM8V4YInJhba8k=
65,-13,R9fKBVEton5V4c0XbwrLGYFh94I=,s+T3TGf07rdlGOM8V4YInJhba8k=
71,-14,R9fKBVEton5V4c0XbwrLGYFh94I=,s+T3TGf07rdlGOM8V4YInJhba8k=
68,-10,R9fKBVEton5V4c0XbwrLGYFh94I=,s+T3TGf07rdlGOM8V4YInJhba8k=
70,-14,R9fKBVEton5V4c0XbwrLGYFh94I=,s+T3TGf07rdlGOM8V4YInJhba8k=
69,-14,R9fKBVEton5V4c0XbwrLGYFh94I=,s+T3TGf07rdlGOM8V4YInJhba8k=
68,-14,R9fKBVEton5V4c0XbwrLGYFh94I=,s+T3TGf07rdlGOM8V4YInJhba8k=
67,-14,R9fKBVEton5V4c0XbwrLGYFh94I=,s+T3TGf07rdlGOM8V4YInJhba8k=
69,-10,R9fKBVEton5V4c0XbwrLGYFh94I=,s+T3TGf07rdlGOM8V4YInJhba8k=
66,-14,R9fKBVEton5V4c0XbwrLGYFh94I=,s+T3TGf07rdlGOM8V4YInJhba8k=
65,-14,R9fKBVEton5V4c0XbwrLGYFh94I=,s+T3TGf07rdlGOM8V4YInJhba8k=
72,-13,R9fKBVEton5V4c0XbwrLGYFh94I=,iRgnZm6GBP63BEWRUtMICwDmdvA=
71,-15,R9fKBVEton5V4c0XbwrLGYFh94I=,s+T3TGf07rdlGOM8V4YInJhba8k=
70,-10,R9fKBVEton5V4c0XbwrLGYFh94I=,s+T3TGf07rdlGOM8V4YInJhba8k=
70,-15,R9fKBVEton5V4c0XbwrLGYFh94I=,s+T3TGf07rdlGOM8V4YInJhba8k=
68,-15,R9fKBVEton5V4c0XbwrLGYFh94I=,s+T3TGf07rdlGOM8V4YInJhba8k=
69,-15,R9fKBVEton5V4c0XbwrLGYFh94I=,s+T3TGf07rdlGOM8V4YInJhba8k=
67,-15,R9fKBVEton5V4c0XbwrLGYFh94I=,s+T3TGf07rdlGOM8V4YInJhba8k=
71,-10,R9fKBVEton5V4c0XbwrLGYFh94I=,s+T3TGf07rdlGOM8V4YInJhba8k=
70,-8,R9fKBVEton5V4c0XbwrLGYFh94I=,IDGWdjXWfwuogKYMOAFoEgIOPJY=
65,-15,R9fKBVEton5V4c0XbwrLGYFh94I=,s+T3TGf07rdlGOM8V4YInJhba8k=
69,-8,R9fKBVEton5V4c0XbwrLGYFh94I=,IDGWdjXWfwuogKYMOAFoEgIOPJY=
66,-15,R9fKBVEton5V4c0XbwrLGYFh94I=,s+T3TGf07rdlGOM8V4YInJhba8k=
65,-9,R9fKBVEton5V4c0XbwrLGYFh94I=,s+T3TGf07rdlGOM8V4YInJhba8k=
72,-14,R9fKBVEton5V4c0XbwrLGYFh94I=,iRgnZm6GBP63BEWRUtMICwDmdvA=
68,-8,R9fKBVEton5V4c0XbwrLGYFh94I=,IDGWdjXWfwuogKYMOAFoEgIOPJY=
72,-15,R9fKBVEton5V4c0XbwrLGYFh94I=,iRgnZm6GBP63BEWRUtMICwDmdvA=
67,-8,R9fKBVEton5V4c0XbwrLGYFh94I=,IDGWdjXWfwuogKYMOAFoEgIOPJY=
66,-9,R9fKBVEton5V4c0XbwrLGYFh94I=,s+T3TGf07rdlGOM8V4YInJhba8k=
66,-8,R9fKBVEton5V4c0XbwrLGYFh94I=,IDGWdjXWfwuogKYMOAFoEgIOPJY=
65,-8,R9fKBVEton5V4c0XbwrLGYFh94I=,IDGWdjXWfwuogKYMOAFoEgIOPJY=
70,-9,R9fKBVEton5V4c0XbwrLGYFh94I=,s+T3TGf07rdlGOM8V4YInJhba8k=
69,-9,R9fKBVEton5V4c0XbwrLGYFh94I=,s+T3TGf07rdlGOM8V4YInJhba8k=
67,-9,R9fKBVEton5V4c0XbwrLGYFh94I=,s+T3TGf07rdlGOM8V4YInJhba8k=
68,-9,R9fKBVEton5V4c0XbwrLGYFh94I=,s+T3TGf07rdlGOM8V4YInJhba8k=
64,-10,R9fKBVEton5V4c0XbwrLGYFh94I=,s+T3TGf07rdlGOM8V4YInJhba8k=
64,-15,R9fKBVEton5V4c0XbwrLGYFh94I=,s+T3TGf07rdlGOM8V4YInJhba8k=
64,-11,R9fKBVEton5V4c0XbwrLGYFh94I=,s+T3TGf07rdlGOM8V4YInJhba8k=
64,-12,R9fKBVEton5V4c0XbwrLGYFh94I=,s+T3TGf07rdlGOM8V4YInJhba8k=
64,-13,R9fKBVEton5V4c0XbwrLGYFh94I=,s+T3TGf07rdlGOM8V4YInJhba8k=
64,-14,R9fKBVEton5V4c0XbwrLGYFh94I=,s+T3TGf07rdlGOM8V4YInJhba8k=
65,-16,R9fKBVEton5V4c0XbwrLGYFh94I=,s+T3TGf07rdlGOM8V4YInJhba8k=
66,-16,R9fKBVEton5V4c0XbwrLGYFh94I=,s+T3TGf07rdlGOM8V4YInJhba8k=
65,-1,R9fKBVEton5V4c0XbwrLGYFh94I=,IDGWdjXWfwuogKYMOAFoEgIOPJY=
64,-9,R9fKBVEton5V4c0XbwrLGYFh94I=,s+T3TGf07rdlGOM8V4YInJhba8k=
67,-16,R9fKBVEton5V4c0XbwrLGYFh94I=,s+T3TGf07rdlGOM8V4YInJhba8k=
66,-1,R9fKBVEton5V4c0XbwrLGYFh94I=,IDGWdjXWfwuogKYMOAFoEgIOPJY=
64,-8,R9fKBVEton5V4c0XbwrLGYFh94I=,IDGWdjXWfwuogKYMOAFoEgIOPJY=
68,-16,R9fKBVEton5V4c0XbwrLGYFh94I=,s+T3TGf07rdlGOM8V4YInJhba8k=
64,-4,R9fKBVEton5V4c0XbwrLGYFh94I=,IDGWdjXWfwuogKYMOAFoEgIOPJY=
67,-1,R9fKBVEton5V4c0XbwrLGYFh94I=,IDGWdjXWfwuogKYMOAFoEgIOPJY=
69,-16,R9fKBVEton5V4c0XbwrLGYFh94I=,s+T3TGf07rdlGOM8V4YInJhba8k=
64,-7,R9fKBVEton5V4c0XbwrLGYFh94I=,IDGWdjXWfwuogKYMOAFoEgIOPJY=
68,-1,R9fKBVEton5V4c0XbwrLGYFh94I=,IDGWdjXWfwuogKYMOAFoEgIOPJY=
70,-16,R9fKBVEton5V4c0XbwrLGYFh94I=,s+T3TGf07rdlGOM8V4YInJhba8k=
64,-3,R9fKBVEton5V4c0XbwrLGYFh94I=,IDGWdjXWfwuogKYMOAFoEgIOPJY=
69,-1,R9fKBVEton5V4c0XbwrLGYFh94I=,IDGWdjXWfwuogKYMOAFoEgIOPJY=
64,-2,R9fKBVEton5V4c0XbwrLGYFh94I=,IDGWdjXWfwuogKYMOAFoEgIOPJY=
70,-1,R9fKBVEton5V4c0XbwrLGYFh94I=,IDGWdjXWfwuogKYMOAFoEgIOPJY=
64,-6,R9fKBVEton5V4c0XbwrLGYFh94I=,IDGWdjXWfwuogKYMOAFoEgIOPJY=
64,-5,R9fKBVEton5V4c0XbwrLGYFh94I=,IDGWdjXWfwuogKYMOAFoEgIOPJY=
79,-1,R9fKBVEton5V4c0XbwrLGYFh94I=,2J55ly11lZeo+iH7rjeeX+BCN48=
76,-9,R9fKBVEton5V4c0XbwrLGYFh94I=,iRgnZm6GBP63BEWRUtMICwDmdvA=
79,-9,R9fKBVEton5V4c0XbwrLGYFh94I=,iRgnZm6GBP63BEWRUtMICwDmdvA=
72,-16,R9fKBVEton5V4c0XbwrLGYFh94I=,iRgnZm6GBP63BEWRUtMICwDmdvA=
64,-1,R9fKBVEton5V4c0XbwrLGYFh94I=,IDGWdjXWfwuogKYMOAFoEgIOPJY=
76,-1,R9fKBVEton5V4c0XbwrLGYFh94I=,2J55ly11lZeo+iH7rjeeX+BCN48=
79,-8,R9fKBVEton5V4c0XbwrLGYFh94I=,2J55ly11lZeo+iH7rjeeX+BCN48=
64,-16,R9fKBVEton5V4c0XbwrLGYFh94I=,s+T3TGf07rdlGOM8V4YInJhba8k=
73,-16,R9fKBVEton5V4c0XbwrLGYFh94I=,iRgnZm6GBP63BEWRUtMICwDmdvA=
71,-16,R9fKBVEton5V4c0XbwrLGYFh94I=,s+T3TGf07rdlGOM8V4YInJhba8k=
74,-5,R9fKBVEton5V4c0XbwrLGYFh94I=,2J55ly11lZeo+iH7rjeeX+BCN48=
79,-15,R9fKBVEton5V4c0XbwrLGYFh94I=,iRgnZm6GBP63BEWRUtMICwDmdvA=
73,-4,R9fKBVEton5V4c0XbwrLGYFh94I=,2J55ly11lZeo+iH7rjeeX+BCN48=
74,-16,R9fKBVEton5V4c0XbwrLGYFh94I=,iRgnZm6GBP63BEWRUtMICwDmdvA=
79,-10,R9fKBVEton5V4c0XbwrLGYFh94I=,iRgnZm6GBP63BEWRUtMICwDmdvA=
75,-5,R9fKBVEton5V4c0XbwrLGYFh94I=,2J55ly11lZeo+iH7rjeeX+BCN48=
79,-14,R9fKBVEton5V4c0XbwrLGYFh94I=,iRgnZm6GBP63BEWRUtMICwDmdvA=
75,-16,R9fKBVEton5V4c0XbwrLGYFh94I=,iRgnZm6GBP63BEWRUtMICwDmdvA=
79,-16,R9fKBVEton5V4c0XbwrLGYFh94I=,iRgnZm6GBP63BEWRUtMICwDmdvA=
79,-11,R9fKBVEton5V4c0XbwrLGYFh94I=,iRgnZm6GBP63BEWRUtMICwDmdvA=
77,-1,R9fKBVEton5V4c0XbwrLGYFh94I=,2J55ly11lZeo+iH7rjeeX+BCN48=
79,-13,R9fKBVEton5V4c0XbwrLGYFh94I=,iRgnZm6GBP63BEWRUtMICwDmdvA=
78,-16,R9fKBVEton5V4c0XbwrLGYFh94I=,iRgnZm6GBP63BEWRUtMICwDmdvA=
79,-12,R9fKBVEton5V4c0XbwrLGYFh94I=,iRgnZm6GBP63BEWRUtMICwDmdvA=
78,-1,R9fKBVEton5V4c0XbwrLGYFh94I=,2J55ly11lZeo+iH7rjeeX+BCN48=
76,-16,R9fKBVEton5V4c0XbwrLGYFh94I=,iRgnZm6GBP63BEWRUtMICwDmdvA=
77,-16,R9fKBVEton5V4c0XbwrLGYFh94I=,iRgnZm6GBP63BEWRUtMICwDmdvA=
75,-1,R9fKBVEton5V4c0XbwrLGYFh94I=,2J55ly11lZeo+iH7rjeeX+BCN48=
71,-1,R9fKBVEton5V4c0XbwrLGYFh94I=,IDGWdjXWfwuogKYMOAFoEgIOPJY=
77,-9,R9fKBVEton5V4c0XbwrLGYFh94I=,iRgnZm6GBP63BEWRUtMICwDmdvA=
77,-2,R9fKBVEton5V4c0XbwrLGYFh94I=,2J55ly11lZeo+iH7rjeeX+BCN48=
75,-9,R9fKBVEton5V4c0XbwrLGYFh94I=,iRgnZm6GBP63BEWRUtMICwDmdvA=
74,-9,R9fKBVEton5V4c0XbwrLGYFh94I=,iRgnZm6GBP63BEWRUtMICwDmdvA=
78,-9,R9fKBVEton5V4c0XbwrLGYFh94I=,iRgnZm6GBP63BEWRUtMICwDmdvA=
72,-4,R9fKBVEton5V4c0XbwrLGYFh94I=,2J55ly11lZeo+iH7rjeeX+BCN48=
73,-9,R9fKBVEton5V4c0XbwrLGYFh94I=,iRgnZm6GBP63BEWRUtMICwDmdvA=
74,-1,R9fKBVEton5V4c0XbwrLGYFh94I=,2J55ly11lZeo+iH7rjeeX+BCN48=
72,-9,R9fKBVEton5V4c0XbwrLGYFh94I=,iRgnZm6GBP63BEWRUtMICwDmdvA=
76,-5,R9fKBVEton5V4c0XbwrLGYFh94I=,2J55ly11lZeo+iH7rjeeX+BCN48=
71,-2,R9fKBVEton5V4c0XbwrLGYFh94I=,IDGWdjXWfwuogKYMOAFoEgIOPJY=
79,-5,R9fKBVEton5V4c0XbwrLGYFh94I=,2J55ly11lZeo+iH7rjeeX+BCN48=
76,-2,R9fKBVEton5V4c0XbwrLGYFh94I=,2J55ly11lZeo+iH7rjeeX+BCN48=
71,-6,R9fKBVEton5V4c0XbwrLGYFh94I=,IDGWdjXWfwuogKYMOAFoEgIOPJY=
72,-3,R9fKBVEton5V4c0XbwrLGYFh94I=,2J55ly11lZeo+iH7rjeeX+BCN48=
73,-1,R9fKBVEton5V4c0XbwrLGYFh94I=,2J55ly11lZeo+iH7rjeeX+BCN48=
72,-1,R9fKBVEton5V4c0XbwrLGYFh94I=,2J55ly11lZeo+iH7rjeeX+BCN48=
79,-2,R9fKBVEton5V4c0XbwrLGYFh94I=,2J55ly11lZeo+iH7rjeeX+BCN48=
73,-6,R9fKBVEton5V4c0XbwrLGYFh94I=,2J55ly11lZeo+iH7rjeeX+BCN48=
78,-2,R9fKBVEton5V4c0XbwrLGYFh94I=,2J55ly11lZeo+iH7rjeeX+BCN48=
75,-7,R9fKBVEton5V4c0XbwrLGYFh94I=,2J55ly11lZeo+iH7rjeeX+BCN48=
79,-3,R9fKBVEton5V4c0XbwrLGYFh94I=,2J55ly11lZeo+iH7rjeeX+BCN48=
75,-8,R9fKBVEton5V4c0XbwrLGYFh94I=,2J55ly11lZeo+iH7rjeeX+BCN48=
76,-8,R9fKBVEton5V4c0XbwrLGYFh94I=,2J55ly11lZeo+iH7rjeeX+BCN48=
74,-7,R9fKBVEton5V4c0XbwrLGYFh94I=,2J55ly11lZeo+iH7rjeeX+BCN48=
72,-6,R9fKBVEton5V4c0XbwrLGYFh94I=,2J55ly11lZeo+iH7rjeeX+BCN48=
74,-8,R9fKBVEton5V4c0XbwrLGYFh94I=,2J55ly11lZeo+iH7rjeeX+BCN48=
75,-2,R9fKBVEton5V4c0XbwrLGYFh94I=,2J55ly11lZeo+iH7rjeeX+BCN48=
74,-6,R9fKBVEton5V4c0XbwrLGYFh94I=,2J55ly11lZeo+iH7rjeeX+BCN48=
71,-7,R9fKBVEton5V4c0XbwrLGYFh94I=,IDGWdjXWfwuogKYMOAFoEgIOPJY=
75,-6,R9fKBVEton5V4c0XbwrLGYFh94I=,2J55ly11lZeo+iH7rjeeX+BCN48=
79,-7,R9fKBVEton5V4c0XbwrLGYFh94I=,2J55ly11lZeo+iH7rjeeX+BCN48=
71,-3,R9fKBVEton5V4c0XbwrLGYFh94I=,IDGWdjXWfwuogKYMOAFoEgIOPJY=
73,-7,R9fKBVEton5V4c0XbwrLGYFh94I=,2J55ly11lZeo+iH7rjeeX+BCN48=
78,-3,R9fKBVEton5V4c0XbwrLGYFh94I=,2J55ly11lZeo+iH7rjeeX+BCN48=
76,-6,R9fKBVEton5V4c0XbwrLGYFh94I=,2J55ly11lZeo+iH7rjeeX+BCN48=
72,-7,R9fKBVEton5V4c0XbwrLGYFh94I=,2J55ly11lZeo+iH7rjeeX+BCN48=
78,-5,R9fKBVEton5V4c0XbwrLGYFh94I=,2J55ly11lZeo+iH7rjeeX+BCN48=
77,-5,R9fKBVEton5V4c0XbwrLGYFh94I=,2J55ly11lZeo+iH7rjeeX+BCN48=
78,-7,R9fKBVEton5V4c0XbwrLGYFh94I=,2J55ly11lZeo+iH7rjeeX+BCN48=
77,-6,R9fKBVEton5V4c0XbwrLGYFh94I=,2J55ly11lZeo+iH7rjeeX+BCN48=
74,-2,R9fKBVEton5V4c0XbwrLGYFh94I=,2J55ly11lZeo+iH7rjeeX+BCN48=
77,-3,R9fKBVEton5V4c0XbwrLGYFh94I=,2J55ly11lZeo+iH7rjeeX+BCN48=
76,-3,R9fKBVEton5V4c0XbwrLGYFh94I=,2J55ly11lZeo+iH7rjeeX+BCN48=
71,-4,R9fKBVEton5V4c0XbwrLGYFh94I=,IDGWdjXWfwuogKYMOAFoEgIOPJY=
72,-2,R9fKBVEton5V4c0XbwrLGYFh94I=,2J55ly11lZeo+iH7rjeeX+BCN48=
75,-3,R9fKBVEton5V4c0XbwrLGYFh94I=,2J55ly11lZeo+iH7rjeeX+BCN48=
73,-2,R9fKBVEton5V4c0XbwrLGYFh94I=,2J55ly11lZeo+iH7rjeeX+BCN48=
71,-8,R9fKBVEton5V4c0XbwrLGYFh94I=,IDGWdjXWfwuogKYMOAFoEgIOPJY=
71,-9,R9fKBVEton5V4c0XbwrLGYFh94I=,s+T3TGf07rdlGOM8V4YInJhba8k=
77,-7,R9fKBVEton5V4c0XbwrLGYFh94I=,2J55ly11lZeo+iH7rjeeX+BCN48=
74,-3,R9fKBVEton5V4c0XbwrLGYFh94I=,2J55ly11lZeo+iH7rjeeX+BCN48=
76,-7,R9fKBVEton5V4c0XbwrLGYFh94I=,2J55ly11lZeo+iH7rjeeX+BCN48=
78,-6,R9fKBVEton5V4c0XbwrLGYFh94I=,2J55ly11lZeo+iH7rjeeX+BCN48=
79,-4,R9fKBVEton5V4c0XbwrLGYFh94I=,2J55ly11lZeo+iH7rjeeX+BCN48=
73,-5,R9fKBVEton5V4c0XbwrLGYFh94I=,2J55ly11lZeo+iH7rjeeX+BCN48=
73,-3,R9fKBVEton5V4c0XbwrLGYFh94I=,2J55ly11lZeo+iH7rjeeX+BCN48=
73,-8,R9fKBVEton5V4c0XbwrLGYFh94I=,2J55ly11lZeo+iH7rjeeX+BCN48=
72,-8,R9fKBVEton5V4c0XbwrLGYFh94I=,2J55ly11lZeo+iH7rjeeX+BCN48=
78,-4,R9fKBVEton5V4c0XbwrLGYFh94I=,2J55ly11lZeo+iH7rjeeX+BCN48=
78,-8,R9fKBVEton5V4c0XbwrLGYFh94I=,2J55ly11lZeo+iH7rjeeX+BCN48=
72,-5,R9fKBVEton5V4c0XbwrLGYFh94I=,2J55ly11lZeo+iH7rjeeX+BCN48=
77,-4,R9fKBVEton5V4c0XbwrLGYFh94I=,2J55ly11lZeo+iH7rjeeX+BCN48=
71,-5,R9fKBVEton5V4c0XbwrLGYFh94I=,IDGWdjXWfwuogKYMOAFoEgIOPJY=
77,-8,R9fKBVEton5V4c0XbwrLGYFh94I=,2J55ly11lZeo+iH7rjeeX+BCN48=
76,-4,R9fKBVEton5V4c0XbwrLGYFh94I=,2J55ly11lZeo+iH7rjeeX+BCN48=
79,-6,R9fKBVEton5V4c0XbwrLGYFh94I=,2J55ly11lZeo+iH7rjeeX+BCN48=
75,-4,R9fKBVEton5V4c0XbwrLGYFh94I=,2J55ly11lZeo+iH7rjeeX+BCN48=
74,-4,R9fKBVEton5V4c0XbwrLGYFh94I=,2J55ly11lZeo+iH7rjeeX+BCN48=
