76,3,8CEmeicjuTWAZdYzMn7Opc3b3tM=,jO7bYSbUkA9gUffXmJJQJMqtwoE=
65,9,8CEmeicjuTWAZdYzMn7Opc3b3tM=,ddsJi8LEvZlOcC64/905crD4Wh8=
66,9,XNL5dQixUjBN3h5CXs1iOxR+obQ=,ddsJi8LEvZlOcC64/905crD4Wh8=
67,9,dt0q88GwFfBJ7+NTCos0wy14ULQ=,ddsJi8LEvZlOcC64/905crD4Wh8=
68,9,dt0q88GwFfBJ7+NTCos0wy14ULQ=,ddsJi8LEvZlOcC64/905crD4Wh8=
69,9,dt0q88GwFfBJ7+NTCos0wy14ULQ=,ddsJi8LEvZlOcC64/905crD4Wh8=
70,9,dt0q88GwFfBJ7+NTCos0wy14ULQ=,ddsJi8LEvZlOcC64/905crD4Wh8=
65,10,dt0q88GwFfBJ7+NTCos0wy14ULQ=,ddsJi8LEvZlOcC64/905crD4Wh8=
66,10,dt0q88GwFfBJ7+NTCos0wy14ULQ=,ddsJi8LEvZlOcC64/905crD4Wh8=
67,10,dt0q88GwFfBJ7+NTCos0wy14ULQ=,ddsJi8LEvZlOcC64/905crD4Wh8=
68,10,dt0q88GwFfBJ7+NTCos0wy14ULQ=,ddsJi8LEvZlOcC64/905crD4Wh8=
69,10,dt0q88GwFfBJ7+NTCos0wy14ULQ=,ddsJi8LEvZlOcC64/905crD4Wh8=
70,10,dt0q88GwFfBJ7+NTCos0wy14ULQ=,ddsJi8LEvZlOcC64/905crD4Wh8=
65,11,dt0q88GwFfBJ7+NTCos0wy14ULQ=,ddsJi8LEvZlOcC64/905crD4Wh8=
66,11,dt0q88GwFfBJ7+NTCos0wy14ULQ=,ddsJi8LEvZlOcC64/905crD4Wh8=
67,11,dt0q88GwFfBJ7+NTCos0wy14ULQ=,ddsJi8LEvZlOcC64/905crD4Wh8=
68,11,dt0q88GwFfBJ7+NTCos0wy14ULQ=,ddsJi8LEvZlOcC64/905crD4Wh8=
65,12,dt0q88GwFfBJ7+NTCos0wy14ULQ=,ddsJi8LEvZlOcC64/905crD4Wh8=
66,12,dt0q88GwFfBJ7+NTCos0wy14ULQ=,ddsJi8LEvZlOcC64/905crD4Wh8=
67,12,dt0q88GwFfBJ7+NTCos0wy14ULQ=,ddsJi8LEvZlOcC64/905crD4Wh8=
68,12,dt0q88GwFfBJ7+NTCos0wy14ULQ=,ddsJi8LEvZlOcC64/905crD4Wh8=
69,12,dt0q88GwFfBJ7+NTCos0wy14ULQ=,ddsJi8LEvZlOcC64/905crD4Wh8=
70,12,dt0q88GwFfBJ7+NTCos0wy14ULQ=,ddsJi8LEvZlOcC64/905crD4Wh8=
66,13,dt0q88GwFfBJ7+NTCos0wy14ULQ=,ddsJi8LEvZlOcC64/905crD4Wh8=
67,13,dt0q88GwFfBJ7+NTCos0wy14ULQ=,ddsJi8LEvZlOcC64/905crD4Wh8=
65,13,dt0q88GwFfBJ7+NTCos0wy14ULQ=,ddsJi8LEvZlOcC64/905crD4Wh8=
68,13,dt0q88GwFfBJ7+NTCos0wy14ULQ=,ddsJi8LEvZlOcC64/905crD4Wh8=
69,13,dt0q88GwFfBJ7+NTCos0wy14ULQ=,ddsJi8LEvZlOcC64/905crD4Wh8=
70,13,dt0q88GwFfBJ7+NTCos0wy14ULQ=,ddsJi8LEvZlOcC64/905crD4Wh8=
65,14,dt0q88GwFfBJ7+NTCos0wy14ULQ=,ddsJi8LEvZlOcC64/905crD4Wh8=
66,14,dt0q88GwFfBJ7+NTCos0wy14ULQ=,ddsJi8LEvZlOcC64/905crD4Wh8=
67,14,dt0q88GwFfBJ7+NTCos0wy14ULQ=,ddsJi8LEvZlOcC64/905crD4Wh8=
68,14,dt0q88GwFfBJ7+NTCos0wy14ULQ=,ddsJi8LEvZlOcC64/905crD4Wh8=
69,14,dt0q88GwFfBJ7+NTCos0wy14ULQ=,ddsJi8LEvZlOcC64/905crD4Wh8=
70,14,dt0q88GwFfBJ7+NTCos0wy14ULQ=,ddsJi8LEvZlOcC64/905crD4Wh8=
69,11,dt0q88GwFfBJ7+NTCos0wy14ULQ=,ddsJi8LEvZlOcC64/905crD4Wh8=
70,11,dt0q88GwFfBJ7+NTCos0wy14ULQ=,ddsJi8LEvZlOcC64/905crD4Wh8=
75,3,dt0q88GwFfBJ7+NTCos0wy14ULQ=,jO7bYSbUkA9gUffXmJJQJMqtwoE=
79,3,dt0q88GwFfBJ7+NTCos0wy14ULQ=,jO7bYSbUkA9gUffXmJJQJMqtwoE=
79,4,dt0q88GwFfBJ7+NTCos0wy14ULQ=,jO7bYSbUkA9gUffXmJJQJMqtwoE=
74,3,dt0q88GwFfBJ7+NTCos0wy14ULQ=,jO7bYSbUkA9gUffXmJJQJMqtwoE=
79,5,dt0q88GwFfBJ7+NTCos0wy14ULQ=,jO7bYSbUkA9gUffXmJJQJMqtwoE=
79,6,dt0q88GwFfBJ7+NTCos0wy14ULQ=,jO7bYSbUkA9gUffXmJJQJMqtwoE=
73,3,dt0q88GwFfBJ7+NTCos0wy14ULQ=,jO7bYSbUkA9gUffXmJJQJMqtwoE=
79,1,dt0q88GwFfBJ7+NTCos0wy14ULQ=,jO7bYSbUkA9gUffXmJJQJMqtwoE=
79,2,dt0q88GwFfBJ7+NTCos0wy14ULQ=,jO7bYSbUkA9gUffXmJJQJMqtwoE=
78,2,dt0q88GwFfBJ7+NTCos0wy14ULQ=,jO7bYSbUkA9gUffXmJJQJMqtwoE=
77,2,dt0q88GwFfBJ7+NTCos0wy14ULQ=,jO7bYSbUkA9gUffXmJJQJMqtwoE=
76,2,dt0q88GwFfBJ7+NTCos0wy14ULQ=,jO7bYSbUkA9gUffXmJJQJMqtwoE=
75,2,dt0q88GwFfBJ7+NTCos0wy14ULQ=,jO7bYSbUkA9gUffXmJJQJMqtwoE=
79,7,dt0q88GwFfBJ7+NTCos0wy14ULQ=,jO7bYSbUkA9gUffXmJJQJMqtwoE=
78,7,dt0q88GwFfBJ7+NTCos0wy14ULQ=,jO7bYSbUkA9gUffXmJJQJMqtwoE=
76,13,dt0q88GwFfBJ7+NTCos0wy14ULQ=,2J55ly11lZeo+iH7rjeeX+BCN48=
75,13,dt0q88GwFfBJ7+NTCos0wy14ULQ=,2J55ly11lZeo+iH7rjeeX+BCN48=
71,11,dt0q88GwFfBJ7+NTCos0wy14ULQ=,ddsJi8LEvZlOcC64/905crD4Wh8=
77,7,dt0q88GwFfBJ7+NTCos0wy14ULQ=,jO7bYSbUkA9gUffXmJJQJMqtwoE=
77,13,dt0q88GwFfBJ7+NTCos0wy14ULQ=,2J55ly11lZeo+iH7rjeeX+BCN48=
74,13,dt0q88GwFfBJ7+NTCos0wy14ULQ=,2J55ly11lZeo+iH7rjeeX+BCN48=
73,13,dt0q88GwFfBJ7+NTCos0wy14ULQ=,2J55ly11lZeo+iH7rjeeX+BCN48=
74,2,dt0q88GwFfBJ7+NTCos0wy14ULQ=,jO7bYSbUkA9gUffXmJJQJMqtwoE=
78,13,dt0q88GwFfBJ7+NTCos0wy14ULQ=,2J55ly11lZeo+iH7rjeeX+BCN48=
79,12,dt0q88GwFfBJ7+NTCos0wy14ULQ=,2J55ly11lZeo+iH7rjeeX+BCN48=
72,13,dt0q88GwFfBJ7+NTCos0wy14ULQ=,2J55ly11lZeo+iH7rjeeX+BCN48=
76,7,dt0q88GwFfBJ7+NTCos0wy14ULQ=,jO7bYSbUkA9gUffXmJJQJMqtwoE=
75,7,dt0q88GwFfBJ7+NTCos0wy14ULQ=,jO7bYSbUkA9gUffXmJJQJMqtwoE=
71,14,dt0q88GwFfBJ7+NTCos0wy14ULQ=,ddsJi8LEvZlOcC64/905crD4Wh8=
77,12,dt0q88GwFfBJ7+NTCos0wy14ULQ=,2J55ly11lZeo+iH7rjeeX+BCN48=
79,13,dt0q88GwFfBJ7+NTCos0wy14ULQ=,2J55ly11lZeo+iH7rjeeX+BCN48=
74,7,dt0q88GwFfBJ7+NTCos0wy14ULQ=,jO7bYSbUkA9gUffXmJJQJMqtwoE=
78,12,dt0q88GwFfBJ7+NTCos0wy14ULQ=,2J55ly11lZeo+iH7rjeeX+BCN48=
76,12,dt0q88GwFfBJ7+NTCos0wy14ULQ=,2J55ly11lZeo+iH7rjeeX+BCN48=
73,8,dt0q88GwFfBJ7+NTCos0wy14ULQ=,2J55ly11lZeo+iH7rjeeX+BCN48=
71,13,dt0q88GwFfBJ7+NTCos0wy14ULQ=,ddsJi8LEvZlOcC64/905crD4Wh8=
75,12,dt0q88GwFfBJ7+NTCos0wy14ULQ=,2J55ly11lZeo+iH7rjeeX+BCN48=
74,12,dt0q88GwFfBJ7+NTCos0wy14ULQ=,2J55ly11lZeo+iH7rjeeX+BCN48=
73,12,dt0q88GwFfBJ7+NTCos0wy14ULQ=,2J55ly11lZeo+iH7rjeeX+BCN48=
74,8,dt0q88GwFfBJ7+NTCos0wy14ULQ=,2J55ly11lZeo+iH7rjeeX+BCN48=
73,2,dt0q88GwFfBJ7+NTCos0wy14ULQ=,jO7bYSbUkA9gUffXmJJQJMqtwoE=
71,12,dt0q88GwFfBJ7+NTCos0wy14ULQ=,ddsJi8LEvZlOcC64/905crD4Wh8=
72,12,dt0q88GwFfBJ7+NTCos0wy14ULQ=,2J55ly11lZeo+iH7rjeeX+BCN48=
75,8,dt0q88GwFfBJ7+NTCos0wy14ULQ=,2J55ly11lZeo+iH7rjeeX+BCN48=
78,6,dt0q88GwFfBJ7+NTCos0wy14ULQ=,jO7bYSbUkA9gUffXmJJQJMqtwoE=
79,11,dt0q88GwFfBJ7+NTCos0wy14ULQ=,2J55ly11lZeo+iH7rjeeX+BCN48=
78,11,dt0q88GwFfBJ7+NTCos0wy14ULQ=,2J55ly11lZeo+iH7rjeeX+BCN48=
77,11,dt0q88GwFfBJ7+NTCos0wy14ULQ=,2J55ly11lZeo+iH7rjeeX+BCN48=
72,14,dt0q88GwFfBJ7+NTCos0wy14ULQ=,2J55ly11lZeo+iH7rjeeX+BCN48=
76,11,dt0q88GwFfBJ7+NTCos0wy14ULQ=,2J55ly11lZeo+iH7rjeeX+BCN48=
73,14,dt0q88GwFfBJ7+NTCos0wy14ULQ=,2J55ly11lZeo+iH7rjeeX+BCN48=
75,11,dt0q88GwFfBJ7+NTCos0wy14ULQ=,2J55ly11lZeo+iH7rjeeX+BCN48=
77,6,dt0q88GwFfBJ7+NTCos0wy14ULQ=,jO7bYSbUkA9gUffXmJJQJMqtwoE=
74,14,dt0q88GwFfBJ7+NTCos0wy14ULQ=,2J55ly11lZeo+iH7rjeeX+BCN48=
73,11,dt0q88GwFfBJ7+NTCos0wy14ULQ=,2J55ly11lZeo+iH7rjeeX+BCN48=
64,9,dt0q88GwFfBJ7+NTCos0wy14ULQ=,ddsJi8LEvZlOcC64/905crD4Wh8=
78,1,dt0q88GwFfBJ7+NTCos0wy14ULQ=,jO7bYSbUkA9gUffXmJJQJMqtwoE=
64,14,dt0q88GwFfBJ7+NTCos0wy14ULQ=,ddsJi8LEvZlOcC64/905crD4Wh8=
75,14,dt0q88GwFfBJ7+NTCos0wy14ULQ=,2J55ly11lZeo+iH7rjeeX+BCN48=
64,10,dt0q88GwFfBJ7+NTCos0wy14ULQ=,ddsJi8LEvZlOcC64/905crD4Wh8=
64,13,dt0q88GwFfBJ7+NTCos0wy14ULQ=,ddsJi8LEvZlOcC64/905crD4Wh8=
64,11,dt0q88GwFfBJ7+NTCos0wy14ULQ=,ddsJi8LEvZlOcC64/905crD4Wh8=
64,12,dt0q88GwFfBJ7+NTCos0wy14ULQ=,ddsJi8LEvZlOcC64/905crD4Wh8=
76,14,dt0q88GwFfBJ7+NTCos0wy14ULQ=,2J55ly11lZeo+iH7rjeeX+BCN48=
72,11,dt0q88GwFfBJ7+NTCos0wy14ULQ=,2J55ly11lZeo+iH7rjeeX+BCN48=
71,10,dt0q88GwFfBJ7+NTCos0wy14ULQ=,ddsJi8LEvZlOcC64/905crD4Wh8=
77,14,dt0q88GwFfBJ7+NTCos0wy14ULQ=,2J55ly11lZeo+iH7rjeeX+BCN48=
78,10,dt0q88GwFfBJ7+NTCos0wy14ULQ=,2J55ly11lZeo+iH7rjeeX+BCN48=
79,10,dt0q88GwFfBJ7+NTCos0wy14ULQ=,2J55ly11lZeo+iH7rjeeX+BCN48=
76,8,dt0q88GwFfBJ7+NTCos0wy14ULQ=,2J55ly11lZeo+iH7rjeeX+BCN48=
77,10,dt0q88GwFfBJ7+NTCos0wy14ULQ=,2J55ly11lZeo+iH7rjeeX+BCN48=
77,8,dt0q88GwFfBJ7+NTCos0wy14ULQ=,2J55ly11lZeo+iH7rjeeX+BCN48=
78,8,dt0q88GwFfBJ7+NTCos0wy14ULQ=,2J55ly11lZeo+iH7rjeeX+BCN48=
79,8,dt0q88GwFfBJ7+NTCos0wy14ULQ=,2J55ly11lZeo+iH7rjeeX+BCN48=
72,9,dt0q88GwFfBJ7+NTCos0wy14ULQ=,2J55ly11lZeo+iH7rjeeX+BCN48=
73,9,dt0q88GwFfBJ7+NTCos0wy14ULQ=,2J55ly11lZeo+iH7rjeeX+BCN48=
74,9,dt0q88GwFfBJ7+NTCos0wy14ULQ=,2J55ly11lZeo+iH7rjeeX+BCN48=
76,10,dt0q88GwFfBJ7+NTCos0wy14ULQ=,2J55ly11lZeo+iH7rjeeX+BCN48=
78,14,dt0q88GwFfBJ7+NTCos0wy14ULQ=,2J55ly11lZeo+iH7rjeeX+BCN48=
74,10,dt0q88GwFfBJ7+NTCos0wy14ULQ=,2J55ly11lZeo+iH7rjeeX+BCN48=
75,10,dt0q88GwFfBJ7+NTCos0wy14ULQ=,2J55ly11lZeo+iH7rjeeX+BCN48=
73,10,dt0q88GwFfBJ7+NTCos0wy14ULQ=,2J55ly11lZeo+iH7rjeeX+BCN48=
68,2,dt0q88GwFfBJ7+NTCos0wy14ULQ=,6GJhYJKvMgI6n6vHo3BCwYLQmPM=
79,14,dt0q88GwFfBJ7+NTCos0wy14ULQ=,2J55ly11lZeo+iH7rjeeX+BCN48=
72,10,dt0q88GwFfBJ7+NTCos0wy14ULQ=,2J55ly11lZeo+iH7rjeeX+BCN48=
76,6,dt0q88GwFfBJ7+NTCos0wy14ULQ=,jO7bYSbUkA9gUffXmJJQJMqtwoE=
79,9,dt0q88GwFfBJ7+NTCos0wy14ULQ=,2J55ly11lZeo+iH7rjeeX+BCN48=
66,3,dt0q88GwFfBJ7+NTCos0wy14ULQ=,6GJhYJKvMgI6n6vHo3BCwYLQmPM=
75,9,dt0q88GwFfBJ7+NTCos0wy14ULQ=,2J55ly11lZeo+iH7rjeeX+BCN48=
78,9,dt0q88GwFfBJ7+NTCos0wy14ULQ=,2J55ly11lZeo+iH7rjeeX+BCN48=
77,9,dt0q88GwFfBJ7+NTCos0wy14ULQ=,2J55ly11lZeo+iH7rjeeX+BCN48=
76,9,dt0q88GwFfBJ7+NTCos0wy14ULQ=,2J55ly11lZeo+iH7rjeeX+BCN48=
66,8,dt0q88GwFfBJ7+NTCos0wy14ULQ=,ddsJi8LEvZlOcC64/905crD4Wh8=
77,1,dt0q88GwFfBJ7+NTCos0wy14ULQ=,jO7bYSbUkA9gUffXmJJQJMqtwoE=
76,1,dt0q88GwFfBJ7+NTCos0wy14ULQ=,jO7bYSbUkA9gUffXmJJQJMqtwoE=
71,9,dt0q88GwFfBJ7+NTCos0wy14ULQ=,ddsJi8LEvZlOcC64/905crD4Wh8=
67,8,dt0q88GwFfBJ7+NTCos0wy14ULQ=,ddsJi8LEvZlOcC64/905crD4Wh8=
75,1,dt0q88GwFfBJ7+NTCos0wy14ULQ=,jO7bYSbUkA9gUffXmJJQJMqtwoE=
74,1,dt0q88GwFfBJ7+NTCos0wy14ULQ=,jO7bYSbUkA9gUffXmJJQJMqtwoE=
68,8,dt0q88GwFfBJ7+NTCos0wy14ULQ=,ddsJi8LEvZlOcC64/905crD4Wh8=
68,1,dt0q88GwFfBJ7+NTCos0wy14ULQ=,6GJhYJKvMgI6n6vHo3BCwYLQmPM=
73,1,dt0q88GwFfBJ7+NTCos0wy14ULQ=,jO7bYSbUkA9gUffXmJJQJMqtwoE=
74,6,dt0q88GwFfBJ7+NTCos0wy14ULQ=,jO7bYSbUkA9gUffXmJJQJMqtwoE=
68,15,dt0q88GwFfBJ7+NTCos0wy14ULQ=,ddsJi8LEvZlOcC64/905crD4Wh8=
66,0,dt0q88GwFfBJ7+NTCos0wy14ULQ=,6GJhYJKvMgI6n6vHo3BCwYLQmPM=
75,6,dt0q88GwFfBJ7+NTCos0wy14ULQ=,jO7bYSbUkA9gUffXmJJQJMqtwoE=
73,6,dt0q88GwFfBJ7+NTCos0wy14ULQ=,jO7bYSbUkA9gUffXmJJQJMqtwoE=
78,5,dt0q88GwFfBJ7+NTCos0wy14ULQ=,jO7bYSbUkA9gUffXmJJQJMqtwoE=
69,15,dt0q88GwFfBJ7+NTCos0wy14ULQ=,ddsJi8LEvZlOcC64/905crD4Wh8=
67,3,dt0q88GwFfBJ7+NTCos0wy14ULQ=,6GJhYJKvMgI6n6vHo3BCwYLQmPM=
77,5,dt0q88GwFfBJ7+NTCos0wy14ULQ=,jO7bYSbUkA9gUffXmJJQJMqtwoE=
75,5,dt0q88GwFfBJ7+NTCos0wy14ULQ=,jO7bYSbUkA9gUffXmJJQJMqtwoE=
76,5,dt0q88GwFfBJ7+NTCos0wy14ULQ=,jO7bYSbUkA9gUffXmJJQJMqtwoE=
72,4,dt0q88GwFfBJ7+NTCos0wy14ULQ=,jO7bYSbUkA9gUffXmJJQJMqtwoE=
65,15,dt0q88GwFfBJ7+NTCos0wy14ULQ=,ddsJi8LEvZlOcC64/905crD4Wh8=
78,4,dt0q88GwFfBJ7+NTCos0wy14ULQ=,jO7bYSbUkA9gUffXmJJQJMqtwoE=
70,15,dt0q88GwFfBJ7+NTCos0wy14ULQ=,ddsJi8LEvZlOcC64/905crD4Wh8=
74,5,dt0q88GwFfBJ7+NTCos0wy14ULQ=,jO7bYSbUkA9gUffXmJJQJMqtwoE=
73,5,dt0q88GwFfBJ7+NTCos0wy14ULQ=,jO7bYSbUkA9gUffXmJJQJMqtwoE=
68,3,dt0q88GwFfBJ7+NTCos0wy14ULQ=,6GJhYJKvMgI6n6vHo3BCwYLQmPM=
66,15,dt0q88GwFfBJ7+NTCos0wy14ULQ=,ddsJi8LEvZlOcC64/905crD4Wh8=
77,4,dt0q88GwFfBJ7+NTCos0wy14ULQ=,jO7bYSbUkA9gUffXmJJQJMqtwoE=
76,4,dt0q88GwFfBJ7+NTCos0wy14ULQ=,jO7bYSbUkA9gUffXmJJQJMqtwoE=
75,4,dt0q88GwFfBJ7+NTCos0wy14ULQ=,jO7bYSbUkA9gUffXmJJQJMqtwoE=
69,3,dt0q88GwFfBJ7+NTCos0wy14ULQ=,6GJhYJKvMgI6n6vHo3BCwYLQmPM=
67,15,dt0q88GwFfBJ7+NTCos0wy14ULQ=,ddsJi8LEvZlOcC64/905crD4Wh8=
74,4,dt0q88GwFfBJ7+NTCos0wy14ULQ=,jO7bYSbUkA9gUffXmJJQJMqtwoE=
70,3,dt0q88GwFfBJ7+NTCos0wy14ULQ=,6GJhYJKvMgI6n6vHo3BCwYLQmPM=
73,4,dt0q88GwFfBJ7+NTCos0wy14ULQ=,jO7bYSbUkA9gUffXmJJQJMqtwoE=
78,3,dt0q88GwFfBJ7+NTCos0wy14ULQ=,jO7bYSbUkA9gUffXmJJQJMqtwoE=
69,1,dt0q88GwFfBJ7+NTCos0wy14ULQ=,6GJhYJKvMgI6n6vHo3BCwYLQmPM=
77,3,dt0q88GwFfBJ7+NTCos0wy14ULQ=,jO7bYSbUkA9gUffXmJJQJMqtwoE=
72,8,dt0q88GwFfBJ7+NTCos0wy14ULQ=,2J55ly11lZeo+iH7rjeeX+BCN48=
65,8,dt0q88GwFfBJ7+NTCos0wy14ULQ=,ddsJi8LEvZlOcC64/905crD4Wh8=
79,15,dt0q88GwFfBJ7+NTCos0wy14ULQ=,2J55ly11lZeo+iH7rjeeX+BCN48=
71,15,dt0q88GwFfBJ7+NTCos0wy14ULQ=,ddsJi8LEvZlOcC64/905crD4Wh8=
67,1,dt0q88GwFfBJ7+NTCos0wy14ULQ=,6GJhYJKvMgI6n6vHo3BCwYLQmPM=
70,1,dt0q88GwFfBJ7+NTCos0wy14ULQ=,6GJhYJKvMgI6n6vHo3BCwYLQmPM=
64,15,dt0q88GwFfBJ7+NTCos0wy14ULQ=,ddsJi8LEvZlOcC64/905crD4Wh8=
72,15,dt0q88GwFfBJ7+NTCos0wy14ULQ=,2J55ly11lZeo+iH7rjeeX+BCN48=
71,3,dt0q88GwFfBJ7+NTCos0wy14ULQ=,6GJhYJKvMgI6n6vHo3BCwYLQmPM=
72,3,dt0q88GwFfBJ7+NTCos0wy14ULQ=,jO7bYSbUkA9gUffXmJJQJMqtwoE=
64,0,dt0q88GwFfBJ7+NTCos0wy14ULQ=,6GJhYJKvMgI6n6vHo3BCwYLQmPM=
78,15,dt0q88GwFfBJ7+NTCos0wy14ULQ=,2J55ly11lZeo+iH7rjeeX+BCN48=
73,15,dt0q88GwFfBJ7+NTCos0wy14ULQ=,2J55ly11lZeo+iH7rjeeX+BCN48=
64,4,dt0q88GwFfBJ7+NTCos0wy14ULQ=,6GJhYJKvMgI6n6vHo3BCwYLQmPM=
77,15,dt0q88GwFfBJ7+NTCos0wy14ULQ=,2J55ly11lZeo+iH7rjeeX+BCN48=
76,15,dt0q88GwFfBJ7+NTCos0wy14ULQ=,2J55ly11lZeo+iH7rjeeX+BCN48=
75,15,dt0q88GwFfBJ7+NTCos0wy14ULQ=,2J55ly11lZeo+iH7rjeeX+BCN48=
73,7,dt0q88GwFfBJ7+NTCos0wy14ULQ=,jO7bYSbUkA9gUffXmJJQJMqtwoE=
74,15,dt0q88GwFfBJ7+NTCos0wy14ULQ=,2J55ly11lZeo+iH7rjeeX+BCN48=
74,11,dt0q88GwFfBJ7+NTCos0wy14ULQ=,2J55ly11lZeo+iH7rjeeX+BCN48=
71,7,dt0q88GwFfBJ7+NTCos0wy14ULQ=,6GJhYJKvMgI6n6vHo3BCwYLQmPM=
72,7,dt0q88GwFfBJ7+NTCos0wy14ULQ=,jO7bYSbUkA9gUffXmJJQJMqtwoE=
72,2,dt0q88GwFfBJ7+NTCos0wy14ULQ=,jO7bYSbUkA9gUffXmJJQJMqtwoE=
65,3,dt0q88GwFfBJ7+NTCos0wy14ULQ=,6GJhYJKvMgI6n6vHo3BCwYLQmPM=
70,7,dt0q88GwFfBJ7+NTCos0wy14ULQ=,6GJhYJKvMgI6n6vHo3BCwYLQmPM=
69,7,dt0q88GwFfBJ7+NTCos0wy14ULQ=,6GJhYJKvMgI6n6vHo3BCwYLQmPM=
68,7,dt0q88GwFfBJ7+NTCos0wy14ULQ=,6GJhYJKvMgI6n6vHo3BCwYLQmPM=
64,3,dt0q88GwFfBJ7+NTCos0wy14ULQ=,6GJhYJKvMgI6n6vHo3BCwYLQmPM=
67,7,dt0q88GwFfBJ7+NTCos0wy14ULQ=,6GJhYJKvMgI6n6vHo3BCwYLQmPM=
72,1,dt0q88GwFfBJ7+NTCos0wy14ULQ=,jO7bYSbUkA9gUffXmJJQJMqtwoE=
66,7,dt0q88GwFfBJ7+NTCos0wy14ULQ=,6GJhYJKvMgI6n6vHo3BCwYLQmPM=
71,2,dt0q88GwFfBJ7+NTCos0wy14ULQ=,6GJhYJKvMgI6n6vHo3BCwYLQmPM=
65,7,dt0q88GwFfBJ7+NTCos0wy14ULQ=,6GJhYJKvMgI6n6vHo3BCwYLQmPM=
64,7,dt0q88GwFfBJ7+NTCos0wy14ULQ=,6GJhYJKvMgI6n6vHo3BCwYLQmPM=
70,0,dt0q88GwFfBJ7+NTCos0wy14ULQ=,6GJhYJKvMgI6n6vHo3BCwYLQmPM=
72,6,dt0q88GwFfBJ7+NTCos0wy14ULQ=,jO7bYSbUkA9gUffXmJJQJMqtwoE=
67,2,dt0q88GwFfBJ7+NTCos0wy14ULQ=,6GJhYJKvMgI6n6vHo3BCwYLQmPM=
70,2,dt0q88GwFfBJ7+NTCos0wy14ULQ=,6GJhYJKvMgI6n6vHo3BCwYLQmPM=
66,1,dt0q88GwFfBJ7+NTCos0wy14ULQ=,6GJhYJKvMgI6n6vHo3BCwYLQmPM=
71,6,dt0q88GwFfBJ7+NTCos0wy14ULQ=,6GJhYJKvMgI6n6vHo3BCwYLQmPM=
70,6,dt0q88GwFfBJ7+NTCos0wy14ULQ=,6GJhYJKvMgI6n6vHo3BCwYLQmPM=
69,0,dt0q88GwFfBJ7+NTCos0wy14ULQ=,6GJhYJKvMgI6n6vHo3BCwYLQmPM=
68,6,dt0q88GwFfBJ7+NTCos0wy14ULQ=,6GJhYJKvMgI6n6vHo3BCwYLQmPM=
69,6,dt0q88GwFfBJ7+NTCos0wy14ULQ=,6GJhYJKvMgI6n6vHo3BCwYLQmPM=
67,6,dt0q88GwFfBJ7+NTCos0wy14ULQ=,6GJhYJKvMgI6n6vHo3BCwYLQmPM=
66,6,dt0q88GwFfBJ7+NTCos0wy14ULQ=,6GJhYJKvMgI6n6vHo3BCwYLQmPM=
65,6,dt0q88GwFfBJ7+NTCos0wy14ULQ=,6GJhYJKvMgI6n6vHo3BCwYLQmPM=
64,6,dt0q88GwFfBJ7+NTCos0wy14ULQ=,6GJhYJKvMgI6n6vHo3BCwYLQmPM=
71,5,dt0q88GwFfBJ7+NTCos0wy14ULQ=,6GJhYJKvMgI6n6vHo3BCwYLQmPM=
69,2,dt0q88GwFfBJ7+NTCos0wy14ULQ=,6GJhYJKvMgI6n6vHo3BCwYLQmPM=
70,5,dt0q88GwFfBJ7+NTCos0wy14ULQ=,6GJhYJKvMgI6n6vHo3BCwYLQmPM=
68,0,dt0q88GwFfBJ7+NTCos0wy14ULQ=,6GJhYJKvMgI6n6vHo3BCwYLQmPM=
69,5,dt0q88GwFfBJ7+NTCos0wy14ULQ=,6GJhYJKvMgI6n6vHo3BCwYLQmPM=
65,1,dt0q88GwFfBJ7+NTCos0wy14ULQ=,6GJhYJKvMgI6n6vHo3BCwYLQmPM=
65,0,dt0q88GwFfBJ7+NTCos0wy14ULQ=,6GJhYJKvMgI6n6vHo3BCwYLQmPM=
66,2,dt0q88GwFfBJ7+NTCos0wy14ULQ=,6GJhYJKvMgI6n6vHo3BCwYLQmPM=
67,5,dt0q88GwFfBJ7+NTCos0wy14ULQ=,6GJhYJKvMgI6n6vHo3BCwYLQmPM=
65,2,dt0q88GwFfBJ7+NTCos0wy14ULQ=,6GJhYJKvMgI6n6vHo3BCwYLQmPM=
68,5,dt0q88GwFfBJ7+NTCos0wy14ULQ=,6GJhYJKvMgI6n6vHo3BCwYLQmPM=
66,5,dt0q88GwFfBJ7+NTCos0wy14ULQ=,6GJhYJKvMgI6n6vHo3BCwYLQmPM=
65,5,dt0q88GwFfBJ7+NTCos0wy14ULQ=,6GJhYJKvMgI6n6vHo3BCwYLQmPM=
67,0,dt0q88GwFfBJ7+NTCos0wy14ULQ=,6GJhYJKvMgI6n6vHo3BCwYLQmPM=
64,5,dt0q88GwFfBJ7+NTCos0wy14ULQ=,6GJhYJKvMgI6n6vHo3BCwYLQmPM=
71,4,dt0q88GwFfBJ7+NTCos0wy14ULQ=,6GJhYJKvMgI6n6vHo3BCwYLQmPM=
64,2,dt0q88GwFfBJ7+NTCos0wy14ULQ=,6GJhYJKvMgI6n6vHo3BCwYLQmPM=
69,4,dt0q88GwFfBJ7+NTCos0wy14ULQ=,6GJhYJKvMgI6n6vHo3BCwYLQmPM=
71,1,dt0q88GwFfBJ7+NTCos0wy14ULQ=,6GJhYJKvMgI6n6vHo3BCwYLQmPM=
70,4,dt0q88GwFfBJ7+NTCos0wy14ULQ=,6GJhYJKvMgI6n6vHo3BCwYLQmPM=
72,5,dt0q88GwFfBJ7+NTCos0wy14ULQ=,jO7bYSbUkA9gUffXmJJQJMqtwoE=
68,4,dt0q88GwFfBJ7+NTCos0wy14ULQ=,6GJhYJKvMgI6n6vHo3BCwYLQmPM=
67,4,dt0q88GwFfBJ7+NTCos0wy14ULQ=,6GJhYJKvMgI6n6vHo3BCwYLQmPM=
66,4,dt0q88GwFfBJ7+NTCos0wy14ULQ=,6GJhYJKvMgI6n6vHo3BCwYLQmPM=
64,8,dt0q88GwFfBJ7+NTCos0wy14ULQ=,ddsJi8LEvZlOcC64/905crD4Wh8=
65,4,dt0q88GwFfBJ7+NTCos0wy14ULQ=,6GJhYJKvMgI6n6vHo3BCwYLQmPM=
64,1,dt0q88GwFfBJ7+NTCos0wy14ULQ=,6GJhYJKvMgI6n6vHo3BCwYLQmPM=
70,8,dt0q88GwFfBJ7+NTCos0wy14ULQ=,ddsJi8LEvZlOcC64/905crD4Wh8=
71,8,dt0q88GwFfBJ7+NTCos0wy14ULQ=,ddsJi8LEvZlOcC64/905crD4Wh8=
69,8,dt0q88GwFfBJ7+NTCos0wy14ULQ=,ddsJi8LEvZlOcC64/905crD4Wh8=
71,0,dt0q88GwFfBJ7+NTCos0wy14ULQ=,6GJhYJKvMgI6n6vHo3BCwYLQmPM=
77,0,dt0q88GwFfBJ7+NTCos0wy14ULQ=,jO7bYSbUkA9gUffXmJJQJMqtwoE=
72,0,dt0q88GwFfBJ7+NTCos0wy14ULQ=,jO7bYSbUkA9gUffXmJJQJMqtwoE=
74,0,dt0q88GwFfBJ7+NTCos0wy14ULQ=,jO7bYSbUkA9gUffXmJJQJMqtwoE=
73,0,dt0q88GwFfBJ7+NTCos0wy14ULQ=,jO7bYSbUkA9gUffXmJJQJMqtwoE=
75,0,dt0q88GwFfBJ7+NTCos0wy14ULQ=,jO7bYSbUkA9gUffXmJJQJMqtwoE=
76,0,dt0q88GwFfBJ7+NTCos0wy14ULQ=,jO7bYSbUkA9gUffXmJJQJMqtwoE=
79,0,dt0q88GwFfBJ7+NTCos0wy14ULQ=,jO7bYSbUkA9gUffXmJJQJMqtwoE=
78,0,dt0q88GwFfBJ7+NTCos0wy14ULQ=,jO7bYSbUkA9gUffXmJJQJMqtwoE=
65,25,dt0q88GwFfBJ7+NTCos0wy14ULQ=,0L0RL0Q7Y19piN+OqnxzPgHbdH0=
66,25,dt0q88GwFfBJ7+NTCos0wy14ULQ=,0L0RL0Q7Y19piN+OqnxzPgHbdH0=
67,25,DNIGuB9SAobAaBcnGfQWDVgjkr0=,0L0RL0Q7Y19piN+OqnxzPgHbdH0=
67,17,78KZM0OC6rso4xLtQkfgl5wBCbc=,NjqQg/ihWn6b65NiDCbuDLpv53M=
70,30,78KZM0OC6rso4xLtQkfgl5wBCbc=,0L0RL0Q7Y19piN+OqnxzPgHbdH0=
76,19,78KZM0OC6rso4xLtQkfgl5wBCbc=,XYIejVACeXaFOZEcaS4muCTFzVY=
69,30,78KZM0OC6rso4xLtQkfgl5wBCbc=,0L0RL0Q7Y19piN+OqnxzPgHbdH0=
66,18,78KZM0OC6rso4xLtQkfgl5wBCbc=,NjqQg/ihWn6b65NiDCbuDLpv53M=
70,17,78KZM0OC6rso4xLtQkfgl5wBCbc=,NjqQg/ihWn6b65NiDCbuDLpv53M=
77,19,78KZM0OC6rso4xLtQkfgl5wBCbc=,XYIejVACeXaFOZEcaS4muCTFzVY=
69,22,78KZM0OC6rso4xLtQkfgl5wBCbc=,NjqQg/ihWn6b65NiDCbuDLpv53M=
68,23,78KZM0OC6rso4xLtQkfgl5wBCbc=,NjqQg/ihWn6b65NiDCbuDLpv53M=
78,19,78KZM0OC6rso4xLtQkfgl5wBCbc=,XYIejVACeXaFOZEcaS4muCTFzVY=
67,23,78KZM0OC6rso4xLtQkfgl5wBCbc=,NjqQg/ihWn6b65NiDCbuDLpv53M=
69,23,78KZM0OC6rso4xLtQkfgl5wBCbc=,NjqQg/ihWn6b65NiDCbuDLpv53M=
72,20,78KZM0OC6rso4xLtQkfgl5wBCbc=,XYIejVACeXaFOZEcaS4muCTFzVY=
65,20,78KZM0OC6rso4xLtQkfgl5wBCbc=,NjqQg/ihWn6b65NiDCbuDLpv53M=
70,23,78KZM0OC6rso4xLtQkfgl5wBCbc=,NjqQg/ihWn6b65NiDCbuDLpv53M=
68,22,78KZM0OC6rso4xLtQkfgl5wBCbc=,NjqQg/ihWn6b65NiDCbuDLpv53M=
73,20,78KZM0OC6rso4xLtQkfgl5wBCbc=,XYIejVACeXaFOZEcaS4muCTFzVY=
68,17,78KZM0OC6rso4xLtQkfgl5wBCbc=,NjqQg/ihWn6b65NiDCbuDLpv53M=
74,20,78KZM0OC6rso4xLtQkfgl5wBCbc=,XYIejVACeXaFOZEcaS4muCTFzVY=
68,30,78KZM0OC6rso4xLtQkfgl5wBCbc=,0L0RL0Q7Y19piN+OqnxzPgHbdH0=
66,23,78KZM0OC6rso4xLtQkfgl5wBCbc=,NjqQg/ihWn6b65NiDCbuDLpv53M=
67,30,78KZM0OC6rso4xLtQkfgl5wBCbc=,0L0RL0Q7Y19piN+OqnxzPgHbdH0=
65,24,78KZM0OC6rso4xLtQkfgl5wBCbc=,0L0RL0Q7Y19piN+OqnxzPgHbdH0=
75,20,78KZM0OC6rso4xLtQkfgl5wBCbc=,XYIejVACeXaFOZEcaS4muCTFzVY=
65,23,78KZM0OC6rso4xLtQkfgl5wBCbc=,NjqQg/ihWn6b65NiDCbuDLpv53M=
66,20,78KZM0OC6rso4xLtQkfgl5wBCbc=,NjqQg/ihWn6b65NiDCbuDLpv53M=
65,18,78KZM0OC6rso4xLtQkfgl5wBCbc=,NjqQg/ihWn6b65NiDCbuDLpv53M=
66,30,78KZM0OC6rso4xLtQkfgl5wBCbc=,0L0RL0Q7Y19piN+OqnxzPgHbdH0=
76,20,78KZM0OC6rso4xLtQkfgl5wBCbc=,XYIejVACeXaFOZEcaS4muCTFzVY=
69,21,78KZM0OC6rso4xLtQkfgl5wBCbc=,NjqQg/ihWn6b65NiDCbuDLpv53M=
69,17,78KZM0OC6rso4xLtQkfgl5wBCbc=,NjqQg/ihWn6b65NiDCbuDLpv53M=
65,19,78KZM0OC6rso4xLtQkfgl5wBCbc=,NjqQg/ihWn6b65NiDCbuDLpv53M=
71,22,78KZM0OC6rso4xLtQkfgl5wBCbc=,NjqQg/ihWn6b65NiDCbuDLpv53M=
70,18,78KZM0OC6rso4xLtQkfgl5wBCbc=,NjqQg/ihWn6b65NiDCbuDLpv53M=
67,22,78KZM0OC6rso4xLtQkfgl5wBCbc=,NjqQg/ihWn6b65NiDCbuDLpv53M=
66,24,78KZM0OC6rso4xLtQkfgl5wBCbc=,0L0RL0Q7Y19piN+OqnxzPgHbdH0=
65,30,78KZM0OC6rso4xLtQkfgl5wBCbc=,0L0RL0Q7Y19piN+OqnxzPgHbdH0=
71,21,78KZM0OC6rso4xLtQkfgl5wBCbc=,NjqQg/ihWn6b65NiDCbuDLpv53M=
69,18,78KZM0OC6rso4xLtQkfgl5wBCbc=,NjqQg/ihWn6b65NiDCbuDLpv53M=
70,22,78KZM0OC6rso4xLtQkfgl5wBCbc=,NjqQg/ihWn6b65NiDCbuDLpv53M=
70,29,78KZM0OC6rso4xLtQkfgl5wBCbc=,0L0RL0Q7Y19piN+OqnxzPgHbdH0=
77,20,78KZM0OC6rso4xLtQkfgl5wBCbc=,XYIejVACeXaFOZEcaS4muCTFzVY=
68,18,78KZM0OC6rso4xLtQkfgl5wBCbc=,NjqQg/ihWn6b65NiDCbuDLpv53M=
67,24,78KZM0OC6rso4xLtQkfgl5wBCbc=,0L0RL0Q7Y19piN+OqnxzPgHbdH0=
69,29,78KZM0OC6rso4xLtQkfgl5wBCbc=,0L0RL0Q7Y19piN+OqnxzPgHbdH0=
78,20,78KZM0OC6rso4xLtQkfgl5wBCbc=,XYIejVACeXaFOZEcaS4muCTFzVY=
68,24,78KZM0OC6rso4xLtQkfgl5wBCbc=,0L0RL0Q7Y19piN+OqnxzPgHbdH0=
75,19,78KZM0OC6rso4xLtQkfgl5wBCbc=,XYIejVACeXaFOZEcaS4muCTFzVY=
70,19,78KZM0OC6rso4xLtQkfgl5wBCbc=,NjqQg/ihWn6b65NiDCbuDLpv53M=
69,24,78KZM0OC6rso4xLtQkfgl5wBCbc=,0L0RL0Q7Y19piN+OqnxzPgHbdH0=
67,18,78KZM0OC6rso4xLtQkfgl5wBCbc=,NjqQg/ihWn6b65NiDCbuDLpv53M=
69,19,78KZM0OC6rso4xLtQkfgl5wBCbc=,NjqQg/ihWn6b65NiDCbuDLpv53M=
72,21,78KZM0OC6rso4xLtQkfgl5wBCbc=,XYIejVACeXaFOZEcaS4muCTFzVY=
70,24,78KZM0OC6rso4xLtQkfgl5wBCbc=,0L0RL0Q7Y19piN+OqnxzPgHbdH0=
74,19,78KZM0OC6rso4xLtQkfgl5wBCbc=,XYIejVACeXaFOZEcaS4muCTFzVY=
68,29,78KZM0OC6rso4xLtQkfgl5wBCbc=,0L0RL0Q7Y19piN+OqnxzPgHbdH0=
73,21,78KZM0OC6rso4xLtQkfgl5wBCbc=,XYIejVACeXaFOZEcaS4muCTFzVY=
70,21,78KZM0OC6rso4xLtQkfgl5wBCbc=,NjqQg/ihWn6b65NiDCbuDLpv53M=
67,29,78KZM0OC6rso4xLtQkfgl5wBCbc=,0L0RL0Q7Y19piN+OqnxzPgHbdH0=
73,19,78KZM0OC6rso4xLtQkfgl5wBCbc=,XYIejVACeXaFOZEcaS4muCTFzVY=
74,21,78KZM0OC6rso4xLtQkfgl5wBCbc=,XYIejVACeXaFOZEcaS4muCTFzVY=
65,21,78KZM0OC6rso4xLtQkfgl5wBCbc=,NjqQg/ihWn6b65NiDCbuDLpv53M=
66,17,78KZM0OC6rso4xLtQkfgl5wBCbc=,NjqQg/ihWn6b65NiDCbuDLpv53M=
66,29,78KZM0OC6rso4xLtQkfgl5wBCbc=,0L0RL0Q7Y19piN+OqnxzPgHbdH0=
72,17,78KZM0OC6rso4xLtQkfgl5wBCbc=,XYIejVACeXaFOZEcaS4muCTFzVY=
66,19,78KZM0OC6rso4xLtQkfgl5wBCbc=,NjqQg/ihWn6b65NiDCbuDLpv53M=
65,17,78KZM0OC6rso4xLtQkfgl5wBCbc=,NjqQg/ihWn6b65NiDCbuDLpv53M=
65,29,78KZM0OC6rso4xLtQkfgl5wBCbc=,0L0RL0Q7Y19piN+OqnxzPgHbdH0=
73,17,78KZM0OC6rso4xLtQkfgl5wBCbc=,XYIejVACeXaFOZEcaS4muCTFzVY=
66,21,78KZM0OC6rso4xLtQkfgl5wBCbc=,NjqQg/ihWn6b65NiDCbuDLpv53M=
70,28,78KZM0OC6rso4xLtQkfgl5wBCbc=,0L0RL0Q7Y19piN+OqnxzPgHbdH0=
68,19,78KZM0OC6rso4xLtQkfgl5wBCbc=,NjqQg/ihWn6b65NiDCbuDLpv53M=
71,20,78KZM0OC6rso4xLtQkfgl5wBCbc=,NjqQg/ihWn6b65NiDCbuDLpv53M=
67,21,78KZM0OC6rso4xLtQkfgl5wBCbc=,NjqQg/ihWn6b65NiDCbuDLpv53M=
69,28,78KZM0OC6rso4xLtQkfgl5wBCbc=,0L0RL0Q7Y19piN+OqnxzPgHbdH0=
67,20,78KZM0OC6rso4xLtQkfgl5wBCbc=,NjqQg/ihWn6b65NiDCbuDLpv53M=
67,28,78KZM0OC6rso4xLtQkfgl5wBCbc=,0L0RL0Q7Y19piN+OqnxzPgHbdH0=
68,20,78KZM0OC6rso4xLtQkfgl5wBCbc=,NjqQg/ihWn6b65NiDCbuDLpv53M=
66,22,78KZM0OC6rso4xLtQkfgl5wBCbc=,NjqQg/ihWn6b65NiDCbuDLpv53M=
70,20,78KZM0OC6rso4xLtQkfgl5wBCbc=,NjqQg/ihWn6b65NiDCbuDLpv53M=
67,19,78KZM0OC6rso4xLtQkfgl5wBCbc=,NjqQg/ihWn6b65NiDCbuDLpv53M=
65,22,78KZM0OC6rso4xLtQkfgl5wBCbc=,NjqQg/ihWn6b65NiDCbuDLpv53M=
69,20,78KZM0OC6rso4xLtQkfgl5wBCbc=,NjqQg/ihWn6b65NiDCbuDLpv53M=
68,21,78KZM0OC6rso4xLtQkfgl5wBCbc=,NjqQg/ihWn6b65NiDCbuDLpv53M=
74,17,78KZM0OC6rso4xLtQkfgl5wBCbc=,XYIejVACeXaFOZEcaS4muCTFzVY=
75,21,78KZM0OC6rso4xLtQkfgl5wBCbc=,XYIejVACeXaFOZEcaS4muCTFzVY=
75,29,78KZM0OC6rso4xLtQkfgl5wBCbc=,z7ap2vc0ZUHnEqydpv/OpTjKZP8=
75,17,78KZM0OC6rso4xLtQkfgl5wBCbc=,XYIejVACeXaFOZEcaS4muCTFzVY=
72,19,78KZM0OC6rso4xLtQkfgl5wBCbc=,XYIejVACeXaFOZEcaS4muCTFzVY=
76,17,78KZM0OC6rso4xLtQkfgl5wBCbc=,XYIejVACeXaFOZEcaS4muCTFzVY=
76,21,78KZM0OC6rso4xLtQkfgl5wBCbc=,XYIejVACeXaFOZEcaS4muCTFzVY=
71,19,78KZM0OC6rso4xLtQkfgl5wBCbc=,NjqQg/ihWn6b65NiDCbuDLpv53M=
66,28,78KZM0OC6rso4xLtQkfgl5wBCbc=,0L0RL0Q7Y19piN+OqnxzPgHbdH0=
71,18,78KZM0OC6rso4xLtQkfgl5wBCbc=,NjqQg/ihWn6b65NiDCbuDLpv53M=
71,17,78KZM0OC6rso4xLtQkfgl5wBCbc=,NjqQg/ihWn6b65NiDCbuDLpv53M=
77,21,78KZM0OC6rso4xLtQkfgl5wBCbc=,XYIejVACeXaFOZEcaS4muCTFzVY=
78,18,78KZM0OC6rso4xLtQkfgl5wBCbc=,XYIejVACeXaFOZEcaS4muCTFzVY=
79,19,78KZM0OC6rso4xLtQkfgl5wBCbc=,XYIejVACeXaFOZEcaS4muCTFzVY=
79,20,78KZM0OC6rso4xLtQkfgl5wBCbc=,XYIejVACeXaFOZEcaS4muCTFzVY=
78,21,78KZM0OC6rso4xLtQkfgl5wBCbc=,XYIejVACeXaFOZEcaS4muCTFzVY=
79,18,78KZM0OC6rso4xLtQkfgl5wBCbc=,XYIejVACeXaFOZEcaS4muCTFzVY=
79,21,78KZM0OC6rso4xLtQkfgl5wBCbc=,XYIejVACeXaFOZEcaS4muCTFzVY=
72,22,78KZM0OC6rso4xLtQkfgl5wBCbc=,XYIejVACeXaFOZEcaS4muCTFzVY=
74,29,78KZM0OC6rso4xLtQkfgl5wBCbc=,z7ap2vc0ZUHnEqydpv/OpTjKZP8=
77,17,78KZM0OC6rso4xLtQkfgl5wBCbc=,XYIejVACeXaFOZEcaS4muCTFzVY=
79,17,78KZM0OC6rso4xLtQkfgl5wBCbc=,XYIejVACeXaFOZEcaS4muCTFzVY=
79,22,78KZM0OC6rso4xLtQkfgl5wBCbc=,XYIejVACeXaFOZEcaS4muCTFzVY=
73,22,78KZM0OC6rso4xLtQkfgl5wBCbc=,XYIejVACeXaFOZEcaS4muCTFzVY=
78,17,78KZM0OC6rso4xLtQkfgl5wBCbc=,XYIejVACeXaFOZEcaS4muCTFzVY=
74,22,78KZM0OC6rso4xLtQkfgl5wBCbc=,XYIejVACeXaFOZEcaS4muCTFzVY=
76,29,78KZM0OC6rso4xLtQkfgl5wBCbc=,z7ap2vc0ZUHnEqydpv/OpTjKZP8=
75,22,78KZM0OC6rso4xLtQkfgl5wBCbc=,XYIejVACeXaFOZEcaS4muCTFzVY=
71,23,78KZM0OC6rso4xLtQkfgl5wBCbc=,NjqQg/ihWn6b65NiDCbuDLpv53M=
76,22,78KZM0OC6rso4xLtQkfgl5wBCbc=,XYIejVACeXaFOZEcaS4muCTFzVY=
77,22,78KZM0OC6rso4xLtQkfgl5wBCbc=,XYIejVACeXaFOZEcaS4muCTFzVY=
77,29,78KZM0OC6rso4xLtQkfgl5wBCbc=,z7ap2vc0ZUHnEqydpv/OpTjKZP8=
72,18,78KZM0OC6rso4xLtQkfgl5wBCbc=,XYIejVACeXaFOZEcaS4muCTFzVY=
78,29,78KZM0OC6rso4xLtQkfgl5wBCbc=,z7ap2vc0ZUHnEqydpv/OpTjKZP8=
78,22,78KZM0OC6rso4xLtQkfgl5wBCbc=,XYIejVACeXaFOZEcaS4muCTFzVY=
73,18,78KZM0OC6rso4xLtQkfgl5wBCbc=,XYIejVACeXaFOZEcaS4muCTFzVY=
71,24,78KZM0OC6rso4xLtQkfgl5wBCbc=,0L0RL0Q7Y19piN+OqnxzPgHbdH0=
74,18,78KZM0OC6rso4xLtQkfgl5wBCbc=,XYIejVACeXaFOZEcaS4muCTFzVY=
75,18,78KZM0OC6rso4xLtQkfgl5wBCbc=,XYIejVACeXaFOZEcaS4muCTFzVY=
76,18,78KZM0OC6rso4xLtQkfgl5wBCbc=,XYIejVACeXaFOZEcaS4muCTFzVY=
68,28,78KZM0OC6rso4xLtQkfgl5wBCbc=,0L0RL0Q7Y19piN+OqnxzPgHbdH0=
72,30,78KZM0OC6rso4xLtQkfgl5wBCbc=,z7ap2vc0ZUHnEqydpv/OpTjKZP8=
77,18,78KZM0OC6rso4xLtQkfgl5wBCbc=,XYIejVACeXaFOZEcaS4muCTFzVY=
65,28,78KZM0OC6rso4xLtQkfgl5wBCbc=,0L0RL0Q7Y19piN+OqnxzPgHbdH0=
74,30,78KZM0OC6rso4xLtQkfgl5wBCbc=,z7ap2vc0ZUHnEqydpv/OpTjKZP8=
70,27,78KZM0OC6rso4xLtQkfgl5wBCbc=,0L0RL0Q7Y19piN+OqnxzPgHbdH0=
75,30,78KZM0OC6rso4xLtQkfgl5wBCbc=,z7ap2vc0ZUHnEqydpv/OpTjKZP8=
73,30,78KZM0OC6rso4xLtQkfgl5wBCbc=,z7ap2vc0ZUHnEqydpv/OpTjKZP8=
78,23,78KZM0OC6rso4xLtQkfgl5wBCbc=,XYIejVACeXaFOZEcaS4muCTFzVY=
73,31,78KZM0OC6rso4xLtQkfgl5wBCbc=,z7ap2vc0ZUHnEqydpv/OpTjKZP8=
74,31,78KZM0OC6rso4xLtQkfgl5wBCbc=,z7ap2vc0ZUHnEqydpv/OpTjKZP8=
76,30,78KZM0OC6rso4xLtQkfgl5wBCbc=,z7ap2vc0ZUHnEqydpv/OpTjKZP8=
73,29,78KZM0OC6rso4xLtQkfgl5wBCbc=,z7ap2vc0ZUHnEqydpv/OpTjKZP8=
72,29,78KZM0OC6rso4xLtQkfgl5wBCbc=,z7ap2vc0ZUHnEqydpv/OpTjKZP8=
75,31,78KZM0OC6rso4xLtQkfgl5wBCbc=,z7ap2vc0ZUHnEqydpv/OpTjKZP8=
77,23,78KZM0OC6rso4xLtQkfgl5wBCbc=,XYIejVACeXaFOZEcaS4muCTFzVY=
78,28,78KZM0OC6rso4xLtQkfgl5wBCbc=,z7ap2vc0ZUHnEqydpv/OpTjKZP8=
77,30,78KZM0OC6rso4xLtQkfgl5wBCbc=,z7ap2vc0ZUHnEqydpv/OpTjKZP8=
78,31,78KZM0OC6rso4xLtQkfgl5wBCbc=,z7ap2vc0ZUHnEqydpv/OpTjKZP8=
76,31,78KZM0OC6rso4xLtQkfgl5wBCbc=,z7ap2vc0ZUHnEqydpv/OpTjKZP8=
78,30,78KZM0OC6rso4xLtQkfgl5wBCbc=,z7ap2vc0ZUHnEqydpv/OpTjKZP8=
76,23,78KZM0OC6rso4xLtQkfgl5wBCbc=,XYIejVACeXaFOZEcaS4muCTFzVY=
77,31,78KZM0OC6rso4xLtQkfgl5wBCbc=,z7ap2vc0ZUHnEqydpv/OpTjKZP8=
71,25,78KZM0OC6rso4xLtQkfgl5wBCbc=,0L0RL0Q7Y19piN+OqnxzPgHbdH0=
69,27,78KZM0OC6rso4xLtQkfgl5wBCbc=,0L0RL0Q7Y19piN+OqnxzPgHbdH0=
71,26,78KZM0OC6rso4xLtQkfgl5wBCbc=,0L0RL0Q7Y19piN+OqnxzPgHbdH0=
72,24,78KZM0OC6rso4xLtQkfgl5wBCbc=,z7ap2vc0ZUHnEqydpv/OpTjKZP8=
77,28,78KZM0OC6rso4xLtQkfgl5wBCbc=,z7ap2vc0ZUHnEqydpv/OpTjKZP8=
68,27,78KZM0OC6rso4xLtQkfgl5wBCbc=,0L0RL0Q7Y19piN+OqnxzPgHbdH0=
68,31,78KZM0OC6rso4xLtQkfgl5wBCbc=,0L0RL0Q7Y19piN+OqnxzPgHbdH0=
67,27,78KZM0OC6rso4xLtQkfgl5wBCbc=,0L0RL0Q7Y19piN+OqnxzPgHbdH0=
66,27,78KZM0OC6rso4xLtQkfgl5wBCbc=,0L0RL0Q7Y19piN+OqnxzPgHbdH0=
72,31,78KZM0OC6rso4xLtQkfgl5wBCbc=,z7ap2vc0ZUHnEqydpv/OpTjKZP8=
69,31,78KZM0OC6rso4xLtQkfgl5wBCbc=,0L0RL0Q7Y19piN+OqnxzPgHbdH0=
67,31,78KZM0OC6rso4xLtQkfgl5wBCbc=,0L0RL0Q7Y19piN+OqnxzPgHbdH0=
76,28,78KZM0OC6rso4xLtQkfgl5wBCbc=,z7ap2vc0ZUHnEqydpv/OpTjKZP8=
70,31,78KZM0OC6rso4xLtQkfgl5wBCbc=,0L0RL0Q7Y19piN+OqnxzPgHbdH0=
73,24,78KZM0OC6rso4xLtQkfgl5wBCbc=,z7ap2vc0ZUHnEqydpv/OpTjKZP8=
66,31,78KZM0OC6rso4xLtQkfgl5wBCbc=,0L0RL0Q7Y19piN+OqnxzPgHbdH0=
65,31,78KZM0OC6rso4xLtQkfgl5wBCbc=,0L0RL0Q7Y19piN+OqnxzPgHbdH0=
71,31,78KZM0OC6rso4xLtQkfgl5wBCbc=,0L0RL0Q7Y19piN+OqnxzPgHbdH0=
74,24,78KZM0OC6rso4xLtQkfgl5wBCbc=,z7ap2vc0ZUHnEqydpv/OpTjKZP8=
65,27,78KZM0OC6rso4xLtQkfgl5wBCbc=,0L0RL0Q7Y19piN+OqnxzPgHbdH0=
75,24,78KZM0OC6rso4xLtQkfgl5wBCbc=,z7ap2vc0ZUHnEqydpv/OpTjKZP8=
70,26,78KZM0OC6rso4xLtQkfgl5wBCbc=,0L0RL0Q7Y19piN+OqnxzPgHbdH0=
76,24,78KZM0OC6rso4xLtQkfgl5wBCbc=,z7ap2vc0ZUHnEqydpv/OpTjKZP8=
77,24,78KZM0OC6rso4xLtQkfgl5wBCbc=,z7ap2vc0ZUHnEqydpv/OpTjKZP8=
75,23,78KZM0OC6rso4xLtQkfgl5wBCbc=,XYIejVACeXaFOZEcaS4muCTFzVY=
64,25,78KZM0OC6rso4xLtQkfgl5wBCbc=,0L0RL0Q7Y19piN+OqnxzPgHbdH0=
69,26,78KZM0OC6rso4xLtQkfgl5wBCbc=,0L0RL0Q7Y19piN+OqnxzPgHbdH0=
71,27,78KZM0OC6rso4xLtQkfgl5wBCbc=,0L0RL0Q7Y19piN+OqnxzPgHbdH0=
68,26,78KZM0OC6rso4xLtQkfgl5wBCbc=,0L0RL0Q7Y19piN+OqnxzPgHbdH0=
64,26,78KZM0OC6rso4xLtQkfgl5wBCbc=,0L0RL0Q7Y19piN+OqnxzPgHbdH0=
67,26,78KZM0OC6rso4xLtQkfgl5wBCbc=,0L0RL0Q7Y19piN+OqnxzPgHbdH0=
78,24,78KZM0OC6rso4xLtQkfgl5wBCbc=,z7ap2vc0ZUHnEqydpv/OpTjKZP8=
66,26,78KZM0OC6rso4xLtQkfgl5wBCbc=,0L0RL0Q7Y19piN+OqnxzPgHbdH0=
64,27,78KZM0OC6rso4xLtQkfgl5wBCbc=,0L0RL0Q7Y19piN+OqnxzPgHbdH0=
74,23,78KZM0OC6rso4xLtQkfgl5wBCbc=,XYIejVACeXaFOZEcaS4muCTFzVY=
72,25,78KZM0OC6rso4xLtQkfgl5wBCbc=,z7ap2vc0ZUHnEqydpv/OpTjKZP8=
75,28,78KZM0OC6rso4xLtQkfgl5wBCbc=,z7ap2vc0ZUHnEqydpv/OpTjKZP8=
64,28,78KZM0OC6rso4xLtQkfgl5wBCbc=,0L0RL0Q7Y19piN+OqnxzPgHbdH0=
73,25,78KZM0OC6rso4xLtQkfgl5wBCbc=,z7ap2vc0ZUHnEqydpv/OpTjKZP8=
64,30,78KZM0OC6rso4xLtQkfgl5wBCbc=,0L0RL0Q7Y19piN+OqnxzPgHbdH0=
79,29,78KZM0OC6rso4xLtQkfgl5wBCbc=,z7ap2vc0ZUHnEqydpv/OpTjKZP8=
64,29,78KZM0OC6rso4xLtQkfgl5wBCbc=,0L0RL0Q7Y19piN+OqnxzPgHbdH0=
74,25,78KZM0OC6rso4xLtQkfgl5wBCbc=,z7ap2vc0ZUHnEqydpv/OpTjKZP8=
79,30,78KZM0OC6rso4xLtQkfgl5wBCbc=,z7ap2vc0ZUHnEqydpv/OpTjKZP8=
79,24,78KZM0OC6rso4xLtQkfgl5wBCbc=,z7ap2vc0ZUHnEqydpv/OpTjKZP8=
70,25,78KZM0OC6rso4xLtQkfgl5wBCbc=,0L0RL0Q7Y19piN+OqnxzPgHbdH0=
75,25,78KZM0OC6rso4xLtQkfgl5wBCbc=,z7ap2vc0ZUHnEqydpv/OpTjKZP8=
69,25,78KZM0OC6rso4xLtQkfgl5wBCbc=,0L0RL0Q7Y19piN+OqnxzPgHbdH0=
79,25,78KZM0OC6rso4xLtQkfgl5wBCbc=,z7ap2vc0ZUHnEqydpv/OpTjKZP8=
71,28,78KZM0OC6rso4xLtQkfgl5wBCbc=,0L0RL0Q7Y19piN+OqnxzPgHbdH0=
79,26,78KZM0OC6rso4xLtQkfgl5wBCbc=,z7ap2vc0ZUHnEqydpv/OpTjKZP8=
76,25,78KZM0OC6rso4xLtQkfgl5wBCbc=,z7ap2vc0ZUHnEqydpv/OpTjKZP8=
68,25,78KZM0OC6rso4xLtQkfgl5wBCbc=,0L0RL0Q7Y19piN+OqnxzPgHbdH0=
79,27,78KZM0OC6rso4xLtQkfgl5wBCbc=,z7ap2vc0ZUHnEqydpv/OpTjKZP8=
77,25,78KZM0OC6rso4xLtQkfgl5wBCbc=,z7ap2vc0ZUHnEqydpv/OpTjKZP8=
79,28,78KZM0OC6rso4xLtQkfgl5wBCbc=,z7ap2vc0ZUHnEqydpv/OpTjKZP8=
78,25,78KZM0OC6rso4xLtQkfgl5wBCbc=,z7ap2vc0ZUHnEqydpv/OpTjKZP8=
64,24,78KZM0OC6rso4xLtQkfgl5wBCbc=,0L0RL0Q7Y19piN+OqnxzPgHbdH0=
79,23,78KZM0OC6rso4xLtQkfgl5wBCbc=,XYIejVACeXaFOZEcaS4muCTFzVY=
64,21,78KZM0OC6rso4xLtQkfgl5wBCbc=,NjqQg/ihWn6b65NiDCbuDLpv53M=
72,26,78KZM0OC6rso4xLtQkfgl5wBCbc=,z7ap2vc0ZUHnEqydpv/OpTjKZP8=
64,22,78KZM0OC6rso4xLtQkfgl5wBCbc=,NjqQg/ihWn6b65NiDCbuDLpv53M=
73,26,78KZM0OC6rso4xLtQkfgl5wBCbc=,z7ap2vc0ZUHnEqydpv/OpTjKZP8=
64,17,78KZM0OC6rso4xLtQkfgl5wBCbc=,NjqQg/ihWn6b65NiDCbuDLpv53M=
74,26,78KZM0OC6rso4xLtQkfgl5wBCbc=,z7ap2vc0ZUHnEqydpv/OpTjKZP8=
64,23,78KZM0OC6rso4xLtQkfgl5wBCbc=,NjqQg/ihWn6b65NiDCbuDLpv53M=
75,26,78KZM0OC6rso4xLtQkfgl5wBCbc=,z7ap2vc0ZUHnEqydpv/OpTjKZP8=
67,16,78KZM0OC6rso4xLtQkfgl5wBCbc=,NjqQg/ihWn6b65NiDCbuDLpv53M=
64,19,78KZM0OC6rso4xLtQkfgl5wBCbc=,NjqQg/ihWn6b65NiDCbuDLpv53M=
76,26,78KZM0OC6rso4xLtQkfgl5wBCbc=,z7ap2vc0ZUHnEqydpv/OpTjKZP8=
64,20,78KZM0OC6rso4xLtQkfgl5wBCbc=,NjqQg/ihWn6b65NiDCbuDLpv53M=
77,26,78KZM0OC6rso4xLtQkfgl5wBCbc=,z7ap2vc0ZUHnEqydpv/OpTjKZP8=
68,16,78KZM0OC6rso4xLtQkfgl5wBCbc=,NjqQg/ihWn6b65NiDCbuDLpv53M=
64,18,78KZM0OC6rso4xLtQkfgl5wBCbc=,NjqQg/ihWn6b65NiDCbuDLpv53M=
78,26,78KZM0OC6rso4xLtQkfgl5wBCbc=,z7ap2vc0ZUHnEqydpv/OpTjKZP8=
72,16,78KZM0OC6rso4xLtQkfgl5wBCbc=,XYIejVACeXaFOZEcaS4muCTFzVY=
69,16,78KZM0OC6rso4xLtQkfgl5wBCbc=,NjqQg/ihWn6b65NiDCbuDLpv53M=
71,29,78KZM0OC6rso4xLtQkfgl5wBCbc=,0L0RL0Q7Y19piN+OqnxzPgHbdH0=
79,16,78KZM0OC6rso4xLtQkfgl5wBCbc=,XYIejVACeXaFOZEcaS4muCTFzVY=
71,16,78KZM0OC6rso4xLtQkfgl5wBCbc=,NjqQg/ihWn6b65NiDCbuDLpv53M=
70,16,78KZM0OC6rso4xLtQkfgl5wBCbc=,NjqQg/ihWn6b65NiDCbuDLpv53M=
72,27,78KZM0OC6rso4xLtQkfgl5wBCbc=,z7ap2vc0ZUHnEqydpv/OpTjKZP8=
73,16,78KZM0OC6rso4xLtQkfgl5wBCbc=,XYIejVACeXaFOZEcaS4muCTFzVY=
73,27,78KZM0OC6rso4xLtQkfgl5wBCbc=,z7ap2vc0ZUHnEqydpv/OpTjKZP8=
74,16,78KZM0OC6rso4xLtQkfgl5wBCbc=,XYIejVACeXaFOZEcaS4muCTFzVY=
66,16,78KZM0OC6rso4xLtQkfgl5wBCbc=,NjqQg/ihWn6b65NiDCbuDLpv53M=
64,31,78KZM0OC6rso4xLtQkfgl5wBCbc=,0L0RL0Q7Y19piN+OqnxzPgHbdH0=
74,27,78KZM0OC6rso4xLtQkfgl5wBCbc=,z7ap2vc0ZUHnEqydpv/OpTjKZP8=
65,16,78KZM0OC6rso4xLtQkfgl5wBCbc=,NjqQg/ihWn6b65NiDCbuDLpv53M=
75,27,78KZM0OC6rso4xLtQkfgl5wBCbc=,z7ap2vc0ZUHnEqydpv/OpTjKZP8=
75,16,78KZM0OC6rso4xLtQkfgl5wBCbc=,XYIejVACeXaFOZEcaS4muCTFzVY=
76,27,78KZM0OC6rso4xLtQkfgl5wBCbc=,z7ap2vc0ZUHnEqydpv/OpTjKZP8=
79,31,78KZM0OC6rso4xLtQkfgl5wBCbc=,z7ap2vc0ZUHnEqydpv/OpTjKZP8=
77,27,78KZM0OC6rso4xLtQkfgl5wBCbc=,z7ap2vc0ZUHnEqydpv/OpTjKZP8=
78,16,78KZM0OC6rso4xLtQkfgl5wBCbc=,XYIejVACeXaFOZEcaS4muCTFzVY=
76,16,78KZM0OC6rso4xLtQkfgl5wBCbc=,XYIejVACeXaFOZEcaS4muCTFzVY=
64,16,78KZM0OC6rso4xLtQkfgl5wBCbc=,NjqQg/ihWn6b65NiDCbuDLpv53M=
77,16,78KZM0OC6rso4xLtQkfgl5wBCbc=,XYIejVACeXaFOZEcaS4muCTFzVY=
71,30,78KZM0OC6rso4xLtQkfgl5wBCbc=,0L0RL0Q7Y19piN+OqnxzPgHbdH0=
74,28,78KZM0OC6rso4xLtQkfgl5wBCbc=,z7ap2vc0ZUHnEqydpv/OpTjKZP8=
73,23,78KZM0OC6rso4xLtQkfgl5wBCbc=,XYIejVACeXaFOZEcaS4muCTFzVY=
72,23,78KZM0OC6rso4xLtQkfgl5wBCbc=,XYIejVACeXaFOZEcaS4muCTFzVY=
65,26,78KZM0OC6rso4xLtQkfgl5wBCbc=,0L0RL0Q7Y19piN+OqnxzPgHbdH0=
78,27,78KZM0OC6rso4xLtQkfgl5wBCbc=,z7ap2vc0ZUHnEqydpv/OpTjKZP8=
73,28,78KZM0OC6rso4xLtQkfgl5wBCbc=,z7ap2vc0ZUHnEqydpv/OpTjKZP8=
72,28,78KZM0OC6rso4xLtQkfgl5wBCbc=,z7ap2vc0ZUHnEqydpv/OpTjKZP8=
87,17,Zz+sVDURtzQpAzixeuTdrE5OnQY=,EfEuID2mepohQgs/aX+ojn/Rjpk=
86,17,Zz+sVDURtzQpAzixeuTdrE5OnQY=,EfEuID2mepohQgs/aX+ojn/Rjpk=
83,21,Zz+sVDURtzQpAzixeuTdrE5OnQY=,EfEuID2mepohQgs/aX+ojn/Rjpk=
85,17,Zz+sVDURtzQpAzixeuTdrE5OnQY=,EfEuID2mepohQgs/aX+ojn/Rjpk=
84,21,Zz+sVDURtzQpAzixeuTdrE5OnQY=,EfEuID2mepohQgs/aX+ojn/Rjpk=
87,19,Zz+sVDURtzQpAzixeuTdrE5OnQY=,EfEuID2mepohQgs/aX+ojn/Rjpk=
83,16,Zz+sVDURtzQpAzixeuTdrE5OnQY=,EfEuID2mepohQgs/aX+ojn/Rjpk=
82,21,Zz+sVDURtzQpAzixeuTdrE5OnQY=,EfEuID2mepohQgs/aX+ojn/Rjpk=
87,18,Zz+sVDURtzQpAzixeuTdrE5OnQY=,EfEuID2mepohQgs/aX+ojn/Rjpk=
86,18,Zz+sVDURtzQpAzixeuTdrE5OnQY=,EfEuID2mepohQgs/aX+ojn/Rjpk=
85,20,Zz+sVDURtzQpAzixeuTdrE5OnQY=,EfEuID2mepohQgs/aX+ojn/Rjpk=
86,19,Zz+sVDURtzQpAzixeuTdrE5OnQY=,EfEuID2mepohQgs/aX+ojn/Rjpk=
85,19,Zz+sVDURtzQpAzixeuTdrE5OnQY=,EfEuID2mepohQgs/aX+ojn/Rjpk=
85,18,Zz+sVDURtzQpAzixeuTdrE5OnQY=,EfEuID2mepohQgs/aX+ojn/Rjpk=
84,27,Zz+sVDURtzQpAzixeuTdrE5OnQY=,6IDQsqO5qoRG9TvzzZsDqapuqzY=
85,27,Zz+sVDURtzQpAzixeuTdrE5OnQY=,6IDQsqO5qoRG9TvzzZsDqapuqzY=
86,27,Zz+sVDURtzQpAzixeuTdrE5OnQY=,6IDQsqO5qoRG9TvzzZsDqapuqzY=
87,27,Zz+sVDURtzQpAzixeuTdrE5OnQY=,6IDQsqO5qoRG9TvzzZsDqapuqzY=
81,17,Zz+sVDURtzQpAzixeuTdrE5OnQY=,EfEuID2mepohQgs/aX+ojn/Rjpk=
87,31,Zz+sVDURtzQpAzixeuTdrE5OnQY=,6IDQsqO5qoRG9TvzzZsDqapuqzY=
82,27,Zz+sVDURtzQpAzixeuTdrE5OnQY=,6IDQsqO5qoRG9TvzzZsDqapuqzY=
84,19,Zz+sVDURtzQpAzixeuTdrE5OnQY=,EfEuID2mepohQgs/aX+ojn/Rjpk=
83,27,Zz+sVDURtzQpAzixeuTdrE5OnQY=,6IDQsqO5qoRG9TvzzZsDqapuqzY=
84,18,Zz+sVDURtzQpAzixeuTdrE5OnQY=,EfEuID2mepohQgs/aX+ojn/Rjpk=
81,21,Zz+sVDURtzQpAzixeuTdrE5OnQY=,EfEuID2mepohQgs/aX+ojn/Rjpk=
86,31,Zz+sVDURtzQpAzixeuTdrE5OnQY=,6IDQsqO5qoRG9TvzzZsDqapuqzY=
87,16,Zz+sVDURtzQpAzixeuTdrE5OnQY=,EfEuID2mepohQgs/aX+ojn/Rjpk=
85,31,Zz+sVDURtzQpAzixeuTdrE5OnQY=,6IDQsqO5qoRG9TvzzZsDqapuqzY=
83,19,Zz+sVDURtzQpAzixeuTdrE5OnQY=,EfEuID2mepohQgs/aX+ojn/Rjpk=
84,31,Zz+sVDURtzQpAzixeuTdrE5OnQY=,6IDQsqO5qoRG9TvzzZsDqapuqzY=
83,18,Zz+sVDURtzQpAzixeuTdrE5OnQY=,EfEuID2mepohQgs/aX+ojn/Rjpk=
83,31,Zz+sVDURtzQpAzixeuTdrE5OnQY=,6IDQsqO5qoRG9TvzzZsDqapuqzY=
82,31,Zz+sVDURtzQpAzixeuTdrE5OnQY=,6IDQsqO5qoRG9TvzzZsDqapuqzY=
80,17,Zz+sVDURtzQpAzixeuTdrE5OnQY=,EfEuID2mepohQgs/aX+ojn/Rjpk=
80,16,Zz+sVDURtzQpAzixeuTdrE5OnQY=,EfEuID2mepohQgs/aX+ojn/Rjpk=
85,21,Zz+sVDURtzQpAzixeuTdrE5OnQY=,EfEuID2mepohQgs/aX+ojn/Rjpk=
82,17,Zz+sVDURtzQpAzixeuTdrE5OnQY=,EfEuID2mepohQgs/aX+ojn/Rjpk=
83,17,Zz+sVDURtzQpAzixeuTdrE5OnQY=,EfEuID2mepohQgs/aX+ojn/Rjpk=
84,17,Zz+sVDURtzQpAzixeuTdrE5OnQY=,EfEuID2mepohQgs/aX+ojn/Rjpk=
81,27,Zz+sVDURtzQpAzixeuTdrE5OnQY=,6IDQsqO5qoRG9TvzzZsDqapuqzY=
87,30,Zz+sVDURtzQpAzixeuTdrE5OnQY=,6IDQsqO5qoRG9TvzzZsDqapuqzY=
86,30,Zz+sVDURtzQpAzixeuTdrE5OnQY=,6IDQsqO5qoRG9TvzzZsDqapuqzY=
84,20,Zz+sVDURtzQpAzixeuTdrE5OnQY=,EfEuID2mepohQgs/aX+ojn/Rjpk=
85,30,Zz+sVDURtzQpAzixeuTdrE5OnQY=,6IDQsqO5qoRG9TvzzZsDqapuqzY=
81,31,Zz+sVDURtzQpAzixeuTdrE5OnQY=,6IDQsqO5qoRG9TvzzZsDqapuqzY=
87,26,Zz+sVDURtzQpAzixeuTdrE5OnQY=,6IDQsqO5qoRG9TvzzZsDqapuqzY=
86,26,Zz+sVDURtzQpAzixeuTdrE5OnQY=,6IDQsqO5qoRG9TvzzZsDqapuqzY=
85,26,Zz+sVDURtzQpAzixeuTdrE5OnQY=,6IDQsqO5qoRG9TvzzZsDqapuqzY=
84,26,Zz+sVDURtzQpAzixeuTdrE5OnQY=,6IDQsqO5qoRG9TvzzZsDqapuqzY=
84,30,Zz+sVDURtzQpAzixeuTdrE5OnQY=,6IDQsqO5qoRG9TvzzZsDqapuqzY=
83,26,Zz+sVDURtzQpAzixeuTdrE5OnQY=,6IDQsqO5qoRG9TvzzZsDqapuqzY=
83,30,Zz+sVDURtzQpAzixeuTdrE5OnQY=,6IDQsqO5qoRG9TvzzZsDqapuqzY=
82,26,Zz+sVDURtzQpAzixeuTdrE5OnQY=,6IDQsqO5qoRG9TvzzZsDqapuqzY=
80,28,Zz+sVDURtzQpAzixeuTdrE5OnQY=,6IDQsqO5qoRG9TvzzZsDqapuqzY=
81,26,Zz+sVDURtzQpAzixeuTdrE5OnQY=,6IDQsqO5qoRG9TvzzZsDqapuqzY=
81,28,Zz+sVDURtzQpAzixeuTdrE5OnQY=,6IDQsqO5qoRG9TvzzZsDqapuqzY=
82,28,Zz+sVDURtzQpAzixeuTdrE5OnQY=,6IDQsqO5qoRG9TvzzZsDqapuqzY=
83,28,Zz+sVDURtzQpAzixeuTdrE5OnQY=,6IDQsqO5qoRG9TvzzZsDqapuqzY=
82,19,Zz+sVDURtzQpAzixeuTdrE5OnQY=,EfEuID2mepohQgs/aX+ojn/Rjpk=
84,28,Zz+sVDURtzQpAzixeuTdrE5OnQY=,6IDQsqO5qoRG9TvzzZsDqapuqzY=
85,28,Zz+sVDURtzQpAzixeuTdrE5OnQY=,6IDQsqO5qoRG9TvzzZsDqapuqzY=
86,28,Zz+sVDURtzQpAzixeuTdrE5OnQY=,6IDQsqO5qoRG9TvzzZsDqapuqzY=
87,28,Zz+sVDURtzQpAzixeuTdrE5OnQY=,6IDQsqO5qoRG9TvzzZsDqapuqzY=
87,25,Zz+sVDURtzQpAzixeuTdrE5OnQY=,6IDQsqO5qoRG9TvzzZsDqapuqzY=
82,18,Zz+sVDURtzQpAzixeuTdrE5OnQY=,EfEuID2mepohQgs/aX+ojn/Rjpk=
80,27,Zz+sVDURtzQpAzixeuTdrE5OnQY=,6IDQsqO5qoRG9TvzzZsDqapuqzY=
82,30,Zz+sVDURtzQpAzixeuTdrE5OnQY=,6IDQsqO5qoRG9TvzzZsDqapuqzY=
86,22,Zz+sVDURtzQpAzixeuTdrE5OnQY=,EfEuID2mepohQgs/aX+ojn/Rjpk=
87,22,Zz+sVDURtzQpAzixeuTdrE5OnQY=,EfEuID2mepohQgs/aX+ojn/Rjpk=
85,22,Zz+sVDURtzQpAzixeuTdrE5OnQY=,EfEuID2mepohQgs/aX+ojn/Rjpk=
80,31,Zz+sVDURtzQpAzixeuTdrE5OnQY=,6IDQsqO5qoRG9TvzzZsDqapuqzY=
86,25,Zz+sVDURtzQpAzixeuTdrE5OnQY=,6IDQsqO5qoRG9TvzzZsDqapuqzY=
85,25,Zz+sVDURtzQpAzixeuTdrE5OnQY=,6IDQsqO5qoRG9TvzzZsDqapuqzY=
83,25,Zz+sVDURtzQpAzixeuTdrE5OnQY=,6IDQsqO5qoRG9TvzzZsDqapuqzY=
84,25,Zz+sVDURtzQpAzixeuTdrE5OnQY=,6IDQsqO5qoRG9TvzzZsDqapuqzY=
82,25,Zz+sVDURtzQpAzixeuTdrE5OnQY=,6IDQsqO5qoRG9TvzzZsDqapuqzY=
80,20,Zz+sVDURtzQpAzixeuTdrE5OnQY=,EfEuID2mepohQgs/aX+ojn/Rjpk=
81,25,Zz+sVDURtzQpAzixeuTdrE5OnQY=,6IDQsqO5qoRG9TvzzZsDqapuqzY=
80,26,Zz+sVDURtzQpAzixeuTdrE5OnQY=,6IDQsqO5qoRG9TvzzZsDqapuqzY=
87,24,Zz+sVDURtzQpAzixeuTdrE5OnQY=,6IDQsqO5qoRG9TvzzZsDqapuqzY=
81,16,Zz+sVDURtzQpAzixeuTdrE5OnQY=,EfEuID2mepohQgs/aX+ojn/Rjpk=
86,21,Zz+sVDURtzQpAzixeuTdrE5OnQY=,EfEuID2mepohQgs/aX+ojn/Rjpk=
84,16,Zz+sVDURtzQpAzixeuTdrE5OnQY=,EfEuID2mepohQgs/aX+ojn/Rjpk=
85,16,Zz+sVDURtzQpAzixeuTdrE5OnQY=,EfEuID2mepohQgs/aX+ojn/Rjpk=
80,25,Zz+sVDURtzQpAzixeuTdrE5OnQY=,6IDQsqO5qoRG9TvzzZsDqapuqzY=
80,29,Zz+sVDURtzQpAzixeuTdrE5OnQY=,6IDQsqO5qoRG9TvzzZsDqapuqzY=
81,30,Zz+sVDURtzQpAzixeuTdrE5OnQY=,6IDQsqO5qoRG9TvzzZsDqapuqzY=
86,24,Zz+sVDURtzQpAzixeuTdrE5OnQY=,6IDQsqO5qoRG9TvzzZsDqapuqzY=
85,24,Zz+sVDURtzQpAzixeuTdrE5OnQY=,6IDQsqO5qoRG9TvzzZsDqapuqzY=
84,24,Zz+sVDURtzQpAzixeuTdrE5OnQY=,6IDQsqO5qoRG9TvzzZsDqapuqzY=
83,24,Zz+sVDURtzQpAzixeuTdrE5OnQY=,6IDQsqO5qoRG9TvzzZsDqapuqzY=
82,24,Zz+sVDURtzQpAzixeuTdrE5OnQY=,6IDQsqO5qoRG9TvzzZsDqapuqzY=
80,21,Zz+sVDURtzQpAzixeuTdrE5OnQY=,EfEuID2mepohQgs/aX+ojn/Rjpk=
81,19,Zz+sVDURtzQpAzixeuTdrE5OnQY=,EfEuID2mepohQgs/aX+ojn/Rjpk=
81,29,Zz+sVDURtzQpAzixeuTdrE5OnQY=,6IDQsqO5qoRG9TvzzZsDqapuqzY=
82,29,Zz+sVDURtzQpAzixeuTdrE5OnQY=,6IDQsqO5qoRG9TvzzZsDqapuqzY=
83,29,Zz+sVDURtzQpAzixeuTdrE5OnQY=,6IDQsqO5qoRG9TvzzZsDqapuqzY=
84,29,Zz+sVDURtzQpAzixeuTdrE5OnQY=,6IDQsqO5qoRG9TvzzZsDqapuqzY=
80,18,Zz+sVDURtzQpAzixeuTdrE5OnQY=,EfEuID2mepohQgs/aX+ojn/Rjpk=
80,30,Zz+sVDURtzQpAzixeuTdrE5OnQY=,6IDQsqO5qoRG9TvzzZsDqapuqzY=
84,22,Zz+sVDURtzQpAzixeuTdrE5OnQY=,EfEuID2mepohQgs/aX+ojn/Rjpk=
87,29,Zz+sVDURtzQpAzixeuTdrE5OnQY=,6IDQsqO5qoRG9TvzzZsDqapuqzY=
81,24,Zz+sVDURtzQpAzixeuTdrE5OnQY=,6IDQsqO5qoRG9TvzzZsDqapuqzY=
87,23,Zz+sVDURtzQpAzixeuTdrE5OnQY=,EfEuID2mepohQgs/aX+ojn/Rjpk=
86,23,Zz+sVDURtzQpAzixeuTdrE5OnQY=,EfEuID2mepohQgs/aX+ojn/Rjpk=
85,23,Zz+sVDURtzQpAzixeuTdrE5OnQY=,EfEuID2mepohQgs/aX+ojn/Rjpk=
83,20,Zz+sVDURtzQpAzixeuTdrE5OnQY=,EfEuID2mepohQgs/aX+ojn/Rjpk=
84,23,Zz+sVDURtzQpAzixeuTdrE5OnQY=,EfEuID2mepohQgs/aX+ojn/Rjpk=
83,23,Zz+sVDURtzQpAzixeuTdrE5OnQY=,EfEuID2mepohQgs/aX+ojn/Rjpk=
85,29,Zz+sVDURtzQpAzixeuTdrE5OnQY=,6IDQsqO5qoRG9TvzzZsDqapuqzY=
86,29,Zz+sVDURtzQpAzixeuTdrE5OnQY=,6IDQsqO5qoRG9TvzzZsDqapuqzY=
82,23,Zz+sVDURtzQpAzixeuTdrE5OnQY=,EfEuID2mepohQgs/aX+ojn/Rjpk=
81,18,Zz+sVDURtzQpAzixeuTdrE5OnQY=,EfEuID2mepohQgs/aX+ojn/Rjpk=
87,20,Zz+sVDURtzQpAzixeuTdrE5OnQY=,EfEuID2mepohQgs/aX+ojn/Rjpk=
82,22,Zz+sVDURtzQpAzixeuTdrE5OnQY=,EfEuID2mepohQgs/aX+ojn/Rjpk=
81,22,Zz+sVDURtzQpAzixeuTdrE5OnQY=,EfEuID2mepohQgs/aX+ojn/Rjpk=
83,22,Zz+sVDURtzQpAzixeuTdrE5OnQY=,EfEuID2mepohQgs/aX+ojn/Rjpk=
86,16,Zz+sVDURtzQpAzixeuTdrE5OnQY=,EfEuID2mepohQgs/aX+ojn/Rjpk=
82,20,Zz+sVDURtzQpAzixeuTdrE5OnQY=,EfEuID2mepohQgs/aX+ojn/Rjpk=
81,23,Zz+sVDURtzQpAzixeuTdrE5OnQY=,EfEuID2mepohQgs/aX+ojn/Rjpk=
80,19,Zz+sVDURtzQpAzixeuTdrE5OnQY=,EfEuID2mepohQgs/aX+ojn/Rjpk=
87,21,Zz+sVDURtzQpAzixeuTdrE5OnQY=,EfEuID2mepohQgs/aX+ojn/Rjpk=
82,16,Zz+sVDURtzQpAzixeuTdrE5OnQY=,EfEuID2mepohQgs/aX+ojn/Rjpk=
80,23,Zz+sVDURtzQpAzixeuTdrE5OnQY=,EfEuID2mepohQgs/aX+ojn/Rjpk=
81,20,Zz+sVDURtzQpAzixeuTdrE5OnQY=,EfEuID2mepohQgs/aX+ojn/Rjpk=
86,20,Zz+sVDURtzQpAzixeuTdrE5OnQY=,EfEuID2mepohQgs/aX+ojn/Rjpk=
80,24,Zz+sVDURtzQpAzixeuTdrE5OnQY=,6IDQsqO5qoRG9TvzzZsDqapuqzY=
80,22,Zz+sVDURtzQpAzixeuTdrE5OnQY=,EfEuID2mepohQgs/aX+ojn/Rjpk=
84,5,liyikq0Fukvx+hTjPSN7muMIQOg=,9DHROJNdKopAIM+c+R7thTiJieI=
83,0,liyikq0Fukvx+hTjPSN7muMIQOg=,9DHROJNdKopAIM+c+R7thTiJieI=
85,4,liyikq0Fukvx+hTjPSN7muMIQOg=,9DHROJNdKopAIM+c+R7thTiJieI=
87,1,liyikq0Fukvx+hTjPSN7muMIQOg=,9DHROJNdKopAIM+c+R7thTiJieI=
86,1,liyikq0Fukvx+hTjPSN7muMIQOg=,9DHROJNdKopAIM+c+R7thTiJieI=
85,1,liyikq0Fukvx+hTjPSN7muMIQOg=,9DHROJNdKopAIM+c+R7thTiJieI=
84,4,liyikq0Fukvx+hTjPSN7muMIQOg=,9DHROJNdKopAIM+c+R7thTiJieI=
81,1,liyikq0Fukvx+hTjPSN7muMIQOg=,9DHROJNdKopAIM+c+R7thTiJieI=
84,1,liyikq0Fukvx+hTjPSN7muMIQOg=,9DHROJNdKopAIM+c+R7thTiJieI=
83,1,liyikq0Fukvx+hTjPSN7muMIQOg=,9DHROJNdKopAIM+c+R7thTiJieI=
82,1,liyikq0Fukvx+hTjPSN7muMIQOg=,9DHROJNdKopAIM+c+R7thTiJieI=
82,0,liyikq0Fukvx+hTjPSN7muMIQOg=,9DHROJNdKopAIM+c+R7thTiJieI=
83,5,liyikq0Fukvx+hTjPSN7muMIQOg=,9DHROJNdKopAIM+c+R7thTiJieI=
83,4,liyikq0Fukvx+hTjPSN7muMIQOg=,9DHROJNdKopAIM+c+R7thTiJieI=
82,5,liyikq0Fukvx+hTjPSN7muMIQOg=,9DHROJNdKopAIM+c+R7thTiJieI=
84,3,liyikq0Fukvx+hTjPSN7muMIQOg=,9DHROJNdKopAIM+c+R7thTiJieI=
85,3,liyikq0Fukvx+hTjPSN7muMIQOg=,9DHROJNdKopAIM+c+R7thTiJieI=
81,5,liyikq0Fukvx+hTjPSN7muMIQOg=,9DHROJNdKopAIM+c+R7thTiJieI=
83,3,liyikq0Fukvx+hTjPSN7muMIQOg=,9DHROJNdKopAIM+c+R7thTiJieI=
82,4,liyikq0Fukvx+hTjPSN7muMIQOg=,9DHROJNdKopAIM+c+R7thTiJieI=
87,2,liyikq0Fukvx+hTjPSN7muMIQOg=,9DHROJNdKopAIM+c+R7thTiJieI=
82,3,liyikq0Fukvx+hTjPSN7muMIQOg=,9DHROJNdKopAIM+c+R7thTiJieI=
80,5,liyikq0Fukvx+hTjPSN7muMIQOg=,9DHROJNdKopAIM+c+R7thTiJieI=
86,2,liyikq0Fukvx+hTjPSN7muMIQOg=,9DHROJNdKopAIM+c+R7thTiJieI=
81,0,liyikq0Fukvx+hTjPSN7muMIQOg=,9DHROJNdKopAIM+c+R7thTiJieI=
85,2,liyikq0Fukvx+hTjPSN7muMIQOg=,9DHROJNdKopAIM+c+R7thTiJieI=
81,4,liyikq0Fukvx+hTjPSN7muMIQOg=,9DHROJNdKopAIM+c+R7thTiJieI=
84,2,liyikq0Fukvx+hTjPSN7muMIQOg=,9DHROJNdKopAIM+c+R7thTiJieI=
87,3,liyikq0Fukvx+hTjPSN7muMIQOg=,9DHROJNdKopAIM+c+R7thTiJieI=
87,6,liyikq0Fukvx+hTjPSN7muMIQOg=,9DHROJNdKopAIM+c+R7thTiJieI=
86,6,liyikq0Fukvx+hTjPSN7muMIQOg=,9DHROJNdKopAIM+c+R7thTiJieI=
80,4,liyikq0Fukvx+hTjPSN7muMIQOg=,9DHROJNdKopAIM+c+R7thTiJieI=
85,6,liyikq0Fukvx+hTjPSN7muMIQOg=,9DHROJNdKopAIM+c+R7thTiJieI=
87,4,liyikq0Fukvx+hTjPSN7muMIQOg=,9DHROJNdKopAIM+c+R7thTiJieI=
84,6,liyikq0Fukvx+hTjPSN7muMIQOg=,9DHROJNdKopAIM+c+R7thTiJieI=
83,2,liyikq0Fukvx+hTjPSN7muMIQOg=,9DHROJNdKopAIM+c+R7thTiJieI=
83,6,liyikq0Fukvx+hTjPSN7muMIQOg=,9DHROJNdKopAIM+c+R7thTiJieI=
87,0,liyikq0Fukvx+hTjPSN7muMIQOg=,9DHROJNdKopAIM+c+R7thTiJieI=
82,6,liyikq0Fukvx+hTjPSN7muMIQOg=,9DHROJNdKopAIM+c+R7thTiJieI=
81,3,liyikq0Fukvx+hTjPSN7muMIQOg=,9DHROJNdKopAIM+c+R7thTiJieI=
86,3,liyikq0Fukvx+hTjPSN7muMIQOg=,9DHROJNdKopAIM+c+R7thTiJieI=
86,4,liyikq0Fukvx+hTjPSN7muMIQOg=,9DHROJNdKopAIM+c+R7thTiJieI=
86,0,liyikq0Fukvx+hTjPSN7muMIQOg=,9DHROJNdKopAIM+c+R7thTiJieI=
85,0,liyikq0Fukvx+hTjPSN7muMIQOg=,9DHROJNdKopAIM+c+R7thTiJieI=
82,2,liyikq0Fukvx+hTjPSN7muMIQOg=,9DHROJNdKopAIM+c+R7thTiJieI=
84,0,liyikq0Fukvx+hTjPSN7muMIQOg=,9DHROJNdKopAIM+c+R7thTiJieI=
81,2,liyikq0Fukvx+hTjPSN7muMIQOg=,9DHROJNdKopAIM+c+R7thTiJieI=
81,6,liyikq0Fukvx+hTjPSN7muMIQOg=,9DHROJNdKopAIM+c+R7thTiJieI=
80,1,liyikq0Fukvx+hTjPSN7muMIQOg=,9DHROJNdKopAIM+c+R7thTiJieI=
87,5,liyikq0Fukvx+hTjPSN7muMIQOg=,9DHROJNdKopAIM+c+R7thTiJieI=
86,5,liyikq0Fukvx+hTjPSN7muMIQOg=,9DHROJNdKopAIM+c+R7thTiJieI=
85,5,liyikq0Fukvx+hTjPSN7muMIQOg=,9DHROJNdKopAIM+c+R7thTiJieI=
80,3,liyikq0Fukvx+hTjPSN7muMIQOg=,9DHROJNdKopAIM+c+R7thTiJieI=
83,11,liyikq0Fukvx+hTjPSN7muMIQOg=,qz6ysrhrIAdvtiK1HZq2zAHx3WA=
84,11,liyikq0Fukvx+hTjPSN7muMIQOg=,qz6ysrhrIAdvtiK1HZq2zAHx3WA=
85,11,liyikq0Fukvx+hTjPSN7muMIQOg=,qz6ysrhrIAdvtiK1HZq2zAHx3WA=
82,11,liyikq0Fukvx+hTjPSN7muMIQOg=,qz6ysrhrIAdvtiK1HZq2zAHx3WA=
86,11,liyikq0Fukvx+hTjPSN7muMIQOg=,qz6ysrhrIAdvtiK1HZq2zAHx3WA=
87,15,liyikq0Fukvx+hTjPSN7muMIQOg=,qz6ysrhrIAdvtiK1HZq2zAHx3WA=
86,15,liyikq0Fukvx+hTjPSN7muMIQOg=,qz6ysrhrIAdvtiK1HZq2zAHx3WA=
87,11,liyikq0Fukvx+hTjPSN7muMIQOg=,qz6ysrhrIAdvtiK1HZq2zAHx3WA=
85,15,liyikq0Fukvx+hTjPSN7muMIQOg=,qz6ysrhrIAdvtiK1HZq2zAHx3WA=
80,2,liyikq0Fukvx+hTjPSN7muMIQOg=,9DHROJNdKopAIM+c+R7thTiJieI=
80,6,liyikq0Fukvx+hTjPSN7muMIQOg=,9DHROJNdKopAIM+c+R7thTiJieI=
84,15,liyikq0Fukvx+hTjPSN7muMIQOg=,qz6ysrhrIAdvtiK1HZq2zAHx3WA=
83,15,liyikq0Fukvx+hTjPSN7muMIQOg=,qz6ysrhrIAdvtiK1HZq2zAHx3WA=
80,0,liyikq0Fukvx+hTjPSN7muMIQOg=,9DHROJNdKopAIM+c+R7thTiJieI=
82,15,liyikq0Fukvx+hTjPSN7muMIQOg=,qz6ysrhrIAdvtiK1HZq2zAHx3WA=
81,11,liyikq0Fukvx+hTjPSN7muMIQOg=,qz6ysrhrIAdvtiK1HZq2zAHx3WA=
87,14,liyikq0Fukvx+hTjPSN7muMIQOg=,qz6ysrhrIAdvtiK1HZq2zAHx3WA=
86,14,liyikq0Fukvx+hTjPSN7muMIQOg=,qz6ysrhrIAdvtiK1HZq2zAHx3WA=
85,14,liyikq0Fukvx+hTjPSN7muMIQOg=,qz6ysrhrIAdvtiK1HZq2zAHx3WA=
87,10,liyikq0Fukvx+hTjPSN7muMIQOg=,qz6ysrhrIAdvtiK1HZq2zAHx3WA=
86,10,liyikq0Fukvx+hTjPSN7muMIQOg=,qz6ysrhrIAdvtiK1HZq2zAHx3WA=
84,14,liyikq0Fukvx+hTjPSN7muMIQOg=,qz6ysrhrIAdvtiK1HZq2zAHx3WA=
83,14,liyikq0Fukvx+hTjPSN7muMIQOg=,qz6ysrhrIAdvtiK1HZq2zAHx3WA=
82,14,liyikq0Fukvx+hTjPSN7muMIQOg=,qz6ysrhrIAdvtiK1HZq2zAHx3WA=
80,12,liyikq0Fukvx+hTjPSN7muMIQOg=,qz6ysrhrIAdvtiK1HZq2zAHx3WA=
81,15,liyikq0Fukvx+hTjPSN7muMIQOg=,qz6ysrhrIAdvtiK1HZq2zAHx3WA=
85,10,liyikq0Fukvx+hTjPSN7muMIQOg=,qz6ysrhrIAdvtiK1HZq2zAHx3WA=
81,14,liyikq0Fukvx+hTjPSN7muMIQOg=,qz6ysrhrIAdvtiK1HZq2zAHx3WA=
84,10,liyikq0Fukvx+hTjPSN7muMIQOg=,qz6ysrhrIAdvtiK1HZq2zAHx3WA=
83,10,liyikq0Fukvx+hTjPSN7muMIQOg=,qz6ysrhrIAdvtiK1HZq2zAHx3WA=
82,10,liyikq0Fukvx+hTjPSN7muMIQOg=,qz6ysrhrIAdvtiK1HZq2zAHx3WA=
87,13,liyikq0Fukvx+hTjPSN7muMIQOg=,qz6ysrhrIAdvtiK1HZq2zAHx3WA=
86,13,liyikq0Fukvx+hTjPSN7muMIQOg=,qz6ysrhrIAdvtiK1HZq2zAHx3WA=
85,13,liyikq0Fukvx+hTjPSN7muMIQOg=,qz6ysrhrIAdvtiK1HZq2zAHx3WA=
84,13,liyikq0Fukvx+hTjPSN7muMIQOg=,qz6ysrhrIAdvtiK1HZq2zAHx3WA=
80,11,liyikq0Fukvx+hTjPSN7muMIQOg=,qz6ysrhrIAdvtiK1HZq2zAHx3WA=
83,13,liyikq0Fukvx+hTjPSN7muMIQOg=,qz6ysrhrIAdvtiK1HZq2zAHx3WA=
80,15,liyikq0Fukvx+hTjPSN7muMIQOg=,qz6ysrhrIAdvtiK1HZq2zAHx3WA=
87,9,liyikq0Fukvx+hTjPSN7muMIQOg=,qz6ysrhrIAdvtiK1HZq2zAHx3WA=
81,12,liyikq0Fukvx+hTjPSN7muMIQOg=,qz6ysrhrIAdvtiK1HZq2zAHx3WA=
86,9,liyikq0Fukvx+hTjPSN7muMIQOg=,qz6ysrhrIAdvtiK1HZq2zAHx3WA=
82,12,liyikq0Fukvx+hTjPSN7muMIQOg=,qz6ysrhrIAdvtiK1HZq2zAHx3WA=
85,9,liyikq0Fukvx+hTjPSN7muMIQOg=,qz6ysrhrIAdvtiK1HZq2zAHx3WA=
83,12,liyikq0Fukvx+hTjPSN7muMIQOg=,qz6ysrhrIAdvtiK1HZq2zAHx3WA=
84,9,liyikq0Fukvx+hTjPSN7muMIQOg=,qz6ysrhrIAdvtiK1HZq2zAHx3WA=
84,12,liyikq0Fukvx+hTjPSN7muMIQOg=,qz6ysrhrIAdvtiK1HZq2zAHx3WA=
85,12,liyikq0Fukvx+hTjPSN7muMIQOg=,qz6ysrhrIAdvtiK1HZq2zAHx3WA=
83,9,liyikq0Fukvx+hTjPSN7muMIQOg=,qz6ysrhrIAdvtiK1HZq2zAHx3WA=
82,9,liyikq0Fukvx+hTjPSN7muMIQOg=,qz6ysrhrIAdvtiK1HZq2zAHx3WA=
81,10,liyikq0Fukvx+hTjPSN7muMIQOg=,qz6ysrhrIAdvtiK1HZq2zAHx3WA=
81,9,liyikq0Fukvx+hTjPSN7muMIQOg=,qz6ysrhrIAdvtiK1HZq2zAHx3WA=
87,8,liyikq0Fukvx+hTjPSN7muMIQOg=,qz6ysrhrIAdvtiK1HZq2zAHx3WA=
80,14,liyikq0Fukvx+hTjPSN7muMIQOg=,qz6ysrhrIAdvtiK1HZq2zAHx3WA=
86,8,liyikq0Fukvx+hTjPSN7muMIQOg=,qz6ysrhrIAdvtiK1HZq2zAHx3WA=
85,8,liyikq0Fukvx+hTjPSN7muMIQOg=,qz6ysrhrIAdvtiK1HZq2zAHx3WA=
84,8,liyikq0Fukvx+hTjPSN7muMIQOg=,qz6ysrhrIAdvtiK1HZq2zAHx3WA=
83,8,liyikq0Fukvx+hTjPSN7muMIQOg=,qz6ysrhrIAdvtiK1HZq2zAHx3WA=
82,8,liyikq0Fukvx+hTjPSN7muMIQOg=,qz6ysrhrIAdvtiK1HZq2zAHx3WA=
82,13,liyikq0Fukvx+hTjPSN7muMIQOg=,qz6ysrhrIAdvtiK1HZq2zAHx3WA=
80,10,liyikq0Fukvx+hTjPSN7muMIQOg=,qz6ysrhrIAdvtiK1HZq2zAHx3WA=
80,7,liyikq0Fukvx+hTjPSN7muMIQOg=,9DHROJNdKopAIM+c+R7thTiJieI=
81,8,liyikq0Fukvx+hTjPSN7muMIQOg=,qz6ysrhrIAdvtiK1HZq2zAHx3WA=
87,7,liyikq0Fukvx+hTjPSN7muMIQOg=,9DHROJNdKopAIM+c+R7thTiJieI=
86,7,liyikq0Fukvx+hTjPSN7muMIQOg=,9DHROJNdKopAIM+c+R7thTiJieI=
85,7,liyikq0Fukvx+hTjPSN7muMIQOg=,9DHROJNdKopAIM+c+R7thTiJieI=
84,7,liyikq0Fukvx+hTjPSN7muMIQOg=,9DHROJNdKopAIM+c+R7thTiJieI=
81,13,liyikq0Fukvx+hTjPSN7muMIQOg=,qz6ysrhrIAdvtiK1HZq2zAHx3WA=
83,7,liyikq0Fukvx+hTjPSN7muMIQOg=,9DHROJNdKopAIM+c+R7thTiJieI=
82,7,liyikq0Fukvx+hTjPSN7muMIQOg=,9DHROJNdKopAIM+c+R7thTiJieI=
87,12,liyikq0Fukvx+hTjPSN7muMIQOg=,qz6ysrhrIAdvtiK1HZq2zAHx3WA=
86,12,liyikq0Fukvx+hTjPSN7muMIQOg=,qz6ysrhrIAdvtiK1HZq2zAHx3WA=
80,9,liyikq0Fukvx+hTjPSN7muMIQOg=,qz6ysrhrIAdvtiK1HZq2zAHx3WA=
81,7,liyikq0Fukvx+hTjPSN7muMIQOg=,9DHROJNdKopAIM+c+R7thTiJieI=
80,8,liyikq0Fukvx+hTjPSN7muMIQOg=,qz6ysrhrIAdvtiK1HZq2zAHx3WA=
80,13,liyikq0Fukvx+hTjPSN7muMIQOg=,qz6ysrhrIAdvtiK1HZq2zAHx3WA=
