12,-21,0+PbxIRMXdA06x66hK4Un6MfTIU=,Rck0IDAAZd93UesubL5NXSnW3h8=
4,-21,0+PbxIRMXdA06x66hK4Un6MfTIU=,MjXMv08brC62hxXsDCjh2sf79EM=
5,-21,0+PbxIRMXdA06x66hK4Un6MfTIU=,MjXMv08brC62hxXsDCjh2sf79EM=
8,-20,0+PbxIRMXdA06x66hK4Un6MfTIU=,Rck0IDAAZd93UesubL5NXSnW3h8=
8,-24,0+PbxIRMXdA06x66hK4Un6MfTIU=,Rck0IDAAZd93UesubL5NXSnW3h8=
6,-21,0+PbxIRMXdA06x66hK4Un6MfTIU=,MjXMv08brC62hxXsDCjh2sf79EM=
14,-17,0+PbxIRMXdA06x66hK4Un6MfTIU=,Rck0IDAAZd93UesubL5NXSnW3h8=
13,-17,0+PbxIRMXdA06x66hK4Un6MfTIU=,Rck0IDAAZd93UesubL5NXSnW3h8=
3,-21,0+PbxIRMXdA06x66hK4Un6MfTIU=,MjXMv08brC62hxXsDCjh2sf79EM=
8,-19,0+PbxIRMXdA06x66hK4Un6MfTIU=,Rck0IDAAZd93UesubL5NXSnW3h8=
7,-21,0+PbxIRMXdA06x66hK4Un6MfTIU=,MjXMv08brC62hxXsDCjh2sf79EM=
8,-21,0+PbxIRMXdA06x66hK4Un6MfTIU=,Rck0IDAAZd93UesubL5NXSnW3h8=
12,-17,0+PbxIRMXdA06x66hK4Un6MfTIU=,Rck0IDAAZd93UesubL5NXSnW3h8=
0,-20,0+PbxIRMXdA06x66hK4Un6MfTIU=,MjXMv08brC62hxXsDCjh2sf79EM=
8,-23,0+PbxIRMXdA06x66hK4Un6MfTIU=,Rck0IDAAZd93UesubL5NXSnW3h8=
0,-24,0+PbxIRMXdA06x66hK4Un6MfTIU=,MjXMv08brC62hxXsDCjh2sf79EM=
1,-24,0+PbxIRMXdA06x66hK4Un6MfTIU=,MjXMv08brC62hxXsDCjh2sf79EM=
2,-24,0+PbxIRMXdA06x66hK4Un6MfTIU=,MjXMv08brC62hxXsDCjh2sf79EM=
3,-24,0+PbxIRMXdA06x66hK4Un6MfTIU=,MjXMv08brC62hxXsDCjh2sf79EM=
4,-24,0+PbxIRMXdA06x66hK4Un6MfTIU=,MjXMv08brC62hxXsDCjh2sf79EM=
5,-24,0+PbxIRMXdA06x66hK4Un6MfTIU=,MjXMv08brC62hxXsDCjh2sf79EM=
6,-24,0+PbxIRMXdA06x66hK4Un6MfTIU=,MjXMv08brC62hxXsDCjh2sf79EM=
8,-22,0+PbxIRMXdA06x66hK4Un6MfTIU=,Rck0IDAAZd93UesubL5NXSnW3h8=
7,-24,0+PbxIRMXdA06x66hK4Un6MfTIU=,MjXMv08brC62hxXsDCjh2sf79EM=
0,-23,0+PbxIRMXdA06x66hK4Un6MfTIU=,MjXMv08brC62hxXsDCjh2sf79EM=
11,-17,0+PbxIRMXdA06x66hK4Un6MfTIU=,Rck0IDAAZd93UesubL5NXSnW3h8=
7,-17,0+PbxIRMXdA06x66hK4Un6MfTIU=,MjXMv08brC62hxXsDCjh2sf79EM=
10,-17,0+PbxIRMXdA06x66hK4Un6MfTIU=,Rck0IDAAZd93UesubL5NXSnW3h8=
11,-21,0+PbxIRMXdA06x66hK4Un6MfTIU=,Rck0IDAAZd93UesubL5NXSnW3h8=
13,-22,0+PbxIRMXdA06x66hK4Un6MfTIU=,Rck0IDAAZd93UesubL5NXSnW3h8=
8,-18,0+PbxIRMXdA06x66hK4Un6MfTIU=,Rck0IDAAZd93UesubL5NXSnW3h8=
1,-23,0+PbxIRMXdA06x66hK4Un6MfTIU=,MjXMv08brC62hxXsDCjh2sf79EM=
2,-23,0+PbxIRMXdA06x66hK4Un6MfTIU=,MjXMv08brC62hxXsDCjh2sf79EM=
3,-23,0+PbxIRMXdA06x66hK4Un6MfTIU=,MjXMv08brC62hxXsDCjh2sf79EM=
4,-23,0+PbxIRMXdA06x66hK4Un6MfTIU=,MjXMv08brC62hxXsDCjh2sf79EM=
5,-23,0+PbxIRMXdA06x66hK4Un6MfTIU=,MjXMv08brC62hxXsDCjh2sf79EM=
9,-17,0+PbxIRMXdA06x66hK4Un6MfTIU=,Rck0IDAAZd93UesubL5NXSnW3h8=
15,-23,0+PbxIRMXdA06x66hK4Un6MfTIU=,Rck0IDAAZd93UesubL5NXSnW3h8=
11,-24,0+PbxIRMXdA06x66hK4Un6MfTIU=,Rck0IDAAZd93UesubL5NXSnW3h8=
1,-20,0+PbxIRMXdA06x66hK4Un6MfTIU=,MjXMv08brC62hxXsDCjh2sf79EM=
2,-20,0+PbxIRMXdA06x66hK4Un6MfTIU=,MjXMv08brC62hxXsDCjh2sf79EM=
4,-20,0+PbxIRMXdA06x66hK4Un6MfTIU=,MjXMv08brC62hxXsDCjh2sf79EM=
5,-17,0+PbxIRMXdA06x66hK4Un6MfTIU=,MjXMv08brC62hxXsDCjh2sf79EM=
3,-20,0+PbxIRMXdA06x66hK4Un6MfTIU=,MjXMv08brC62hxXsDCjh2sf79EM=
12,-22,0+PbxIRMXdA06x66hK4Un6MfTIU=,Rck0IDAAZd93UesubL5NXSnW3h8=
15,-18,0+PbxIRMXdA06x66hK4Un6MfTIU=,Rck0IDAAZd93UesubL5NXSnW3h8=
10,-21,0+PbxIRMXdA06x66hK4Un6MfTIU=,Rck0IDAAZd93UesubL5NXSnW3h8=
14,-23,0+PbxIRMXdA06x66hK4Un6MfTIU=,Rck0IDAAZd93UesubL5NXSnW3h8=
2,-21,0+PbxIRMXdA06x66hK4Un6MfTIU=,MjXMv08brC62hxXsDCjh2sf79EM=
11,-22,0+PbxIRMXdA06x66hK4Un6MfTIU=,Rck0IDAAZd93UesubL5NXSnW3h8=
9,-21,0+PbxIRMXdA06x66hK4Un6MfTIU=,Rck0IDAAZd93UesubL5NXSnW3h8=
5,-20,0+PbxIRMXdA06x66hK4Un6MfTIU=,MjXMv08brC62hxXsDCjh2sf79EM=
6,-23,0+PbxIRMXdA06x66hK4Un6MfTIU=,MjXMv08brC62hxXsDCjh2sf79EM=
6,-17,0+PbxIRMXdA06x66hK4Un6MfTIU=,MjXMv08brC62hxXsDCjh2sf79EM=
6,-20,0+PbxIRMXdA06x66hK4Un6MfTIU=,MjXMv08brC62hxXsDCjh2sf79EM=
7,-20,0+PbxIRMXdA06x66hK4Un6MfTIU=,MjXMv08brC62hxXsDCjh2sf79EM=
13,-18,0+PbxIRMXdA06x66hK4Un6MfTIU=,Rck0IDAAZd93UesubL5NXSnW3h8=
15,-17,0+PbxIRMXdA06x66hK4Un6MfTIU=,Rck0IDAAZd93UesubL5NXSnW3h8=
14,-18,0+PbxIRMXdA06x66hK4Un6MfTIU=,Rck0IDAAZd93UesubL5NXSnW3h8=
0,-19,0+PbxIRMXdA06x66hK4Un6MfTIU=,MjXMv08brC62hxXsDCjh2sf79EM=
11,-18,0+PbxIRMXdA06x66hK4Un6MfTIU=,Rck0IDAAZd93UesubL5NXSnW3h8=
13,-23,0+PbxIRMXdA06x66hK4Un6MfTIU=,Rck0IDAAZd93UesubL5NXSnW3h8=
1,-21,0+PbxIRMXdA06x66hK4Un6MfTIU=,MjXMv08brC62hxXsDCjh2sf79EM=
10,-18,0+PbxIRMXdA06x66hK4Un6MfTIU=,Rck0IDAAZd93UesubL5NXSnW3h8=
10,-22,0+PbxIRMXdA06x66hK4Un6MfTIU=,Rck0IDAAZd93UesubL5NXSnW3h8=
0,-21,0+PbxIRMXdA06x66hK4Un6MfTIU=,MjXMv08brC62hxXsDCjh2sf79EM=
9,-22,0+PbxIRMXdA06x66hK4Un6MfTIU=,Rck0IDAAZd93UesubL5NXSnW3h8=
9,-18,0+PbxIRMXdA06x66hK4Un6MfTIU=,Rck0IDAAZd93UesubL5NXSnW3h8=
1,-19,0+PbxIRMXdA06x66hK4Un6MfTIU=,MjXMv08brC62hxXsDCjh2sf79EM=
8,-17,0+PbxIRMXdA06x66hK4Un6MfTIU=,Rck0IDAAZd93UesubL5NXSnW3h8=
10,-24,0+PbxIRMXdA06x66hK4Un6MfTIU=,Rck0IDAAZd93UesubL5NXSnW3h8=
15,-19,0+PbxIRMXdA06x66hK4Un6MfTIU=,Rck0IDAAZd93UesubL5NXSnW3h8=
9,-23,0+PbxIRMXdA06x66hK4Un6MfTIU=,Rck0IDAAZd93UesubL5NXSnW3h8=
15,-24,0+PbxIRMXdA06x66hK4Un6MfTIU=,Rck0IDAAZd93UesubL5NXSnW3h8=
14,-24,0+PbxIRMXdA06x66hK4Un6MfTIU=,Rck0IDAAZd93UesubL5NXSnW3h8=
13,-24,0+PbxIRMXdA06x66hK4Un6MfTIU=,Rck0IDAAZd93UesubL5NXSnW3h8=
2,-19,0+PbxIRMXdA06x66hK4Un6MfTIU=,MjXMv08brC62hxXsDCjh2sf79EM=
4,-17,0+PbxIRMXdA06x66hK4Un6MfTIU=,MjXMv08brC62hxXsDCjh2sf79EM=
12,-24,0+PbxIRMXdA06x66hK4Un6MfTIU=,Rck0IDAAZd93UesubL5NXSnW3h8=
9,-24,0+PbxIRMXdA06x66hK4Un6MfTIU=,Rck0IDAAZd93UesubL5NXSnW3h8=
3,-17,0+PbxIRMXdA06x66hK4Un6MfTIU=,MjXMv08brC62hxXsDCjh2sf79EM=
7,-22,0+PbxIRMXdA06x66hK4Un6MfTIU=,MjXMv08brC62hxXsDCjh2sf79EM=
7,-23,0+PbxIRMXdA06x66hK4Un6MfTIU=,MjXMv08brC62hxXsDCjh2sf79EM=
3,-19,0+PbxIRMXdA06x66hK4Un6MfTIU=,MjXMv08brC62hxXsDCjh2sf79EM=
14,-19,0+PbxIRMXdA06x66hK4Un6MfTIU=,Rck0IDAAZd93UesubL5NXSnW3h8=
13,-19,0+PbxIRMXdA06x66hK4Un6MfTIU=,Rck0IDAAZd93UesubL5NXSnW3h8=
6,-22,0+PbxIRMXdA06x66hK4Un6MfTIU=,MjXMv08brC62hxXsDCjh2sf79EM=
4,-19,0+PbxIRMXdA06x66hK4Un6MfTIU=,MjXMv08brC62hxXsDCjh2sf79EM=
12,-19,0+PbxIRMXdA06x66hK4Un6MfTIU=,Rck0IDAAZd93UesubL5NXSnW3h8=
5,-22,0+PbxIRMXdA06x66hK4Un6MfTIU=,MjXMv08brC62hxXsDCjh2sf79EM=
4,-22,0+PbxIRMXdA06x66hK4Un6MfTIU=,MjXMv08brC62hxXsDCjh2sf79EM=
10,-19,0+PbxIRMXdA06x66hK4Un6MfTIU=,Rck0IDAAZd93UesubL5NXSnW3h8=
12,-18,0+PbxIRMXdA06x66hK4Un6MfTIU=,Rck0IDAAZd93UesubL5NXSnW3h8=
12,-23,0+PbxIRMXdA06x66hK4Un6MfTIU=,Rck0IDAAZd93UesubL5NXSnW3h8=
15,-22,0+PbxIRMXdA06x66hK4Un6MfTIU=,Rck0IDAAZd93UesubL5NXSnW3h8=
15,-20,0+PbxIRMXdA06x66hK4Un6MfTIU=,Rck0IDAAZd93UesubL5NXSnW3h8=
14,-20,0+PbxIRMXdA06x66hK4Un6MfTIU=,Rck0IDAAZd93UesubL5NXSnW3h8=
9,-19,0+PbxIRMXdA06x66hK4Un6MfTIU=,Rck0IDAAZd93UesubL5NXSnW3h8=
13,-20,0+PbxIRMXdA06x66hK4Un6MfTIU=,Rck0IDAAZd93UesubL5NXSnW3h8=
12,-20,0+PbxIRMXdA06x66hK4Un6MfTIU=,Rck0IDAAZd93UesubL5NXSnW3h8=
3,-22,0+PbxIRMXdA06x66hK4Un6MfTIU=,MjXMv08brC62hxXsDCjh2sf79EM=
11,-20,0+PbxIRMXdA06x66hK4Un6MfTIU=,Rck0IDAAZd93UesubL5NXSnW3h8=
10,-20,0+PbxIRMXdA06x66hK4Un6MfTIU=,Rck0IDAAZd93UesubL5NXSnW3h8=
5,-19,0+PbxIRMXdA06x66hK4Un6MfTIU=,MjXMv08brC62hxXsDCjh2sf79EM=
2,-17,0+PbxIRMXdA06x66hK4Un6MfTIU=,MjXMv08brC62hxXsDCjh2sf79EM=
9,-20,0+PbxIRMXdA06x66hK4Un6MfTIU=,Rck0IDAAZd93UesubL5NXSnW3h8=
15,-21,0+PbxIRMXdA06x66hK4Un6MfTIU=,Rck0IDAAZd93UesubL5NXSnW3h8=
6,-19,0+PbxIRMXdA06x66hK4Un6MfTIU=,MjXMv08brC62hxXsDCjh2sf79EM=
0,-17,0+PbxIRMXdA06x66hK4Un6MfTIU=,MjXMv08brC62hxXsDCjh2sf79EM=
1,-17,0+PbxIRMXdA06x66hK4Un6MfTIU=,MjXMv08brC62hxXsDCjh2sf79EM=
14,-21,0+PbxIRMXdA06x66hK4Un6MfTIU=,Rck0IDAAZd93UesubL5NXSnW3h8=
11,-23,0+PbxIRMXdA06x66hK4Un6MfTIU=,Rck0IDAAZd93UesubL5NXSnW3h8=
7,-18,0+PbxIRMXdA06x66hK4Un6MfTIU=,MjXMv08brC62hxXsDCjh2sf79EM=
13,-21,0+PbxIRMXdA06x66hK4Un6MfTIU=,Rck0IDAAZd93UesubL5NXSnW3h8=
10,-23,0+PbxIRMXdA06x66hK4Un6MfTIU=,Rck0IDAAZd93UesubL5NXSnW3h8=
14,-22,0+PbxIRMXdA06x66hK4Un6MfTIU=,Rck0IDAAZd93UesubL5NXSnW3h8=
7,-19,0+PbxIRMXdA06x66hK4Un6MfTIU=,MjXMv08brC62hxXsDCjh2sf79EM=
0,-22,0+PbxIRMXdA06x66hK4Un6MfTIU=,MjXMv08brC62hxXsDCjh2sf79EM=
1,-22,0+PbxIRMXdA06x66hK4Un6MfTIU=,MjXMv08brC62hxXsDCjh2sf79EM=
6,-18,0+PbxIRMXdA06x66hK4Un6MfTIU=,MjXMv08brC62hxXsDCjh2sf79EM=
2,-22,0+PbxIRMXdA06x66hK4Un6MfTIU=,MjXMv08brC62hxXsDCjh2sf79EM=
4,-18,0+PbxIRMXdA06x66hK4Un6MfTIU=,MjXMv08brC62hxXsDCjh2sf79EM=
0,-18,0+PbxIRMXdA06x66hK4Un6MfTIU=,MjXMv08brC62hxXsDCjh2sf79EM=
3,-18,0+PbxIRMXdA06x66hK4Un6MfTIU=,MjXMv08brC62hxXsDCjh2sf79EM=
5,-18,0+PbxIRMXdA06x66hK4Un6MfTIU=,MjXMv08brC62hxXsDCjh2sf79EM=
11,-19,0+PbxIRMXdA06x66hK4Un6MfTIU=,Rck0IDAAZd93UesubL5NXSnW3h8=
1,-18,0+PbxIRMXdA06x66hK4Un6MfTIU=,MjXMv08brC62hxXsDCjh2sf79EM=
2,-18,0+PbxIRMXdA06x66hK4Un6MfTIU=,MjXMv08brC62hxXsDCjh2sf79EM=
4,-5,sUeNeKw12EEh7h4YU3/f8HCrRto=,PDQUhKoe27moXXObX9e5GGYwl5M=
5,-5,sUeNeKw12EEh7h4YU3/f8HCrRto=,PDQUhKoe27moXXObX9e5GGYwl5M=
6,-5,sUeNeKw12EEh7h4YU3/f8HCrRto=,PDQUhKoe27moXXObX9e5GGYwl5M=
1,-4,OfwNg/ouoAgcg9rS8OLl4eIBsBw=,PDQUhKoe27moXXObX9e5GGYwl5M=
3,-5,OfwNg/ouoAgcg9rS8OLl4eIBsBw=,PDQUhKoe27moXXObX9e5GGYwl5M=
4,-11,OfwNg/ouoAgcg9rS8OLl4eIBsBw=,FAFYOSBF9qk+Vq74vzxJUy7Rfu8=
2,-11,OfwNg/ouoAgcg9rS8OLl4eIBsBw=,FAFYOSBF9qk+Vq74vzxJUy7Rfu8=
3,-11,OfwNg/ouoAgcg9rS8OLl4eIBsBw=,FAFYOSBF9qk+Vq74vzxJUy7Rfu8=
5,-11,OfwNg/ouoAgcg9rS8OLl4eIBsBw=,FAFYOSBF9qk+Vq74vzxJUy7Rfu8=
2,-5,OfwNg/ouoAgcg9rS8OLl4eIBsBw=,PDQUhKoe27moXXObX9e5GGYwl5M=
1,-5,OfwNg/ouoAgcg9rS8OLl4eIBsBw=,PDQUhKoe27moXXObX9e5GGYwl5M=
6,-6,OfwNg/ouoAgcg9rS8OLl4eIBsBw=,PDQUhKoe27moXXObX9e5GGYwl5M=
5,-6,OfwNg/ouoAgcg9rS8OLl4eIBsBw=,PDQUhKoe27moXXObX9e5GGYwl5M=
4,-6,cQBNTGJ6Q79SS0uteD/F/WHdvFs=,PDQUhKoe27moXXObX9e5GGYwl5M=
6,-11,cQBNTGJ6Q79SS0uteD/F/WHdvFs=,FAFYOSBF9qk+Vq74vzxJUy7Rfu8=
6,-12,cQBNTGJ6Q79SS0uteD/F/WHdvFs=,FAFYOSBF9qk+Vq74vzxJUy7Rfu8=
5,-12,cQBNTGJ6Q79SS0uteD/F/WHdvFs=,FAFYOSBF9qk+Vq74vzxJUy7Rfu8=
1,-11,cQBNTGJ6Q79SS0uteD/F/WHdvFs=,FAFYOSBF9qk+Vq74vzxJUy7Rfu8=
3,-6,cQBNTGJ6Q79SS0uteD/F/WHdvFs=,PDQUhKoe27moXXObX9e5GGYwl5M=
1,-10,cQBNTGJ6Q79SS0uteD/F/WHdvFs=,FAFYOSBF9qk+Vq74vzxJUy7Rfu8=
6,-7,cQBNTGJ6Q79SS0uteD/F/WHdvFs=,PDQUhKoe27moXXObX9e5GGYwl5M=
1,-6,cQBNTGJ6Q79SS0uteD/F/WHdvFs=,PDQUhKoe27moXXObX9e5GGYwl5M=
2,-10,cQBNTGJ6Q79SS0uteD/F/WHdvFs=,FAFYOSBF9qk+Vq74vzxJUy7Rfu8=
6,-2,cQBNTGJ6Q79SS0uteD/F/WHdvFs=,PDQUhKoe27moXXObX9e5GGYwl5M=
7,-11,cQBNTGJ6Q79SS0uteD/F/WHdvFs=,FAFYOSBF9qk+Vq74vzxJUy7Rfu8=
5,-2,cQBNTGJ6Q79SS0uteD/F/WHdvFs=,PDQUhKoe27moXXObX9e5GGYwl5M=
4,-2,cQBNTGJ6Q79SS0uteD/F/WHdvFs=,PDQUhKoe27moXXObX9e5GGYwl5M=
3,-10,cQBNTGJ6Q79SS0uteD/F/WHdvFs=,FAFYOSBF9qk+Vq74vzxJUy7Rfu8=
3,-2,cQBNTGJ6Q79SS0uteD/F/WHdvFs=,PDQUhKoe27moXXObX9e5GGYwl5M=
14,-3,cQBNTGJ6Q79SS0uteD/F/WHdvFs=,A54plv/k3Inqz53GxCR3ZBXoYGU=
7,-10,cQBNTGJ6Q79SS0uteD/F/WHdvFs=,FAFYOSBF9qk+Vq74vzxJUy7Rfu8=
7,-12,cQBNTGJ6Q79SS0uteD/F/WHdvFs=,FAFYOSBF9qk+Vq74vzxJUy7Rfu8=
2,-2,cQBNTGJ6Q79SS0uteD/F/WHdvFs=,PDQUhKoe27moXXObX9e5GGYwl5M=
4,-10,cQBNTGJ6Q79SS0uteD/F/WHdvFs=,FAFYOSBF9qk+Vq74vzxJUy7Rfu8=
1,-2,cQBNTGJ6Q79SS0uteD/F/WHdvFs=,PDQUhKoe27moXXObX9e5GGYwl5M=
12,-9,cQBNTGJ6Q79SS0uteD/F/WHdvFs=,e+2Ps3/V+ECxHlrLwSJEspKdVWw=
8,-15,cQBNTGJ6Q79SS0uteD/F/WHdvFs=,e+2Ps3/V+ECxHlrLwSJEspKdVWw=
5,-7,cQBNTGJ6Q79SS0uteD/F/WHdvFs=,PDQUhKoe27moXXObX9e5GGYwl5M=
6,-3,cQBNTGJ6Q79SS0uteD/F/WHdvFs=,PDQUhKoe27moXXObX9e5GGYwl5M=
14,-10,cQBNTGJ6Q79SS0uteD/F/WHdvFs=,e+2Ps3/V+ECxHlrLwSJEspKdVWw=
5,-10,cQBNTGJ6Q79SS0uteD/F/WHdvFs=,FAFYOSBF9qk+Vq74vzxJUy7Rfu8=
14,-2,cQBNTGJ6Q79SS0uteD/F/WHdvFs=,A54plv/k3Inqz53GxCR3ZBXoYGU=
9,-15,cQBNTGJ6Q79SS0uteD/F/WHdvFs=,e+2Ps3/V+ECxHlrLwSJEspKdVWw=
10,-15,cQBNTGJ6Q79SS0uteD/F/WHdvFs=,e+2Ps3/V+ECxHlrLwSJEspKdVWw=
6,-10,cQBNTGJ6Q79SS0uteD/F/WHdvFs=,FAFYOSBF9qk+Vq74vzxJUy7Rfu8=
11,-9,cQBNTGJ6Q79SS0uteD/F/WHdvFs=,e+2Ps3/V+ECxHlrLwSJEspKdVWw=
7,-5,cQBNTGJ6Q79SS0uteD/F/WHdvFs=,PDQUhKoe27moXXObX9e5GGYwl5M=
13,-2,cQBNTGJ6Q79SS0uteD/F/WHdvFs=,A54plv/k3Inqz53GxCR3ZBXoYGU=
12,-2,cQBNTGJ6Q79SS0uteD/F/WHdvFs=,A54plv/k3Inqz53GxCR3ZBXoYGU=
1,-9,cQBNTGJ6Q79SS0uteD/F/WHdvFs=,FAFYOSBF9qk+Vq74vzxJUy7Rfu8=
11,-8,cQBNTGJ6Q79SS0uteD/F/WHdvFs=,A54plv/k3Inqz53GxCR3ZBXoYGU=
4,-3,cQBNTGJ6Q79SS0uteD/F/WHdvFs=,PDQUhKoe27moXXObX9e5GGYwl5M=
2,-9,cQBNTGJ6Q79SS0uteD/F/WHdvFs=,FAFYOSBF9qk+Vq74vzxJUy7Rfu8=
11,-5,cQBNTGJ6Q79SS0uteD/F/WHdvFs=,A54plv/k3Inqz53GxCR3ZBXoYGU=
3,-3,cQBNTGJ6Q79SS0uteD/F/WHdvFs=,PDQUhKoe27moXXObX9e5GGYwl5M=
3,-9,cQBNTGJ6Q79SS0uteD/F/WHdvFs=,FAFYOSBF9qk+Vq74vzxJUy7Rfu8=
8,-3,cQBNTGJ6Q79SS0uteD/F/WHdvFs=,A54plv/k3Inqz53GxCR3ZBXoYGU=
9,-3,cQBNTGJ6Q79SS0uteD/F/WHdvFs=,A54plv/k3Inqz53GxCR3ZBXoYGU=
13,-10,cQBNTGJ6Q79SS0uteD/F/WHdvFs=,e+2Ps3/V+ECxHlrLwSJEspKdVWw=
10,-9,cQBNTGJ6Q79SS0uteD/F/WHdvFs=,e+2Ps3/V+ECxHlrLwSJEspKdVWw=
4,-9,cQBNTGJ6Q79SS0uteD/F/WHdvFs=,FAFYOSBF9qk+Vq74vzxJUy7Rfu8=
2,-3,cQBNTGJ6Q79SS0uteD/F/WHdvFs=,PDQUhKoe27moXXObX9e5GGYwl5M=
10,-3,cQBNTGJ6Q79SS0uteD/F/WHdvFs=,A54plv/k3Inqz53GxCR3ZBXoYGU=
5,-9,cQBNTGJ6Q79SS0uteD/F/WHdvFs=,FAFYOSBF9qk+Vq74vzxJUy7Rfu8=
9,-9,cQBNTGJ6Q79SS0uteD/F/WHdvFs=,e+2Ps3/V+ECxHlrLwSJEspKdVWw=
11,-3,cQBNTGJ6Q79SS0uteD/F/WHdvFs=,A54plv/k3Inqz53GxCR3ZBXoYGU=
4,-7,cQBNTGJ6Q79SS0uteD/F/WHdvFs=,PDQUhKoe27moXXObX9e5GGYwl5M=
6,-9,cQBNTGJ6Q79SS0uteD/F/WHdvFs=,FAFYOSBF9qk+Vq74vzxJUy7Rfu8=
12,-3,cQBNTGJ6Q79SS0uteD/F/WHdvFs=,A54plv/k3Inqz53GxCR3ZBXoYGU=
9,-7,cQBNTGJ6Q79SS0uteD/F/WHdvFs=,A54plv/k3Inqz53GxCR3ZBXoYGU=
1,-8,cQBNTGJ6Q79SS0uteD/F/WHdvFs=,PDQUhKoe27moXXObX9e5GGYwl5M=
13,-3,cQBNTGJ6Q79SS0uteD/F/WHdvFs=,A54plv/k3Inqz53GxCR3ZBXoYGU=
1,-3,cQBNTGJ6Q79SS0uteD/F/WHdvFs=,PDQUhKoe27moXXObX9e5GGYwl5M=
10,-7,cQBNTGJ6Q79SS0uteD/F/WHdvFs=,A54plv/k3Inqz53GxCR3ZBXoYGU=
8,-8,cQBNTGJ6Q79SS0uteD/F/WHdvFs=,A54plv/k3Inqz53GxCR3ZBXoYGU=
3,-7,cQBNTGJ6Q79SS0uteD/F/WHdvFs=,PDQUhKoe27moXXObX9e5GGYwl5M=
2,-8,cQBNTGJ6Q79SS0uteD/F/WHdvFs=,PDQUhKoe27moXXObX9e5GGYwl5M=
8,-7,cQBNTGJ6Q79SS0uteD/F/WHdvFs=,A54plv/k3Inqz53GxCR3ZBXoYGU=
12,-7,cQBNTGJ6Q79SS0uteD/F/WHdvFs=,A54plv/k3Inqz53GxCR3ZBXoYGU=
2,-7,cQBNTGJ6Q79SS0uteD/F/WHdvFs=,PDQUhKoe27moXXObX9e5GGYwl5M=
3,-8,cQBNTGJ6Q79SS0uteD/F/WHdvFs=,PDQUhKoe27moXXObX9e5GGYwl5M=
12,-10,cQBNTGJ6Q79SS0uteD/F/WHdvFs=,e+2Ps3/V+ECxHlrLwSJEspKdVWw=
8,-2,cQBNTGJ6Q79SS0uteD/F/WHdvFs=,A54plv/k3Inqz53GxCR3ZBXoYGU=
14,-8,cQBNTGJ6Q79SS0uteD/F/WHdvFs=,A54plv/k3Inqz53GxCR3ZBXoYGU=
11,-15,cQBNTGJ6Q79SS0uteD/F/WHdvFs=,e+2Ps3/V+ECxHlrLwSJEspKdVWw=
2,-6,cQBNTGJ6Q79SS0uteD/F/WHdvFs=,PDQUhKoe27moXXObX9e5GGYwl5M=
5,-4,cQBNTGJ6Q79SS0uteD/F/WHdvFs=,PDQUhKoe27moXXObX9e5GGYwl5M=
13,-9,cQBNTGJ6Q79SS0uteD/F/WHdvFs=,e+2Ps3/V+ECxHlrLwSJEspKdVWw=
1,-7,cQBNTGJ6Q79SS0uteD/F/WHdvFs=,PDQUhKoe27moXXObX9e5GGYwl5M=
11,-10,cQBNTGJ6Q79SS0uteD/F/WHdvFs=,e+2Ps3/V+ECxHlrLwSJEspKdVWw=
7,-9,cQBNTGJ6Q79SS0uteD/F/WHdvFs=,FAFYOSBF9qk+Vq74vzxJUy7Rfu8=
13,-8,cQBNTGJ6Q79SS0uteD/F/WHdvFs=,A54plv/k3Inqz53GxCR3ZBXoYGU=
12,-15,cQBNTGJ6Q79SS0uteD/F/WHdvFs=,e+2Ps3/V+ECxHlrLwSJEspKdVWw=
14,-9,cQBNTGJ6Q79SS0uteD/F/WHdvFs=,e+2Ps3/V+ECxHlrLwSJEspKdVWw=
12,-8,cQBNTGJ6Q79SS0uteD/F/WHdvFs=,A54plv/k3Inqz53GxCR3ZBXoYGU=
4,-4,cQBNTGJ6Q79SS0uteD/F/WHdvFs=,PDQUhKoe27moXXObX9e5GGYwl5M=
13,-15,cQBNTGJ6Q79SS0uteD/F/WHdvFs=,e+2Ps3/V+ECxHlrLwSJEspKdVWw=
3,-4,cQBNTGJ6Q79SS0uteD/F/WHdvFs=,PDQUhKoe27moXXObX9e5GGYwl5M=
13,-7,cQBNTGJ6Q79SS0uteD/F/WHdvFs=,A54plv/k3Inqz53GxCR3ZBXoYGU=
14,-15,cQBNTGJ6Q79SS0uteD/F/WHdvFs=,e+2Ps3/V+ECxHlrLwSJEspKdVWw=
10,-8,cQBNTGJ6Q79SS0uteD/F/WHdvFs=,A54plv/k3Inqz53GxCR3ZBXoYGU=
14,-7,cQBNTGJ6Q79SS0uteD/F/WHdvFs=,A54plv/k3Inqz53GxCR3ZBXoYGU=
5,-3,cQBNTGJ6Q79SS0uteD/F/WHdvFs=,PDQUhKoe27moXXObX9e5GGYwl5M=
2,-4,cQBNTGJ6Q79SS0uteD/F/WHdvFs=,PDQUhKoe27moXXObX9e5GGYwl5M=
8,-14,cQBNTGJ6Q79SS0uteD/F/WHdvFs=,e+2Ps3/V+ECxHlrLwSJEspKdVWw=
7,-8,cQBNTGJ6Q79SS0uteD/F/WHdvFs=,PDQUhKoe27moXXObX9e5GGYwl5M=
8,-9,cQBNTGJ6Q79SS0uteD/F/WHdvFs=,e+2Ps3/V+ECxHlrLwSJEspKdVWw=
9,-14,cQBNTGJ6Q79SS0uteD/F/WHdvFs=,e+2Ps3/V+ECxHlrLwSJEspKdVWw=
8,-6,cQBNTGJ6Q79SS0uteD/F/WHdvFs=,A54plv/k3Inqz53GxCR3ZBXoYGU=
9,-6,cQBNTGJ6Q79SS0uteD/F/WHdvFs=,A54plv/k3Inqz53GxCR3ZBXoYGU=
10,-6,cQBNTGJ6Q79SS0uteD/F/WHdvFs=,A54plv/k3Inqz53GxCR3ZBXoYGU=
7,-6,cQBNTGJ6Q79SS0uteD/F/WHdvFs=,PDQUhKoe27moXXObX9e5GGYwl5M=
10,-10,cQBNTGJ6Q79SS0uteD/F/WHdvFs=,e+2Ps3/V+ECxHlrLwSJEspKdVWw=
0,-10,cQBNTGJ6Q79SS0uteD/F/WHdvFs=,FAFYOSBF9qk+Vq74vzxJUy7Rfu8=
9,-8,cQBNTGJ6Q79SS0uteD/F/WHdvFs=,A54plv/k3Inqz53GxCR3ZBXoYGU=
0,-12,cQBNTGJ6Q79SS0uteD/F/WHdvFs=,FAFYOSBF9qk+Vq74vzxJUy7Rfu8=
0,-15,cQBNTGJ6Q79SS0uteD/F/WHdvFs=,FAFYOSBF9qk+Vq74vzxJUy7Rfu8=
0,-11,cQBNTGJ6Q79SS0uteD/F/WHdvFs=,FAFYOSBF9qk+Vq74vzxJUy7Rfu8=
0,-13,cQBNTGJ6Q79SS0uteD/F/WHdvFs=,FAFYOSBF9qk+Vq74vzxJUy7Rfu8=
7,-4,cQBNTGJ6Q79SS0uteD/F/WHdvFs=,PDQUhKoe27moXXObX9e5GGYwl5M=
0,-14,cQBNTGJ6Q79SS0uteD/F/WHdvFs=,FAFYOSBF9qk+Vq74vzxJUy7Rfu8=
14,-4,cQBNTGJ6Q79SS0uteD/F/WHdvFs=,A54plv/k3Inqz53GxCR3ZBXoYGU=
10,-5,cQBNTGJ6Q79SS0uteD/F/WHdvFs=,A54plv/k3Inqz53GxCR3ZBXoYGU=
10,-4,cQBNTGJ6Q79SS0uteD/F/WHdvFs=,A54plv/k3Inqz53GxCR3ZBXoYGU=
4,-12,cQBNTGJ6Q79SS0uteD/F/WHdvFs=,FAFYOSBF9qk+Vq74vzxJUy7Rfu8=
12,-6,cQBNTGJ6Q79SS0uteD/F/WHdvFs=,A54plv/k3Inqz53GxCR3ZBXoYGU=
9,-10,cQBNTGJ6Q79SS0uteD/F/WHdvFs=,e+2Ps3/V+ECxHlrLwSJEspKdVWw=
9,-2,cQBNTGJ6Q79SS0uteD/F/WHdvFs=,A54plv/k3Inqz53GxCR3ZBXoYGU=
13,-6,cQBNTGJ6Q79SS0uteD/F/WHdvFs=,A54plv/k3Inqz53GxCR3ZBXoYGU=
13,-4,cQBNTGJ6Q79SS0uteD/F/WHdvFs=,A54plv/k3Inqz53GxCR3ZBXoYGU=
11,-2,cQBNTGJ6Q79SS0uteD/F/WHdvFs=,A54plv/k3Inqz53GxCR3ZBXoYGU=
14,-6,cQBNTGJ6Q79SS0uteD/F/WHdvFs=,A54plv/k3Inqz53GxCR3ZBXoYGU=
0,-4,cQBNTGJ6Q79SS0uteD/F/WHdvFs=,PDQUhKoe27moXXObX9e5GGYwl5M=
8,-10,cQBNTGJ6Q79SS0uteD/F/WHdvFs=,e+2Ps3/V+ECxHlrLwSJEspKdVWw=
0,-9,cQBNTGJ6Q79SS0uteD/F/WHdvFs=,FAFYOSBF9qk+Vq74vzxJUy7Rfu8=
0,-5,cQBNTGJ6Q79SS0uteD/F/WHdvFs=,PDQUhKoe27moXXObX9e5GGYwl5M=
3,-12,cQBNTGJ6Q79SS0uteD/F/WHdvFs=,FAFYOSBF9qk+Vq74vzxJUy7Rfu8=
0,-8,cQBNTGJ6Q79SS0uteD/F/WHdvFs=,PDQUhKoe27moXXObX9e5GGYwl5M=
11,-7,cQBNTGJ6Q79SS0uteD/F/WHdvFs=,A54plv/k3Inqz53GxCR3ZBXoYGU=
0,-6,cQBNTGJ6Q79SS0uteD/F/WHdvFs=,PDQUhKoe27moXXObX9e5GGYwl5M=
0,-2,cQBNTGJ6Q79SS0uteD/F/WHdvFs=,PDQUhKoe27moXXObX9e5GGYwl5M=
12,-5,cQBNTGJ6Q79SS0uteD/F/WHdvFs=,A54plv/k3Inqz53GxCR3ZBXoYGU=
0,-3,cQBNTGJ6Q79SS0uteD/F/WHdvFs=,PDQUhKoe27moXXObX9e5GGYwl5M=
0,-7,cQBNTGJ6Q79SS0uteD/F/WHdvFs=,PDQUhKoe27moXXObX9e5GGYwl5M=
10,-2,cQBNTGJ6Q79SS0uteD/F/WHdvFs=,A54plv/k3Inqz53GxCR3ZBXoYGU=
10,-14,cQBNTGJ6Q79SS0uteD/F/WHdvFs=,e+2Ps3/V+ECxHlrLwSJEspKdVWw=
7,-3,cQBNTGJ6Q79SS0uteD/F/WHdvFs=,PDQUhKoe27moXXObX9e5GGYwl5M=
7,-7,cQBNTGJ6Q79SS0uteD/F/WHdvFs=,PDQUhKoe27moXXObX9e5GGYwl5M=
13,-5,cQBNTGJ6Q79SS0uteD/F/WHdvFs=,A54plv/k3Inqz53GxCR3ZBXoYGU=
11,-14,cQBNTGJ6Q79SS0uteD/F/WHdvFs=,e+2Ps3/V+ECxHlrLwSJEspKdVWw=
4,-8,cQBNTGJ6Q79SS0uteD/F/WHdvFs=,PDQUhKoe27moXXObX9e5GGYwl5M=
14,-5,cQBNTGJ6Q79SS0uteD/F/WHdvFs=,A54plv/k3Inqz53GxCR3ZBXoYGU=
12,-14,cQBNTGJ6Q79SS0uteD/F/WHdvFs=,e+2Ps3/V+ECxHlrLwSJEspKdVWw=
5,-8,cQBNTGJ6Q79SS0uteD/F/WHdvFs=,PDQUhKoe27moXXObX9e5GGYwl5M=
8,-4,cQBNTGJ6Q79SS0uteD/F/WHdvFs=,A54plv/k3Inqz53GxCR3ZBXoYGU=
1,-1,cQBNTGJ6Q79SS0uteD/F/WHdvFs=,PDQUhKoe27moXXObX9e5GGYwl5M=
13,-14,cQBNTGJ6Q79SS0uteD/F/WHdvFs=,e+2Ps3/V+ECxHlrLwSJEspKdVWw=
6,-8,cQBNTGJ6Q79SS0uteD/F/WHdvFs=,PDQUhKoe27moXXObX9e5GGYwl5M=
14,-11,cQBNTGJ6Q79SS0uteD/F/WHdvFs=,e+2Ps3/V+ECxHlrLwSJEspKdVWw=
9,-4,cQBNTGJ6Q79SS0uteD/F/WHdvFs=,A54plv/k3Inqz53GxCR3ZBXoYGU=
14,-14,cQBNTGJ6Q79SS0uteD/F/WHdvFs=,e+2Ps3/V+ECxHlrLwSJEspKdVWw=
2,-1,cQBNTGJ6Q79SS0uteD/F/WHdvFs=,PDQUhKoe27moXXObX9e5GGYwl5M=
11,-6,cQBNTGJ6Q79SS0uteD/F/WHdvFs=,A54plv/k3Inqz53GxCR3ZBXoYGU=
1,-15,cQBNTGJ6Q79SS0uteD/F/WHdvFs=,FAFYOSBF9qk+Vq74vzxJUy7Rfu8=
13,-11,cQBNTGJ6Q79SS0uteD/F/WHdvFs=,e+2Ps3/V+ECxHlrLwSJEspKdVWw=
8,-13,cQBNTGJ6Q79SS0uteD/F/WHdvFs=,e+2Ps3/V+ECxHlrLwSJEspKdVWw=
11,-4,cQBNTGJ6Q79SS0uteD/F/WHdvFs=,A54plv/k3Inqz53GxCR3ZBXoYGU=
3,-1,cQBNTGJ6Q79SS0uteD/F/WHdvFs=,PDQUhKoe27moXXObX9e5GGYwl5M=
2,-12,cQBNTGJ6Q79SS0uteD/F/WHdvFs=,FAFYOSBF9qk+Vq74vzxJUy7Rfu8=
8,-5,cQBNTGJ6Q79SS0uteD/F/WHdvFs=,A54plv/k3Inqz53GxCR3ZBXoYGU=
2,-15,cQBNTGJ6Q79SS0uteD/F/WHdvFs=,FAFYOSBF9qk+Vq74vzxJUy7Rfu8=
9,-13,cQBNTGJ6Q79SS0uteD/F/WHdvFs=,e+2Ps3/V+ECxHlrLwSJEspKdVWw=
7,-13,cQBNTGJ6Q79SS0uteD/F/WHdvFs=,FAFYOSBF9qk+Vq74vzxJUy7Rfu8=
9,-5,cQBNTGJ6Q79SS0uteD/F/WHdvFs=,A54plv/k3Inqz53GxCR3ZBXoYGU=
3,-15,cQBNTGJ6Q79SS0uteD/F/WHdvFs=,FAFYOSBF9qk+Vq74vzxJUy7Rfu8=
4,-1,cQBNTGJ6Q79SS0uteD/F/WHdvFs=,PDQUhKoe27moXXObX9e5GGYwl5M=
10,-13,cQBNTGJ6Q79SS0uteD/F/WHdvFs=,e+2Ps3/V+ECxHlrLwSJEspKdVWw=
6,-1,cQBNTGJ6Q79SS0uteD/F/WHdvFs=,PDQUhKoe27moXXObX9e5GGYwl5M=
5,-1,cQBNTGJ6Q79SS0uteD/F/WHdvFs=,PDQUhKoe27moXXObX9e5GGYwl5M=
4,-15,cQBNTGJ6Q79SS0uteD/F/WHdvFs=,FAFYOSBF9qk+Vq74vzxJUy7Rfu8=
11,-13,cQBNTGJ6Q79SS0uteD/F/WHdvFs=,e+2Ps3/V+ECxHlrLwSJEspKdVWw=
12,-13,cQBNTGJ6Q79SS0uteD/F/WHdvFs=,e+2Ps3/V+ECxHlrLwSJEspKdVWw=
5,-15,cQBNTGJ6Q79SS0uteD/F/WHdvFs=,FAFYOSBF9qk+Vq74vzxJUy7Rfu8=
13,-13,cQBNTGJ6Q79SS0uteD/F/WHdvFs=,e+2Ps3/V+ECxHlrLwSJEspKdVWw=
6,-15,cQBNTGJ6Q79SS0uteD/F/WHdvFs=,FAFYOSBF9qk+Vq74vzxJUy7Rfu8=
7,-15,cQBNTGJ6Q79SS0uteD/F/WHdvFs=,FAFYOSBF9qk+Vq74vzxJUy7Rfu8=
1,-14,cQBNTGJ6Q79SS0uteD/F/WHdvFs=,FAFYOSBF9qk+Vq74vzxJUy7Rfu8=
12,-4,cQBNTGJ6Q79SS0uteD/F/WHdvFs=,A54plv/k3Inqz53GxCR3ZBXoYGU=
12,-1,cQBNTGJ6Q79SS0uteD/F/WHdvFs=,A54plv/k3Inqz53GxCR3ZBXoYGU=
14,-13,cQBNTGJ6Q79SS0uteD/F/WHdvFs=,e+2Ps3/V+ECxHlrLwSJEspKdVWw=
8,-12,cQBNTGJ6Q79SS0uteD/F/WHdvFs=,e+2Ps3/V+ECxHlrLwSJEspKdVWw=
2,-14,cQBNTGJ6Q79SS0uteD/F/WHdvFs=,FAFYOSBF9qk+Vq74vzxJUy7Rfu8=
1,-12,cQBNTGJ6Q79SS0uteD/F/WHdvFs=,FAFYOSBF9qk+Vq74vzxJUy7Rfu8=
13,-1,cQBNTGJ6Q79SS0uteD/F/WHdvFs=,A54plv/k3Inqz53GxCR3ZBXoYGU=
9,-12,cQBNTGJ6Q79SS0uteD/F/WHdvFs=,e+2Ps3/V+ECxHlrLwSJEspKdVWw=
3,-14,cQBNTGJ6Q79SS0uteD/F/WHdvFs=,FAFYOSBF9qk+Vq74vzxJUy7Rfu8=
14,-1,cQBNTGJ6Q79SS0uteD/F/WHdvFs=,A54plv/k3Inqz53GxCR3ZBXoYGU=
10,-12,cQBNTGJ6Q79SS0uteD/F/WHdvFs=,e+2Ps3/V+ECxHlrLwSJEspKdVWw=
8,-1,cQBNTGJ6Q79SS0uteD/F/WHdvFs=,A54plv/k3Inqz53GxCR3ZBXoYGU=
4,-14,cQBNTGJ6Q79SS0uteD/F/WHdvFs=,FAFYOSBF9qk+Vq74vzxJUy7Rfu8=
11,-12,cQBNTGJ6Q79SS0uteD/F/WHdvFs=,e+2Ps3/V+ECxHlrLwSJEspKdVWw=
6,-4,cQBNTGJ6Q79SS0uteD/F/WHdvFs=,PDQUhKoe27moXXObX9e5GGYwl5M=
9,-1,cQBNTGJ6Q79SS0uteD/F/WHdvFs=,A54plv/k3Inqz53GxCR3ZBXoYGU=
7,-1,cQBNTGJ6Q79SS0uteD/F/WHdvFs=,PDQUhKoe27moXXObX9e5GGYwl5M=
15,-3,cQBNTGJ6Q79SS0uteD/F/WHdvFs=,A54plv/k3Inqz53GxCR3ZBXoYGU=
12,-12,cQBNTGJ6Q79SS0uteD/F/WHdvFs=,e+2Ps3/V+ECxHlrLwSJEspKdVWw=
6,-13,cQBNTGJ6Q79SS0uteD/F/WHdvFs=,FAFYOSBF9qk+Vq74vzxJUy7Rfu8=
10,-1,cQBNTGJ6Q79SS0uteD/F/WHdvFs=,A54plv/k3Inqz53GxCR3ZBXoYGU=
12,-11,cQBNTGJ6Q79SS0uteD/F/WHdvFs=,e+2Ps3/V+ECxHlrLwSJEspKdVWw=
15,-7,cQBNTGJ6Q79SS0uteD/F/WHdvFs=,A54plv/k3Inqz53GxCR3ZBXoYGU=
5,-14,cQBNTGJ6Q79SS0uteD/F/WHdvFs=,FAFYOSBF9qk+Vq74vzxJUy7Rfu8=
15,-4,cQBNTGJ6Q79SS0uteD/F/WHdvFs=,A54plv/k3Inqz53GxCR3ZBXoYGU=
13,-12,cQBNTGJ6Q79SS0uteD/F/WHdvFs=,e+2Ps3/V+ECxHlrLwSJEspKdVWw=
11,-1,cQBNTGJ6Q79SS0uteD/F/WHdvFs=,A54plv/k3Inqz53GxCR3ZBXoYGU=
6,-14,cQBNTGJ6Q79SS0uteD/F/WHdvFs=,FAFYOSBF9qk+Vq74vzxJUy7Rfu8=
11,-11,cQBNTGJ6Q79SS0uteD/F/WHdvFs=,e+2Ps3/V+ECxHlrLwSJEspKdVWw=
14,-12,cQBNTGJ6Q79SS0uteD/F/WHdvFs=,e+2Ps3/V+ECxHlrLwSJEspKdVWw=
15,-2,cQBNTGJ6Q79SS0uteD/F/WHdvFs=,A54plv/k3Inqz53GxCR3ZBXoYGU=
8,-11,cQBNTGJ6Q79SS0uteD/F/WHdvFs=,e+2Ps3/V+ECxHlrLwSJEspKdVWw=
1,-13,cQBNTGJ6Q79SS0uteD/F/WHdvFs=,FAFYOSBF9qk+Vq74vzxJUy7Rfu8=
7,-14,cQBNTGJ6Q79SS0uteD/F/WHdvFs=,FAFYOSBF9qk+Vq74vzxJUy7Rfu8=
2,-13,cQBNTGJ6Q79SS0uteD/F/WHdvFs=,FAFYOSBF9qk+Vq74vzxJUy7Rfu8=
15,-5,cQBNTGJ6Q79SS0uteD/F/WHdvFs=,A54plv/k3Inqz53GxCR3ZBXoYGU=
9,-11,cQBNTGJ6Q79SS0uteD/F/WHdvFs=,e+2Ps3/V+ECxHlrLwSJEspKdVWw=
3,-13,cQBNTGJ6Q79SS0uteD/F/WHdvFs=,FAFYOSBF9qk+Vq74vzxJUy7Rfu8=
15,-6,cQBNTGJ6Q79SS0uteD/F/WHdvFs=,A54plv/k3Inqz53GxCR3ZBXoYGU=
10,-11,cQBNTGJ6Q79SS0uteD/F/WHdvFs=,e+2Ps3/V+ECxHlrLwSJEspKdVWw=
4,-13,cQBNTGJ6Q79SS0uteD/F/WHdvFs=,FAFYOSBF9qk+Vq74vzxJUy7Rfu8=
5,-13,cQBNTGJ6Q79SS0uteD/F/WHdvFs=,FAFYOSBF9qk+Vq74vzxJUy7Rfu8=
15,-9,cQBNTGJ6Q79SS0uteD/F/WHdvFs=,e+2Ps3/V+ECxHlrLwSJEspKdVWw=
7,-2,cQBNTGJ6Q79SS0uteD/F/WHdvFs=,PDQUhKoe27moXXObX9e5GGYwl5M=
0,-1,cQBNTGJ6Q79SS0uteD/F/WHdvFs=,PDQUhKoe27moXXObX9e5GGYwl5M=
0,-16,cQBNTGJ6Q79SS0uteD/F/WHdvFs=,FAFYOSBF9qk+Vq74vzxJUy7Rfu8=
15,-8,cQBNTGJ6Q79SS0uteD/F/WHdvFs=,A54plv/k3Inqz53GxCR3ZBXoYGU=
15,-1,cQBNTGJ6Q79SS0uteD/F/WHdvFs=,A54plv/k3Inqz53GxCR3ZBXoYGU=
1,-16,cQBNTGJ6Q79SS0uteD/F/WHdvFs=,FAFYOSBF9qk+Vq74vzxJUy7Rfu8=
6,-16,cQBNTGJ6Q79SS0uteD/F/WHdvFs=,FAFYOSBF9qk+Vq74vzxJUy7Rfu8=
15,-10,cQBNTGJ6Q79SS0uteD/F/WHdvFs=,e+2Ps3/V+ECxHlrLwSJEspKdVWw=
2,-16,cQBNTGJ6Q79SS0uteD/F/WHdvFs=,FAFYOSBF9qk+Vq74vzxJUy7Rfu8=
15,-12,cQBNTGJ6Q79SS0uteD/F/WHdvFs=,e+2Ps3/V+ECxHlrLwSJEspKdVWw=
5,-16,cQBNTGJ6Q79SS0uteD/F/WHdvFs=,FAFYOSBF9qk+Vq74vzxJUy7Rfu8=
15,-13,cQBNTGJ6Q79SS0uteD/F/WHdvFs=,e+2Ps3/V+ECxHlrLwSJEspKdVWw=
15,-15,cQBNTGJ6Q79SS0uteD/F/WHdvFs=,e+2Ps3/V+ECxHlrLwSJEspKdVWw=
4,-16,cQBNTGJ6Q79SS0uteD/F/WHdvFs=,FAFYOSBF9qk+Vq74vzxJUy7Rfu8=
3,-16,cQBNTGJ6Q79SS0uteD/F/WHdvFs=,FAFYOSBF9qk+Vq74vzxJUy7Rfu8=
15,-11,cQBNTGJ6Q79SS0uteD/F/WHdvFs=,e+2Ps3/V+ECxHlrLwSJEspKdVWw=
15,-14,cQBNTGJ6Q79SS0uteD/F/WHdvFs=,e+2Ps3/V+ECxHlrLwSJEspKdVWw=
8,-16,cQBNTGJ6Q79SS0uteD/F/WHdvFs=,e+2Ps3/V+ECxHlrLwSJEspKdVWw=
7,-16,cQBNTGJ6Q79SS0uteD/F/WHdvFs=,FAFYOSBF9qk+Vq74vzxJUy7Rfu8=
14,-16,cQBNTGJ6Q79SS0uteD/F/WHdvFs=,e+2Ps3/V+ECxHlrLwSJEspKdVWw=
15,-16,cQBNTGJ6Q79SS0uteD/F/WHdvFs=,e+2Ps3/V+ECxHlrLwSJEspKdVWw=
9,-16,cQBNTGJ6Q79SS0uteD/F/WHdvFs=,e+2Ps3/V+ECxHlrLwSJEspKdVWw=
13,-16,cQBNTGJ6Q79SS0uteD/F/WHdvFs=,e+2Ps3/V+ECxHlrLwSJEspKdVWw=
12,-16,cQBNTGJ6Q79SS0uteD/F/WHdvFs=,e+2Ps3/V+ECxHlrLwSJEspKdVWw=
10,-16,cQBNTGJ6Q79SS0uteD/F/WHdvFs=,e+2Ps3/V+ECxHlrLwSJEspKdVWw=
11,-16,cQBNTGJ6Q79SS0uteD/F/WHdvFs=,e+2Ps3/V+ECxHlrLwSJEspKdVWw=
22,-6,EhXy0QG5fy7gcmfoJC+IWHrogZA=,QnjdJMc4XT26p1gtXYbzYeUeofo=
23,-1,Ezb3A5BhGOpAUJsRaThIA7Yy5x4=,QnjdJMc4XT26p1gtXYbzYeUeofo=
20,-6,Ezb3A5BhGOpAUJsRaThIA7Yy5x4=,QnjdJMc4XT26p1gtXYbzYeUeofo=
21,-6,Ezb3A5BhGOpAUJsRaThIA7Yy5x4=,QnjdJMc4XT26p1gtXYbzYeUeofo=
19,-6,Ezb3A5BhGOpAUJsRaThIA7Yy5x4=,QnjdJMc4XT26p1gtXYbzYeUeofo=
18,-6,Ezb3A5BhGOpAUJsRaThIA7Yy5x4=,QnjdJMc4XT26p1gtXYbzYeUeofo=
17,-6,Ezb3A5BhGOpAUJsRaThIA7Yy5x4=,QnjdJMc4XT26p1gtXYbzYeUeofo=
23,-7,Ezb3A5BhGOpAUJsRaThIA7Yy5x4=,QnjdJMc4XT26p1gtXYbzYeUeofo=
22,-7,Ezb3A5BhGOpAUJsRaThIA7Yy5x4=,QnjdJMc4XT26p1gtXYbzYeUeofo=
21,-7,Ezb3A5BhGOpAUJsRaThIA7Yy5x4=,QnjdJMc4XT26p1gtXYbzYeUeofo=
20,-7,Ezb3A5BhGOpAUJsRaThIA7Yy5x4=,QnjdJMc4XT26p1gtXYbzYeUeofo=
22,-1,Ezb3A5BhGOpAUJsRaThIA7Yy5x4=,QnjdJMc4XT26p1gtXYbzYeUeofo=
20,-1,Ezb3A5BhGOpAUJsRaThIA7Yy5x4=,QnjdJMc4XT26p1gtXYbzYeUeofo=
21,-1,Ezb3A5BhGOpAUJsRaThIA7Yy5x4=,QnjdJMc4XT26p1gtXYbzYeUeofo=
16,-6,Ezb3A5BhGOpAUJsRaThIA7Yy5x4=,QnjdJMc4XT26p1gtXYbzYeUeofo=
19,-7,Ezb3A5BhGOpAUJsRaThIA7Yy5x4=,QnjdJMc4XT26p1gtXYbzYeUeofo=
19,-1,Ezb3A5BhGOpAUJsRaThIA7Yy5x4=,QnjdJMc4XT26p1gtXYbzYeUeofo=
18,-1,Ezb3A5BhGOpAUJsRaThIA7Yy5x4=,QnjdJMc4XT26p1gtXYbzYeUeofo=
18,-7,Ezb3A5BhGOpAUJsRaThIA7Yy5x4=,QnjdJMc4XT26p1gtXYbzYeUeofo=
23,-2,Ezb3A5BhGOpAUJsRaThIA7Yy5x4=,QnjdJMc4XT26p1gtXYbzYeUeofo=
22,-2,Ezb3A5BhGOpAUJsRaThIA7Yy5x4=,QnjdJMc4XT26p1gtXYbzYeUeofo=
17,-1,Ezb3A5BhGOpAUJsRaThIA7Yy5x4=,QnjdJMc4XT26p1gtXYbzYeUeofo=
20,-2,Ezb3A5BhGOpAUJsRaThIA7Yy5x4=,QnjdJMc4XT26p1gtXYbzYeUeofo=
21,-12,Ezb3A5BhGOpAUJsRaThIA7Yy5x4=,9BqlE48BtVBSt89SxTBoQPPZPGs=
21,-2,Ezb3A5BhGOpAUJsRaThIA7Yy5x4=,QnjdJMc4XT26p1gtXYbzYeUeofo=
23,-13,Ezb3A5BhGOpAUJsRaThIA7Yy5x4=,9BqlE48BtVBSt89SxTBoQPPZPGs=
20,-12,Ezb3A5BhGOpAUJsRaThIA7Yy5x4=,9BqlE48BtVBSt89SxTBoQPPZPGs=
22,-13,Ezb3A5BhGOpAUJsRaThIA7Yy5x4=,9BqlE48BtVBSt89SxTBoQPPZPGs=
16,-7,Ezb3A5BhGOpAUJsRaThIA7Yy5x4=,QnjdJMc4XT26p1gtXYbzYeUeofo=
19,-2,Ezb3A5BhGOpAUJsRaThIA7Yy5x4=,QnjdJMc4XT26p1gtXYbzYeUeofo=
19,-16,Ezb3A5BhGOpAUJsRaThIA7Yy5x4=,9BqlE48BtVBSt89SxTBoQPPZPGs=
23,-16,Ezb3A5BhGOpAUJsRaThIA7Yy5x4=,9BqlE48BtVBSt89SxTBoQPPZPGs=
22,-16,Ezb3A5BhGOpAUJsRaThIA7Yy5x4=,9BqlE48BtVBSt89SxTBoQPPZPGs=
21,-16,Ezb3A5BhGOpAUJsRaThIA7Yy5x4=,9BqlE48BtVBSt89SxTBoQPPZPGs=
18,-14,Ezb3A5BhGOpAUJsRaThIA7Yy5x4=,9BqlE48BtVBSt89SxTBoQPPZPGs=
16,-1,Ezb3A5BhGOpAUJsRaThIA7Yy5x4=,QnjdJMc4XT26p1gtXYbzYeUeofo=
20,-16,Ezb3A5BhGOpAUJsRaThIA7Yy5x4=,9BqlE48BtVBSt89SxTBoQPPZPGs=
17,-15,Ezb3A5BhGOpAUJsRaThIA7Yy5x4=,9BqlE48BtVBSt89SxTBoQPPZPGs=
21,-13,Ezb3A5BhGOpAUJsRaThIA7Yy5x4=,9BqlE48BtVBSt89SxTBoQPPZPGs=
17,-13,Ezb3A5BhGOpAUJsRaThIA7Yy5x4=,9BqlE48BtVBSt89SxTBoQPPZPGs=
23,-8,Ezb3A5BhGOpAUJsRaThIA7Yy5x4=,QnjdJMc4XT26p1gtXYbzYeUeofo=
22,-8,Ezb3A5BhGOpAUJsRaThIA7Yy5x4=,QnjdJMc4XT26p1gtXYbzYeUeofo=
21,-8,Ezb3A5BhGOpAUJsRaThIA7Yy5x4=,QnjdJMc4XT26p1gtXYbzYeUeofo=
20,-8,Ezb3A5BhGOpAUJsRaThIA7Yy5x4=,QnjdJMc4XT26p1gtXYbzYeUeofo=
17,-14,Ezb3A5BhGOpAUJsRaThIA7Yy5x4=,9BqlE48BtVBSt89SxTBoQPPZPGs=
20,-13,Ezb3A5BhGOpAUJsRaThIA7Yy5x4=,9BqlE48BtVBSt89SxTBoQPPZPGs=
19,-8,Ezb3A5BhGOpAUJsRaThIA7Yy5x4=,QnjdJMc4XT26p1gtXYbzYeUeofo=
19,-12,Ezb3A5BhGOpAUJsRaThIA7Yy5x4=,9BqlE48BtVBSt89SxTBoQPPZPGs=
18,-16,Ezb3A5BhGOpAUJsRaThIA7Yy5x4=,9BqlE48BtVBSt89SxTBoQPPZPGs=
23,-9,Ezb3A5BhGOpAUJsRaThIA7Yy5x4=,9BqlE48BtVBSt89SxTBoQPPZPGs=
22,-9,Ezb3A5BhGOpAUJsRaThIA7Yy5x4=,9BqlE48BtVBSt89SxTBoQPPZPGs=
21,-9,Ezb3A5BhGOpAUJsRaThIA7Yy5x4=,9BqlE48BtVBSt89SxTBoQPPZPGs=
20,-9,Ezb3A5BhGOpAUJsRaThIA7Yy5x4=,9BqlE48BtVBSt89SxTBoQPPZPGs=
16,-15,Ezb3A5BhGOpAUJsRaThIA7Yy5x4=,9BqlE48BtVBSt89SxTBoQPPZPGs=
17,-8,Ezb3A5BhGOpAUJsRaThIA7Yy5x4=,QnjdJMc4XT26p1gtXYbzYeUeofo=
19,-9,Ezb3A5BhGOpAUJsRaThIA7Yy5x4=,9BqlE48BtVBSt89SxTBoQPPZPGs=
16,-8,Ezb3A5BhGOpAUJsRaThIA7Yy5x4=,QnjdJMc4XT26p1gtXYbzYeUeofo=
18,-9,Ezb3A5BhGOpAUJsRaThIA7Yy5x4=,9BqlE48BtVBSt89SxTBoQPPZPGs=
17,-9,Ezb3A5BhGOpAUJsRaThIA7Yy5x4=,9BqlE48BtVBSt89SxTBoQPPZPGs=
18,-2,Ezb3A5BhGOpAUJsRaThIA7Yy5x4=,QnjdJMc4XT26p1gtXYbzYeUeofo=
16,-14,Ezb3A5BhGOpAUJsRaThIA7Yy5x4=,9BqlE48BtVBSt89SxTBoQPPZPGs=
23,-10,Ezb3A5BhGOpAUJsRaThIA7Yy5x4=,9BqlE48BtVBSt89SxTBoQPPZPGs=
23,-14,Ezb3A5BhGOpAUJsRaThIA7Yy5x4=,9BqlE48BtVBSt89SxTBoQPPZPGs=
22,-10,Ezb3A5BhGOpAUJsRaThIA7Yy5x4=,9BqlE48BtVBSt89SxTBoQPPZPGs=
18,-8,Ezb3A5BhGOpAUJsRaThIA7Yy5x4=,QnjdJMc4XT26p1gtXYbzYeUeofo=
17,-2,Ezb3A5BhGOpAUJsRaThIA7Yy5x4=,QnjdJMc4XT26p1gtXYbzYeUeofo=
21,-10,Ezb3A5BhGOpAUJsRaThIA7Yy5x4=,9BqlE48BtVBSt89SxTBoQPPZPGs=
23,-15,Ezb3A5BhGOpAUJsRaThIA7Yy5x4=,9BqlE48BtVBSt89SxTBoQPPZPGs=
22,-14,Ezb3A5BhGOpAUJsRaThIA7Yy5x4=,9BqlE48BtVBSt89SxTBoQPPZPGs=
20,-10,Ezb3A5BhGOpAUJsRaThIA7Yy5x4=,9BqlE48BtVBSt89SxTBoQPPZPGs=
16,-13,Ezb3A5BhGOpAUJsRaThIA7Yy5x4=,9BqlE48BtVBSt89SxTBoQPPZPGs=
16,-9,Ezb3A5BhGOpAUJsRaThIA7Yy5x4=,9BqlE48BtVBSt89SxTBoQPPZPGs=
19,-10,Ezb3A5BhGOpAUJsRaThIA7Yy5x4=,9BqlE48BtVBSt89SxTBoQPPZPGs=
18,-12,Ezb3A5BhGOpAUJsRaThIA7Yy5x4=,9BqlE48BtVBSt89SxTBoQPPZPGs=
16,-2,Ezb3A5BhGOpAUJsRaThIA7Yy5x4=,QnjdJMc4XT26p1gtXYbzYeUeofo=
23,-11,Ezb3A5BhGOpAUJsRaThIA7Yy5x4=,9BqlE48BtVBSt89SxTBoQPPZPGs=
22,-15,Ezb3A5BhGOpAUJsRaThIA7Yy5x4=,9BqlE48BtVBSt89SxTBoQPPZPGs=
21,-15,Ezb3A5BhGOpAUJsRaThIA7Yy5x4=,9BqlE48BtVBSt89SxTBoQPPZPGs=
21,-14,Ezb3A5BhGOpAUJsRaThIA7Yy5x4=,9BqlE48BtVBSt89SxTBoQPPZPGs=
18,-10,Ezb3A5BhGOpAUJsRaThIA7Yy5x4=,9BqlE48BtVBSt89SxTBoQPPZPGs=
17,-10,Ezb3A5BhGOpAUJsRaThIA7Yy5x4=,9BqlE48BtVBSt89SxTBoQPPZPGs=
16,-10,Ezb3A5BhGOpAUJsRaThIA7Yy5x4=,9BqlE48BtVBSt89SxTBoQPPZPGs=
22,-11,Ezb3A5BhGOpAUJsRaThIA7Yy5x4=,9BqlE48BtVBSt89SxTBoQPPZPGs=
21,-11,Ezb3A5BhGOpAUJsRaThIA7Yy5x4=,9BqlE48BtVBSt89SxTBoQPPZPGs=
20,-11,Ezb3A5BhGOpAUJsRaThIA7Yy5x4=,9BqlE48BtVBSt89SxTBoQPPZPGs=
17,-12,Ezb3A5BhGOpAUJsRaThIA7Yy5x4=,9BqlE48BtVBSt89SxTBoQPPZPGs=
19,-13,Ezb3A5BhGOpAUJsRaThIA7Yy5x4=,9BqlE48BtVBSt89SxTBoQPPZPGs=
19,-11,Ezb3A5BhGOpAUJsRaThIA7Yy5x4=,9BqlE48BtVBSt89SxTBoQPPZPGs=
23,-3,Ezb3A5BhGOpAUJsRaThIA7Yy5x4=,QnjdJMc4XT26p1gtXYbzYeUeofo=
17,-16,Ezb3A5BhGOpAUJsRaThIA7Yy5x4=,9BqlE48BtVBSt89SxTBoQPPZPGs=
20,-15,Ezb3A5BhGOpAUJsRaThIA7Yy5x4=,9BqlE48BtVBSt89SxTBoQPPZPGs=
16,-16,Ezb3A5BhGOpAUJsRaThIA7Yy5x4=,9BqlE48BtVBSt89SxTBoQPPZPGs=
20,-14,Ezb3A5BhGOpAUJsRaThIA7Yy5x4=,9BqlE48BtVBSt89SxTBoQPPZPGs=
18,-11,Ezb3A5BhGOpAUJsRaThIA7Yy5x4=,9BqlE48BtVBSt89SxTBoQPPZPGs=
17,-11,Ezb3A5BhGOpAUJsRaThIA7Yy5x4=,9BqlE48BtVBSt89SxTBoQPPZPGs=
23,-12,Ezb3A5BhGOpAUJsRaThIA7Yy5x4=,9BqlE48BtVBSt89SxTBoQPPZPGs=
19,-15,Ezb3A5BhGOpAUJsRaThIA7Yy5x4=,9BqlE48BtVBSt89SxTBoQPPZPGs=
22,-12,Ezb3A5BhGOpAUJsRaThIA7Yy5x4=,9BqlE48BtVBSt89SxTBoQPPZPGs=
22,-3,Ezb3A5BhGOpAUJsRaThIA7Yy5x4=,QnjdJMc4XT26p1gtXYbzYeUeofo=
21,-3,Ezb3A5BhGOpAUJsRaThIA7Yy5x4=,QnjdJMc4XT26p1gtXYbzYeUeofo=
20,-3,Ezb3A5BhGOpAUJsRaThIA7Yy5x4=,QnjdJMc4XT26p1gtXYbzYeUeofo=
16,-12,Ezb3A5BhGOpAUJsRaThIA7Yy5x4=,9BqlE48BtVBSt89SxTBoQPPZPGs=
19,-14,Ezb3A5BhGOpAUJsRaThIA7Yy5x4=,9BqlE48BtVBSt89SxTBoQPPZPGs=
18,-13,Ezb3A5BhGOpAUJsRaThIA7Yy5x4=,9BqlE48BtVBSt89SxTBoQPPZPGs=
16,-11,Ezb3A5BhGOpAUJsRaThIA7Yy5x4=,9BqlE48BtVBSt89SxTBoQPPZPGs=
23,-4,Ezb3A5BhGOpAUJsRaThIA7Yy5x4=,QnjdJMc4XT26p1gtXYbzYeUeofo=
22,-4,Ezb3A5BhGOpAUJsRaThIA7Yy5x4=,QnjdJMc4XT26p1gtXYbzYeUeofo=
21,-4,Ezb3A5BhGOpAUJsRaThIA7Yy5x4=,QnjdJMc4XT26p1gtXYbzYeUeofo=
20,-4,Ezb3A5BhGOpAUJsRaThIA7Yy5x4=,QnjdJMc4XT26p1gtXYbzYeUeofo=
19,-4,Ezb3A5BhGOpAUJsRaThIA7Yy5x4=,QnjdJMc4XT26p1gtXYbzYeUeofo=
18,-3,Ezb3A5BhGOpAUJsRaThIA7Yy5x4=,QnjdJMc4XT26p1gtXYbzYeUeofo=
19,-3,Ezb3A5BhGOpAUJsRaThIA7Yy5x4=,QnjdJMc4XT26p1gtXYbzYeUeofo=
16,-3,Ezb3A5BhGOpAUJsRaThIA7Yy5x4=,QnjdJMc4XT26p1gtXYbzYeUeofo=
23,-5,Ezb3A5BhGOpAUJsRaThIA7Yy5x4=,QnjdJMc4XT26p1gtXYbzYeUeofo=
22,-5,Ezb3A5BhGOpAUJsRaThIA7Yy5x4=,QnjdJMc4XT26p1gtXYbzYeUeofo=
21,-5,Ezb3A5BhGOpAUJsRaThIA7Yy5x4=,QnjdJMc4XT26p1gtXYbzYeUeofo=
20,-5,Ezb3A5BhGOpAUJsRaThIA7Yy5x4=,QnjdJMc4XT26p1gtXYbzYeUeofo=
18,-4,Ezb3A5BhGOpAUJsRaThIA7Yy5x4=,QnjdJMc4XT26p1gtXYbzYeUeofo=
17,-4,Ezb3A5BhGOpAUJsRaThIA7Yy5x4=,QnjdJMc4XT26p1gtXYbzYeUeofo=
19,-5,Ezb3A5BhGOpAUJsRaThIA7Yy5x4=,QnjdJMc4XT26p1gtXYbzYeUeofo=
16,-4,Ezb3A5BhGOpAUJsRaThIA7Yy5x4=,QnjdJMc4XT26p1gtXYbzYeUeofo=
23,-6,Ezb3A5BhGOpAUJsRaThIA7Yy5x4=,QnjdJMc4XT26p1gtXYbzYeUeofo=
17,-3,Ezb3A5BhGOpAUJsRaThIA7Yy5x4=,QnjdJMc4XT26p1gtXYbzYeUeofo=
17,-5,Ezb3A5BhGOpAUJsRaThIA7Yy5x4=,QnjdJMc4XT26p1gtXYbzYeUeofo=
18,-5,Ezb3A5BhGOpAUJsRaThIA7Yy5x4=,QnjdJMc4XT26p1gtXYbzYeUeofo=
18,-15,Ezb3A5BhGOpAUJsRaThIA7Yy5x4=,9BqlE48BtVBSt89SxTBoQPPZPGs=
16,-5,Ezb3A5BhGOpAUJsRaThIA7Yy5x4=,QnjdJMc4XT26p1gtXYbzYeUeofo=
17,-7,Ezb3A5BhGOpAUJsRaThIA7Yy5x4=,QnjdJMc4XT26p1gtXYbzYeUeofo=
19,-24,Ezb3A5BhGOpAUJsRaThIA7Yy5x4=,ghL9Mi2QSERmPzMArD7gTGeICsg=
22,-20,Ezb3A5BhGOpAUJsRaThIA7Yy5x4=,ghL9Mi2QSERmPzMArD7gTGeICsg=
20,-19,Ezb3A5BhGOpAUJsRaThIA7Yy5x4=,ghL9Mi2QSERmPzMArD7gTGeICsg=
16,-21,Ezb3A5BhGOpAUJsRaThIA7Yy5x4=,ghL9Mi2QSERmPzMArD7gTGeICsg=
21,-19,Ezb3A5BhGOpAUJsRaThIA7Yy5x4=,ghL9Mi2QSERmPzMArD7gTGeICsg=
22,-19,Ezb3A5BhGOpAUJsRaThIA7Yy5x4=,ghL9Mi2QSERmPzMArD7gTGeICsg=
23,-19,Ezb3A5BhGOpAUJsRaThIA7Yy5x4=,ghL9Mi2QSERmPzMArD7gTGeICsg=
22,-21,Ezb3A5BhGOpAUJsRaThIA7Yy5x4=,ghL9Mi2QSERmPzMArD7gTGeICsg=
21,-20,Ezb3A5BhGOpAUJsRaThIA7Yy5x4=,ghL9Mi2QSERmPzMArD7gTGeICsg=
21,-21,Ezb3A5BhGOpAUJsRaThIA7Yy5x4=,ghL9Mi2QSERmPzMArD7gTGeICsg=
16,-22,Ezb3A5BhGOpAUJsRaThIA7Yy5x4=,ghL9Mi2QSERmPzMArD7gTGeICsg=
23,-20,Ezb3A5BhGOpAUJsRaThIA7Yy5x4=,ghL9Mi2QSERmPzMArD7gTGeICsg=
19,-19,Ezb3A5BhGOpAUJsRaThIA7Yy5x4=,ghL9Mi2QSERmPzMArD7gTGeICsg=
17,-23,Ezb3A5BhGOpAUJsRaThIA7Yy5x4=,ghL9Mi2QSERmPzMArD7gTGeICsg=
23,-22,Ezb3A5BhGOpAUJsRaThIA7Yy5x4=,ghL9Mi2QSERmPzMArD7gTGeICsg=
23,-23,Ezb3A5BhGOpAUJsRaThIA7Yy5x4=,ghL9Mi2QSERmPzMArD7gTGeICsg=
22,-23,Ezb3A5BhGOpAUJsRaThIA7Yy5x4=,ghL9Mi2QSERmPzMArD7gTGeICsg=
18,-24,Ezb3A5BhGOpAUJsRaThIA7Yy5x4=,ghL9Mi2QSERmPzMArD7gTGeICsg=
16,-23,Ezb3A5BhGOpAUJsRaThIA7Yy5x4=,ghL9Mi2QSERmPzMArD7gTGeICsg=
23,-24,Ezb3A5BhGOpAUJsRaThIA7Yy5x4=,ghL9Mi2QSERmPzMArD7gTGeICsg=
22,-24,Ezb3A5BhGOpAUJsRaThIA7Yy5x4=,ghL9Mi2QSERmPzMArD7gTGeICsg=
21,-23,Ezb3A5BhGOpAUJsRaThIA7Yy5x4=,ghL9Mi2QSERmPzMArD7gTGeICsg=
20,-23,Ezb3A5BhGOpAUJsRaThIA7Yy5x4=,ghL9Mi2QSERmPzMArD7gTGeICsg=
21,-24,Ezb3A5BhGOpAUJsRaThIA7Yy5x4=,ghL9Mi2QSERmPzMArD7gTGeICsg=
19,-23,Ezb3A5BhGOpAUJsRaThIA7Yy5x4=,ghL9Mi2QSERmPzMArD7gTGeICsg=
18,-23,Ezb3A5BhGOpAUJsRaThIA7Yy5x4=,ghL9Mi2QSERmPzMArD7gTGeICsg=
20,-21,Ezb3A5BhGOpAUJsRaThIA7Yy5x4=,ghL9Mi2QSERmPzMArD7gTGeICsg=
20,-20,Ezb3A5BhGOpAUJsRaThIA7Yy5x4=,ghL9Mi2QSERmPzMArD7gTGeICsg=
17,-24,Ezb3A5BhGOpAUJsRaThIA7Yy5x4=,ghL9Mi2QSERmPzMArD7gTGeICsg=
22,-22,Ezb3A5BhGOpAUJsRaThIA7Yy5x4=,ghL9Mi2QSERmPzMArD7gTGeICsg=
16,-18,Ezb3A5BhGOpAUJsRaThIA7Yy5x4=,ghL9Mi2QSERmPzMArD7gTGeICsg=
17,-21,Ezb3A5BhGOpAUJsRaThIA7Yy5x4=,ghL9Mi2QSERmPzMArD7gTGeICsg=
19,-20,Ezb3A5BhGOpAUJsRaThIA7Yy5x4=,ghL9Mi2QSERmPzMArD7gTGeICsg=
21,-22,Ezb3A5BhGOpAUJsRaThIA7Yy5x4=,ghL9Mi2QSERmPzMArD7gTGeICsg=
20,-22,Ezb3A5BhGOpAUJsRaThIA7Yy5x4=,ghL9Mi2QSERmPzMArD7gTGeICsg=
19,-22,Ezb3A5BhGOpAUJsRaThIA7Yy5x4=,ghL9Mi2QSERmPzMArD7gTGeICsg=
18,-20,Ezb3A5BhGOpAUJsRaThIA7Yy5x4=,ghL9Mi2QSERmPzMArD7gTGeICsg=
17,-18,Ezb3A5BhGOpAUJsRaThIA7Yy5x4=,ghL9Mi2QSERmPzMArD7gTGeICsg=
18,-19,Ezb3A5BhGOpAUJsRaThIA7Yy5x4=,ghL9Mi2QSERmPzMArD7gTGeICsg=
19,-21,Ezb3A5BhGOpAUJsRaThIA7Yy5x4=,ghL9Mi2QSERmPzMArD7gTGeICsg=
17,-20,Ezb3A5BhGOpAUJsRaThIA7Yy5x4=,ghL9Mi2QSERmPzMArD7gTGeICsg=
16,-20,Ezb3A5BhGOpAUJsRaThIA7Yy5x4=,ghL9Mi2QSERmPzMArD7gTGeICsg=
23,-17,Ezb3A5BhGOpAUJsRaThIA7Yy5x4=,ghL9Mi2QSERmPzMArD7gTGeICsg=
22,-17,Ezb3A5BhGOpAUJsRaThIA7Yy5x4=,ghL9Mi2QSERmPzMArD7gTGeICsg=
18,-22,Ezb3A5BhGOpAUJsRaThIA7Yy5x4=,ghL9Mi2QSERmPzMArD7gTGeICsg=
23,-21,Ezb3A5BhGOpAUJsRaThIA7Yy5x4=,ghL9Mi2QSERmPzMArD7gTGeICsg=
21,-17,Ezb3A5BhGOpAUJsRaThIA7Yy5x4=,ghL9Mi2QSERmPzMArD7gTGeICsg=
20,-17,Ezb3A5BhGOpAUJsRaThIA7Yy5x4=,ghL9Mi2QSERmPzMArD7gTGeICsg=
19,-17,Ezb3A5BhGOpAUJsRaThIA7Yy5x4=,ghL9Mi2QSERmPzMArD7gTGeICsg=
20,-24,Ezb3A5BhGOpAUJsRaThIA7Yy5x4=,ghL9Mi2QSERmPzMArD7gTGeICsg=
18,-18,Ezb3A5BhGOpAUJsRaThIA7Yy5x4=,ghL9Mi2QSERmPzMArD7gTGeICsg=
19,-18,Ezb3A5BhGOpAUJsRaThIA7Yy5x4=,ghL9Mi2QSERmPzMArD7gTGeICsg=
17,-22,Ezb3A5BhGOpAUJsRaThIA7Yy5x4=,ghL9Mi2QSERmPzMArD7gTGeICsg=
20,-18,Ezb3A5BhGOpAUJsRaThIA7Yy5x4=,ghL9Mi2QSERmPzMArD7gTGeICsg=
21,-18,Ezb3A5BhGOpAUJsRaThIA7Yy5x4=,ghL9Mi2QSERmPzMArD7gTGeICsg=
22,-18,Ezb3A5BhGOpAUJsRaThIA7Yy5x4=,ghL9Mi2QSERmPzMArD7gTGeICsg=
23,-18,Ezb3A5BhGOpAUJsRaThIA7Yy5x4=,ghL9Mi2QSERmPzMArD7gTGeICsg=
18,-21,Ezb3A5BhGOpAUJsRaThIA7Yy5x4=,ghL9Mi2QSERmPzMArD7gTGeICsg=
16,-24,Ezb3A5BhGOpAUJsRaThIA7Yy5x4=,ghL9Mi2QSERmPzMArD7gTGeICsg=
18,-17,Ezb3A5BhGOpAUJsRaThIA7Yy5x4=,ghL9Mi2QSERmPzMArD7gTGeICsg=
17,-19,Ezb3A5BhGOpAUJsRaThIA7Yy5x4=,ghL9Mi2QSERmPzMArD7gTGeICsg=
16,-17,Ezb3A5BhGOpAUJsRaThIA7Yy5x4=,ghL9Mi2QSERmPzMArD7gTGeICsg=
17,-17,Ezb3A5BhGOpAUJsRaThIA7Yy5x4=,ghL9Mi2QSERmPzMArD7gTGeICsg=
16,-19,Ezb3A5BhGOpAUJsRaThIA7Yy5x4=,ghL9Mi2QSERmPzMArD7gTGeICsg=
