14,-18,1y97E+vMxtwKx5PFiTrk4yTO4Ww=,j5n42CWjVvEEO2EbZKZhy3omoFQ=
13,-18,1y97E+vMxtwKx5PFiTrk4yTO4Ww=,j5n42CWjVvEEO2EbZKZhy3omoFQ=
9,-19,1y97E+vMxtwKx5PFiTrk4yTO4Ww=,gcDVx4j1VxcrFITnXfdUBQF7Wsw=
9,-18,1y97E+vMxtwKx5PFiTrk4yTO4Ww=,gcDVx4j1VxcrFITnXfdUBQF7Wsw=
11,-18,1y97E+vMxtwKx5PFiTrk4yTO4Ww=,gcDVx4j1VxcrFITnXfdUBQF7Wsw=
12,-19,1y97E+vMxtwKx5PFiTrk4yTO4Ww=,j5n42CWjVvEEO2EbZKZhy3omoFQ=
10,-18,1y97E+vMxtwKx5PFiTrk4yTO4Ww=,gcDVx4j1VxcrFITnXfdUBQF7Wsw=
10,-19,1y97E+vMxtwKx5PFiTrk4yTO4Ww=,gcDVx4j1VxcrFITnXfdUBQF7Wsw=
12,-18,1y97E+vMxtwKx5PFiTrk4yTO4Ww=,j5n42CWjVvEEO2EbZKZhy3omoFQ=
8,-19,1y97E+vMxtwKx5PFiTrk4yTO4Ww=,gcDVx4j1VxcrFITnXfdUBQF7Wsw=
5,-19,1y97E+vMxtwKx5PFiTrk4yTO4Ww=,CA8rXDdmqdZPMZ5vFVFKj+Ay8nE=
11,-19,1y97E+vMxtwKx5PFiTrk4yTO4Ww=,gcDVx4j1VxcrFITnXfdUBQF7Wsw=
8,-18,1y97E+vMxtwKx5PFiTrk4yTO4Ww=,gcDVx4j1VxcrFITnXfdUBQF7Wsw=
6,-19,1y97E+vMxtwKx5PFiTrk4yTO4Ww=,CA8rXDdmqdZPMZ5vFVFKj+Ay8nE=
7,-19,1y97E+vMxtwKx5PFiTrk4yTO4Ww=,CA8rXDdmqdZPMZ5vFVFKj+Ay8nE=
5,-18,1y97E+vMxtwKx5PFiTrk4yTO4Ww=,CA8rXDdmqdZPMZ5vFVFKj+Ay8nE=
6,-18,1y97E+vMxtwKx5PFiTrk4yTO4Ww=,CA8rXDdmqdZPMZ5vFVFKj+Ay8nE=
14,-19,1y97E+vMxtwKx5PFiTrk4yTO4Ww=,j5n42CWjVvEEO2EbZKZhy3omoFQ=
13,-19,1y97E+vMxtwKx5PFiTrk4yTO4Ww=,j5n42CWjVvEEO2EbZKZhy3omoFQ=
7,-18,1y97E+vMxtwKx5PFiTrk4yTO4Ww=,CA8rXDdmqdZPMZ5vFVFKj+Ay8nE=
9,-17,1y97E+vMxtwKx5PFiTrk4yTO4Ww=,gcDVx4j1VxcrFITnXfdUBQF7Wsw=
2,-18,1y97E+vMxtwKx5PFiTrk4yTO4Ww=,yRpjpZ3l7fri93Rf4s8Qe8/hB/s=
10,-17,1y97E+vMxtwKx5PFiTrk4yTO4Ww=,gcDVx4j1VxcrFITnXfdUBQF7Wsw=
0,-19,1y97E+vMxtwKx5PFiTrk4yTO4Ww=,yRpjpZ3l7fri93Rf4s8Qe8/hB/s=
2,-20,1y97E+vMxtwKx5PFiTrk4yTO4Ww=,yRpjpZ3l7fri93Rf4s8Qe8/hB/s=
1,-19,1y97E+vMxtwKx5PFiTrk4yTO4Ww=,yRpjpZ3l7fri93Rf4s8Qe8/hB/s=
1,-17,1y97E+vMxtwKx5PFiTrk4yTO4Ww=,yRpjpZ3l7fri93Rf4s8Qe8/hB/s=
4,-19,1y97E+vMxtwKx5PFiTrk4yTO4Ww=,CA8rXDdmqdZPMZ5vFVFKj+Ay8nE=
2,-17,1y97E+vMxtwKx5PFiTrk4yTO4Ww=,yRpjpZ3l7fri93Rf4s8Qe8/hB/s=
3,-18,1y97E+vMxtwKx5PFiTrk4yTO4Ww=,yRpjpZ3l7fri93Rf4s8Qe8/hB/s=
3,-19,1y97E+vMxtwKx5PFiTrk4yTO4Ww=,yRpjpZ3l7fri93Rf4s8Qe8/hB/s=
2,-19,1y97E+vMxtwKx5PFiTrk4yTO4Ww=,yRpjpZ3l7fri93Rf4s8Qe8/hB/s=
4,-18,1y97E+vMxtwKx5PFiTrk4yTO4Ww=,CA8rXDdmqdZPMZ5vFVFKj+Ay8nE=
0,-18,1y97E+vMxtwKx5PFiTrk4yTO4Ww=,yRpjpZ3l7fri93Rf4s8Qe8/hB/s=
1,-20,1y97E+vMxtwKx5PFiTrk4yTO4Ww=,yRpjpZ3l7fri93Rf4s8Qe8/hB/s=
4,-20,1y97E+vMxtwKx5PFiTrk4yTO4Ww=,CA8rXDdmqdZPMZ5vFVFKj+Ay8nE=
5,-20,1y97E+vMxtwKx5PFiTrk4yTO4Ww=,CA8rXDdmqdZPMZ5vFVFKj+Ay8nE=
1,-18,1y97E+vMxtwKx5PFiTrk4yTO4Ww=,yRpjpZ3l7fri93Rf4s8Qe8/hB/s=
3,-20,1y97E+vMxtwKx5PFiTrk4yTO4Ww=,yRpjpZ3l7fri93Rf4s8Qe8/hB/s=
8,-20,1y97E+vMxtwKx5PFiTrk4yTO4Ww=,gcDVx4j1VxcrFITnXfdUBQF7Wsw=
6,-20,1y97E+vMxtwKx5PFiTrk4yTO4Ww=,CA8rXDdmqdZPMZ5vFVFKj+Ay8nE=
10,-20,1y97E+vMxtwKx5PFiTrk4yTO4Ww=,gcDVx4j1VxcrFITnXfdUBQF7Wsw=
9,-20,1y97E+vMxtwKx5PFiTrk4yTO4Ww=,gcDVx4j1VxcrFITnXfdUBQF7Wsw=
14,-20,1y97E+vMxtwKx5PFiTrk4yTO4Ww=,j5n42CWjVvEEO2EbZKZhy3omoFQ=
7,-20,1y97E+vMxtwKx5PFiTrk4yTO4Ww=,CA8rXDdmqdZPMZ5vFVFKj+Ay8nE=
11,-20,1y97E+vMxtwKx5PFiTrk4yTO4Ww=,gcDVx4j1VxcrFITnXfdUBQF7Wsw=
13,-20,1y97E+vMxtwKx5PFiTrk4yTO4Ww=,j5n42CWjVvEEO2EbZKZhy3omoFQ=
12,-20,1y97E+vMxtwKx5PFiTrk4yTO4Ww=,j5n42CWjVvEEO2EbZKZhy3omoFQ=
15,-19,1y97E+vMxtwKx5PFiTrk4yTO4Ww=,j5n42CWjVvEEO2EbZKZhy3omoFQ=
15,-18,1y97E+vMxtwKx5PFiTrk4yTO4Ww=,j5n42CWjVvEEO2EbZKZhy3omoFQ=
15,-20,1y97E+vMxtwKx5PFiTrk4yTO4Ww=,j5n42CWjVvEEO2EbZKZhy3omoFQ=
4,-17,1y97E+vMxtwKx5PFiTrk4yTO4Ww=,CA8rXDdmqdZPMZ5vFVFKj+Ay8nE=
6,-17,1y97E+vMxtwKx5PFiTrk4yTO4Ww=,CA8rXDdmqdZPMZ5vFVFKj+Ay8nE=
0,-20,1y97E+vMxtwKx5PFiTrk4yTO4Ww=,yRpjpZ3l7fri93Rf4s8Qe8/hB/s=
7,-17,1y97E+vMxtwKx5PFiTrk4yTO4Ww=,CA8rXDdmqdZPMZ5vFVFKj+Ay8nE=
5,-17,1y97E+vMxtwKx5PFiTrk4yTO4Ww=,CA8rXDdmqdZPMZ5vFVFKj+Ay8nE=
8,-17,1y97E+vMxtwKx5PFiTrk4yTO4Ww=,gcDVx4j1VxcrFITnXfdUBQF7Wsw=
15,-17,1y97E+vMxtwKx5PFiTrk4yTO4Ww=,j5n42CWjVvEEO2EbZKZhy3omoFQ=
3,-17,1y97E+vMxtwKx5PFiTrk4yTO4Ww=,yRpjpZ3l7fri93Rf4s8Qe8/hB/s=
12,-17,1y97E+vMxtwKx5PFiTrk4yTO4Ww=,j5n42CWjVvEEO2EbZKZhy3omoFQ=
13,-17,1y97E+vMxtwKx5PFiTrk4yTO4Ww=,j5n42CWjVvEEO2EbZKZhy3omoFQ=
11,-17,1y97E+vMxtwKx5PFiTrk4yTO4Ww=,gcDVx4j1VxcrFITnXfdUBQF7Wsw=
14,-17,1y97E+vMxtwKx5PFiTrk4yTO4Ww=,j5n42CWjVvEEO2EbZKZhy3omoFQ=
0,-17,1y97E+vMxtwKx5PFiTrk4yTO4Ww=,yRpjpZ3l7fri93Rf4s8Qe8/hB/s=
5,-11,3v/kI8krfOE1BTiTSAvD4+0JFf8=,82e6bJLwE190hLpSB6sF7YH9MW8=
13,-11,3v/kI8krfOE1BTiTSAvD4+0JFf8=,4DFDBYNY4fT1zqsnwI5VWp4ysh0=
14,-11,3v/kI8krfOE1BTiTSAvD4+0JFf8=,4DFDBYNY4fT1zqsnwI5VWp4ysh0=
6,-11,3v/kI8krfOE1BTiTSAvD4+0JFf8=,82e6bJLwE190hLpSB6sF7YH9MW8=
5,-10,3v/kI8krfOE1BTiTSAvD4+0JFf8=,82e6bJLwE190hLpSB6sF7YH9MW8=
13,-10,3v/kI8krfOE1BTiTSAvD4+0JFf8=,4DFDBYNY4fT1zqsnwI5VWp4ysh0=
14,-10,3v/kI8krfOE1BTiTSAvD4+0JFf8=,4DFDBYNY4fT1zqsnwI5VWp4ysh0=
6,-10,3v/kI8krfOE1BTiTSAvD4+0JFf8=,82e6bJLwE190hLpSB6sF7YH9MW8=
5,-15,3v/kI8krfOE1BTiTSAvD4+0JFf8=,9LByovQq8GZhZSmUJolMg8EZASw=
5,-13,3v/kI8krfOE1BTiTSAvD4+0JFf8=,9LByovQq8GZhZSmUJolMg8EZASw=
6,-13,3v/kI8krfOE1BTiTSAvD4+0JFf8=,9LByovQq8GZhZSmUJolMg8EZASw=
5,-12,3v/kI8krfOE1BTiTSAvD4+0JFf8=,82e6bJLwE190hLpSB6sF7YH9MW8=
6,-12,3v/kI8krfOE1BTiTSAvD4+0JFf8=,82e6bJLwE190hLpSB6sF7YH9MW8=
6,-15,3v/kI8krfOE1BTiTSAvD4+0JFf8=,9LByovQq8GZhZSmUJolMg8EZASw=
5,-14,3v/kI8krfOE1BTiTSAvD4+0JFf8=,9LByovQq8GZhZSmUJolMg8EZASw=
6,-14,3v/kI8krfOE1BTiTSAvD4+0JFf8=,9LByovQq8GZhZSmUJolMg8EZASw=
10,-10,3v/kI8krfOE1BTiTSAvD4+0JFf8=,kwhHQTZJdU1Wf+0nfbSyFyrkTaQ=
11,-10,3v/kI8krfOE1BTiTSAvD4+0JFf8=,kwhHQTZJdU1Wf+0nfbSyFyrkTaQ=
7,-11,3v/kI8krfOE1BTiTSAvD4+0JFf8=,82e6bJLwE190hLpSB6sF7YH9MW8=
8,-11,3v/kI8krfOE1BTiTSAvD4+0JFf8=,kwhHQTZJdU1Wf+0nfbSyFyrkTaQ=
9,-11,3v/kI8krfOE1BTiTSAvD4+0JFf8=,kwhHQTZJdU1Wf+0nfbSyFyrkTaQ=
10,-11,3v/kI8krfOE1BTiTSAvD4+0JFf8=,kwhHQTZJdU1Wf+0nfbSyFyrkTaQ=
11,-11,3v/kI8krfOE1BTiTSAvD4+0JFf8=,kwhHQTZJdU1Wf+0nfbSyFyrkTaQ=
8,-10,3v/kI8krfOE1BTiTSAvD4+0JFf8=,kwhHQTZJdU1Wf+0nfbSyFyrkTaQ=
7,-10,3v/kI8krfOE1BTiTSAvD4+0JFf8=,82e6bJLwE190hLpSB6sF7YH9MW8=
12,-11,3v/kI8krfOE1BTiTSAvD4+0JFf8=,4DFDBYNY4fT1zqsnwI5VWp4ysh0=
12,-10,3v/kI8krfOE1BTiTSAvD4+0JFf8=,4DFDBYNY4fT1zqsnwI5VWp4ysh0=
9,-10,3v/kI8krfOE1BTiTSAvD4+0JFf8=,kwhHQTZJdU1Wf+0nfbSyFyrkTaQ=
10,-8,bd/X4nkP5AqpZpN4MkfubLRmibo=,6FbHGIkdu5Xvj5WJOVMw+fy0ErI=
9,-9,bd/X4nkP5AqpZpN4MkfubLRmibo=,kwhHQTZJdU1Wf+0nfbSyFyrkTaQ=
9,-6,bd/X4nkP5AqpZpN4MkfubLRmibo=,6FbHGIkdu5Xvj5WJOVMw+fy0ErI=
9,-8,bd/X4nkP5AqpZpN4MkfubLRmibo=,6FbHGIkdu5Xvj5WJOVMw+fy0ErI=
10,-9,bd/X4nkP5AqpZpN4MkfubLRmibo=,kwhHQTZJdU1Wf+0nfbSyFyrkTaQ=
9,-7,bd/X4nkP5AqpZpN4MkfubLRmibo=,6FbHGIkdu5Xvj5WJOVMw+fy0ErI=
10,-7,bd/X4nkP5AqpZpN4MkfubLRmibo=,6FbHGIkdu5Xvj5WJOVMw+fy0ErI=
10,-6,bd/X4nkP5AqpZpN4MkfubLRmibo=,6FbHGIkdu5Xvj5WJOVMw+fy0ErI=
10,-12,bd/X4nkP5AqpZpN4MkfubLRmibo=,kwhHQTZJdU1Wf+0nfbSyFyrkTaQ=
10,-14,bd/X4nkP5AqpZpN4MkfubLRmibo=,j5n42CWjVvEEO2EbZKZhy3omoFQ=
8,-13,bd/X4nkP5AqpZpN4MkfubLRmibo=,j5n42CWjVvEEO2EbZKZhy3omoFQ=
9,-13,bd/X4nkP5AqpZpN4MkfubLRmibo=,j5n42CWjVvEEO2EbZKZhy3omoFQ=
10,-13,bd/X4nkP5AqpZpN4MkfubLRmibo=,j5n42CWjVvEEO2EbZKZhy3omoFQ=
7,-12,bd/X4nkP5AqpZpN4MkfubLRmibo=,82e6bJLwE190hLpSB6sF7YH9MW8=
8,-12,bd/X4nkP5AqpZpN4MkfubLRmibo=,kwhHQTZJdU1Wf+0nfbSyFyrkTaQ=
8,-15,bd/X4nkP5AqpZpN4MkfubLRmibo=,j5n42CWjVvEEO2EbZKZhy3omoFQ=
9,-15,bd/X4nkP5AqpZpN4MkfubLRmibo=,j5n42CWjVvEEO2EbZKZhy3omoFQ=
10,-15,bd/X4nkP5AqpZpN4MkfubLRmibo=,j5n42CWjVvEEO2EbZKZhy3omoFQ=
9,-12,bd/X4nkP5AqpZpN4MkfubLRmibo=,kwhHQTZJdU1Wf+0nfbSyFyrkTaQ=
7,-15,bd/X4nkP5AqpZpN4MkfubLRmibo=,9LByovQq8GZhZSmUJolMg8EZASw=
7,-14,bd/X4nkP5AqpZpN4MkfubLRmibo=,9LByovQq8GZhZSmUJolMg8EZASw=
8,-14,bd/X4nkP5AqpZpN4MkfubLRmibo=,j5n42CWjVvEEO2EbZKZhy3omoFQ=
9,-14,bd/X4nkP5AqpZpN4MkfubLRmibo=,j5n42CWjVvEEO2EbZKZhy3omoFQ=
7,-13,bd/X4nkP5AqpZpN4MkfubLRmibo=,9LByovQq8GZhZSmUJolMg8EZASw=
11,-8,bd/X4nkP5AqpZpN4MkfubLRmibo=,6FbHGIkdu5Xvj5WJOVMw+fy0ErI=
11,-9,bd/X4nkP5AqpZpN4MkfubLRmibo=,kwhHQTZJdU1Wf+0nfbSyFyrkTaQ=
11,-7,bd/X4nkP5AqpZpN4MkfubLRmibo=,6FbHGIkdu5Xvj5WJOVMw+fy0ErI=
12,-9,bd/X4nkP5AqpZpN4MkfubLRmibo=,4DFDBYNY4fT1zqsnwI5VWp4ysh0=
13,-9,bd/X4nkP5AqpZpN4MkfubLRmibo=,4DFDBYNY4fT1zqsnwI5VWp4ysh0=
12,-8,bd/X4nkP5AqpZpN4MkfubLRmibo=,Gdv+tDJjQg9yOOv9C1g5m7hUe70=
12,-7,bd/X4nkP5AqpZpN4MkfubLRmibo=,Gdv+tDJjQg9yOOv9C1g5m7hUe70=
13,-7,bd/X4nkP5AqpZpN4MkfubLRmibo=,Gdv+tDJjQg9yOOv9C1g5m7hUe70=
11,-6,bd/X4nkP5AqpZpN4MkfubLRmibo=,6FbHGIkdu5Xvj5WJOVMw+fy0ErI=
14,-9,bd/X4nkP5AqpZpN4MkfubLRmibo=,4DFDBYNY4fT1zqsnwI5VWp4ysh0=
14,-7,bd/X4nkP5AqpZpN4MkfubLRmibo=,Gdv+tDJjQg9yOOv9C1g5m7hUe70=
12,-6,bd/X4nkP5AqpZpN4MkfubLRmibo=,Gdv+tDJjQg9yOOv9C1g5m7hUe70=
13,-6,bd/X4nkP5AqpZpN4MkfubLRmibo=,Gdv+tDJjQg9yOOv9C1g5m7hUe70=
14,-6,bd/X4nkP5AqpZpN4MkfubLRmibo=,Gdv+tDJjQg9yOOv9C1g5m7hUe70=
13,-8,bd/X4nkP5AqpZpN4MkfubLRmibo=,Gdv+tDJjQg9yOOv9C1g5m7hUe70=
14,-8,bd/X4nkP5AqpZpN4MkfubLRmibo=,Gdv+tDJjQg9yOOv9C1g5m7hUe70=
8,-7,bd/X4nkP5AqpZpN4MkfubLRmibo=,6FbHGIkdu5Xvj5WJOVMw+fy0ErI=
5,-9,bd/X4nkP5AqpZpN4MkfubLRmibo=,82e6bJLwE190hLpSB6sF7YH9MW8=
6,-9,bd/X4nkP5AqpZpN4MkfubLRmibo=,82e6bJLwE190hLpSB6sF7YH9MW8=
7,-9,bd/X4nkP5AqpZpN4MkfubLRmibo=,82e6bJLwE190hLpSB6sF7YH9MW8=
8,-9,bd/X4nkP5AqpZpN4MkfubLRmibo=,kwhHQTZJdU1Wf+0nfbSyFyrkTaQ=
8,-8,bd/X4nkP5AqpZpN4MkfubLRmibo=,6FbHGIkdu5Xvj5WJOVMw+fy0ErI=
8,-6,bd/X4nkP5AqpZpN4MkfubLRmibo=,6FbHGIkdu5Xvj5WJOVMw+fy0ErI=
5,-7,bd/X4nkP5AqpZpN4MkfubLRmibo=,NjORyIaePPtdObcHM6frjj9DQrE=
6,-7,bd/X4nkP5AqpZpN4MkfubLRmibo=,NjORyIaePPtdObcHM6frjj9DQrE=
7,-7,bd/X4nkP5AqpZpN4MkfubLRmibo=,NjORyIaePPtdObcHM6frjj9DQrE=
6,-8,bd/X4nkP5AqpZpN4MkfubLRmibo=,NjORyIaePPtdObcHM6frjj9DQrE=
5,-8,bd/X4nkP5AqpZpN4MkfubLRmibo=,NjORyIaePPtdObcHM6frjj9DQrE=
5,-6,bd/X4nkP5AqpZpN4MkfubLRmibo=,NjORyIaePPtdObcHM6frjj9DQrE=
6,-6,bd/X4nkP5AqpZpN4MkfubLRmibo=,NjORyIaePPtdObcHM6frjj9DQrE=
7,-6,bd/X4nkP5AqpZpN4MkfubLRmibo=,NjORyIaePPtdObcHM6frjj9DQrE=
7,-8,bd/X4nkP5AqpZpN4MkfubLRmibo=,NjORyIaePPtdObcHM6frjj9DQrE=
10,-4,oPCMg5oEuWMY7L/eFe73AcH04W0=,0IVOxJUqcrrtDIeLw+46r7KFvEg=
10,-5,oPCMg5oEuWMY7L/eFe73AcH04W0=,6FbHGIkdu5Xvj5WJOVMw+fy0ErI=
10,-2,oPCMg5oEuWMY7L/eFe73AcH04W0=,0IVOxJUqcrrtDIeLw+46r7KFvEg=
9,-5,oPCMg5oEuWMY7L/eFe73AcH04W0=,6FbHGIkdu5Xvj5WJOVMw+fy0ErI=
10,-3,oPCMg5oEuWMY7L/eFe73AcH04W0=,0IVOxJUqcrrtDIeLw+46r7KFvEg=
8,-5,oPCMg5oEuWMY7L/eFe73AcH04W0=,6FbHGIkdu5Xvj5WJOVMw+fy0ErI=
9,-4,oPCMg5oEuWMY7L/eFe73AcH04W0=,0IVOxJUqcrrtDIeLw+46r7KFvEg=
8,-4,oPCMg5oEuWMY7L/eFe73AcH04W0=,0IVOxJUqcrrtDIeLw+46r7KFvEg=
9,-3,oPCMg5oEuWMY7L/eFe73AcH04W0=,0IVOxJUqcrrtDIeLw+46r7KFvEg=
8,-3,oPCMg5oEuWMY7L/eFe73AcH04W0=,0IVOxJUqcrrtDIeLw+46r7KFvEg=
8,-2,oPCMg5oEuWMY7L/eFe73AcH04W0=,0IVOxJUqcrrtDIeLw+46r7KFvEg=
6,-3,oPCMg5oEuWMY7L/eFe73AcH04W0=,MGTwkSPZSYrBukGFQ4AorZYTNOo=
7,-3,oPCMg5oEuWMY7L/eFe73AcH04W0=,MGTwkSPZSYrBukGFQ4AorZYTNOo=
6,-2,oPCMg5oEuWMY7L/eFe73AcH04W0=,MGTwkSPZSYrBukGFQ4AorZYTNOo=
5,-4,oPCMg5oEuWMY7L/eFe73AcH04W0=,MGTwkSPZSYrBukGFQ4AorZYTNOo=
7,-2,oPCMg5oEuWMY7L/eFe73AcH04W0=,MGTwkSPZSYrBukGFQ4AorZYTNOo=
6,-4,oPCMg5oEuWMY7L/eFe73AcH04W0=,MGTwkSPZSYrBukGFQ4AorZYTNOo=
7,-4,oPCMg5oEuWMY7L/eFe73AcH04W0=,MGTwkSPZSYrBukGFQ4AorZYTNOo=
5,-3,oPCMg5oEuWMY7L/eFe73AcH04W0=,MGTwkSPZSYrBukGFQ4AorZYTNOo=
5,-5,oPCMg5oEuWMY7L/eFe73AcH04W0=,NjORyIaePPtdObcHM6frjj9DQrE=
6,-5,oPCMg5oEuWMY7L/eFe73AcH04W0=,NjORyIaePPtdObcHM6frjj9DQrE=
9,-2,oPCMg5oEuWMY7L/eFe73AcH04W0=,0IVOxJUqcrrtDIeLw+46r7KFvEg=
7,-5,oPCMg5oEuWMY7L/eFe73AcH04W0=,NjORyIaePPtdObcHM6frjj9DQrE=
5,-2,oPCMg5oEuWMY7L/eFe73AcH04W0=,MGTwkSPZSYrBukGFQ4AorZYTNOo=
4,-7,oPCMg5oEuWMY7L/eFe73AcH04W0=,NjORyIaePPtdObcHM6frjj9DQrE=
1,-7,oPCMg5oEuWMY7L/eFe73AcH04W0=,uTp1wz0mYsBvLCvTpFqBYlvOISU=
2,-7,oPCMg5oEuWMY7L/eFe73AcH04W0=,uTp1wz0mYsBvLCvTpFqBYlvOISU=
3,-7,oPCMg5oEuWMY7L/eFe73AcH04W0=,uTp1wz0mYsBvLCvTpFqBYlvOISU=
4,-6,oPCMg5oEuWMY7L/eFe73AcH04W0=,NjORyIaePPtdObcHM6frjj9DQrE=
1,-6,oPCMg5oEuWMY7L/eFe73AcH04W0=,uTp1wz0mYsBvLCvTpFqBYlvOISU=
2,-6,oPCMg5oEuWMY7L/eFe73AcH04W0=,uTp1wz0mYsBvLCvTpFqBYlvOISU=
3,-6,oPCMg5oEuWMY7L/eFe73AcH04W0=,uTp1wz0mYsBvLCvTpFqBYlvOISU=
11,-5,oPCMg5oEuWMY7L/eFe73AcH04W0=,6FbHGIkdu5Xvj5WJOVMw+fy0ErI=
11,-2,oPCMg5oEuWMY7L/eFe73AcH04W0=,0IVOxJUqcrrtDIeLw+46r7KFvEg=
11,-4,oPCMg5oEuWMY7L/eFe73AcH04W0=,0IVOxJUqcrrtDIeLw+46r7KFvEg=
12,-3,oPCMg5oEuWMY7L/eFe73AcH04W0=,0HojetSP3c3GWRvhCnVcYC7Jbbw=
13,-3,oPCMg5oEuWMY7L/eFe73AcH04W0=,0HojetSP3c3GWRvhCnVcYC7Jbbw=
14,-3,oPCMg5oEuWMY7L/eFe73AcH04W0=,0HojetSP3c3GWRvhCnVcYC7Jbbw=
12,-2,oPCMg5oEuWMY7L/eFe73AcH04W0=,0HojetSP3c3GWRvhCnVcYC7Jbbw=
13,-2,oPCMg5oEuWMY7L/eFe73AcH04W0=,0HojetSP3c3GWRvhCnVcYC7Jbbw=
14,-2,oPCMg5oEuWMY7L/eFe73AcH04W0=,0HojetSP3c3GWRvhCnVcYC7Jbbw=
12,-5,oPCMg5oEuWMY7L/eFe73AcH04W0=,Gdv+tDJjQg9yOOv9C1g5m7hUe70=
13,-5,oPCMg5oEuWMY7L/eFe73AcH04W0=,Gdv+tDJjQg9yOOv9C1g5m7hUe70=
14,-5,oPCMg5oEuWMY7L/eFe73AcH04W0=,Gdv+tDJjQg9yOOv9C1g5m7hUe70=
11,-3,oPCMg5oEuWMY7L/eFe73AcH04W0=,0IVOxJUqcrrtDIeLw+46r7KFvEg=
12,-4,oPCMg5oEuWMY7L/eFe73AcH04W0=,0HojetSP3c3GWRvhCnVcYC7Jbbw=
13,-4,oPCMg5oEuWMY7L/eFe73AcH04W0=,0HojetSP3c3GWRvhCnVcYC7Jbbw=
14,-4,oPCMg5oEuWMY7L/eFe73AcH04W0=,0HojetSP3c3GWRvhCnVcYC7Jbbw=
0,-7,ActuD10RiaLJrgzaPUoA8dKC/yU=,uTp1wz0mYsBvLCvTpFqBYlvOISU=
0,-6,ActuD10RiaLJrgzaPUoA8dKC/yU=,uTp1wz0mYsBvLCvTpFqBYlvOISU=
5,-16,ActuD10RiaLJrgzaPUoA8dKC/yU=,9LByovQq8GZhZSmUJolMg8EZASw=
6,-16,ActuD10RiaLJrgzaPUoA8dKC/yU=,9LByovQq8GZhZSmUJolMg8EZASw=
5,-1,ActuD10RiaLJrgzaPUoA8dKC/yU=,MGTwkSPZSYrBukGFQ4AorZYTNOo=
6,-1,ActuD10RiaLJrgzaPUoA8dKC/yU=,MGTwkSPZSYrBukGFQ4AorZYTNOo=
8,-1,ActuD10RiaLJrgzaPUoA8dKC/yU=,0IVOxJUqcrrtDIeLw+46r7KFvEg=
10,-1,ActuD10RiaLJrgzaPUoA8dKC/yU=,0IVOxJUqcrrtDIeLw+46r7KFvEg=
7,-1,ActuD10RiaLJrgzaPUoA8dKC/yU=,MGTwkSPZSYrBukGFQ4AorZYTNOo=
9,-1,ActuD10RiaLJrgzaPUoA8dKC/yU=,0IVOxJUqcrrtDIeLw+46r7KFvEg=
4,-11,ActuD10RiaLJrgzaPUoA8dKC/yU=,82e6bJLwE190hLpSB6sF7YH9MW8=
3,-8,ActuD10RiaLJrgzaPUoA8dKC/yU=,uTp1wz0mYsBvLCvTpFqBYlvOISU=
12,-1,ActuD10RiaLJrgzaPUoA8dKC/yU=,0HojetSP3c3GWRvhCnVcYC7Jbbw=
2,-8,ActuD10RiaLJrgzaPUoA8dKC/yU=,uTp1wz0mYsBvLCvTpFqBYlvOISU=
4,-10,ActuD10RiaLJrgzaPUoA8dKC/yU=,82e6bJLwE190hLpSB6sF7YH9MW8=
13,-1,ActuD10RiaLJrgzaPUoA8dKC/yU=,0HojetSP3c3GWRvhCnVcYC7Jbbw=
4,-9,ActuD10RiaLJrgzaPUoA8dKC/yU=,82e6bJLwE190hLpSB6sF7YH9MW8=
0,-11,ActuD10RiaLJrgzaPUoA8dKC/yU=,ecg1aBFOpDyA+0qiaQ/qa2lECSw=
1,-11,ActuD10RiaLJrgzaPUoA8dKC/yU=,ecg1aBFOpDyA+0qiaQ/qa2lECSw=
1,-8,ActuD10RiaLJrgzaPUoA8dKC/yU=,uTp1wz0mYsBvLCvTpFqBYlvOISU=
0,-5,ActuD10RiaLJrgzaPUoA8dKC/yU=,uTp1wz0mYsBvLCvTpFqBYlvOISU=
11,-1,ActuD10RiaLJrgzaPUoA8dKC/yU=,0IVOxJUqcrrtDIeLw+46r7KFvEg=
4,-8,ActuD10RiaLJrgzaPUoA8dKC/yU=,NjORyIaePPtdObcHM6frjj9DQrE=
1,-5,ActuD10RiaLJrgzaPUoA8dKC/yU=,uTp1wz0mYsBvLCvTpFqBYlvOISU=
2,-11,ActuD10RiaLJrgzaPUoA8dKC/yU=,ecg1aBFOpDyA+0qiaQ/qa2lECSw=
15,-3,ActuD10RiaLJrgzaPUoA8dKC/yU=,0HojetSP3c3GWRvhCnVcYC7Jbbw=
0,-8,ActuD10RiaLJrgzaPUoA8dKC/yU=,uTp1wz0mYsBvLCvTpFqBYlvOISU=
2,-5,ActuD10RiaLJrgzaPUoA8dKC/yU=,uTp1wz0mYsBvLCvTpFqBYlvOISU=
3,-11,ActuD10RiaLJrgzaPUoA8dKC/yU=,ecg1aBFOpDyA+0qiaQ/qa2lECSw=
15,-2,ActuD10RiaLJrgzaPUoA8dKC/yU=,0HojetSP3c3GWRvhCnVcYC7Jbbw=
3,-5,ActuD10RiaLJrgzaPUoA8dKC/yU=,uTp1wz0mYsBvLCvTpFqBYlvOISU=
0,-10,ActuD10RiaLJrgzaPUoA8dKC/yU=,ecg1aBFOpDyA+0qiaQ/qa2lECSw=
3,-9,ActuD10RiaLJrgzaPUoA8dKC/yU=,ecg1aBFOpDyA+0qiaQ/qa2lECSw=
15,-5,ActuD10RiaLJrgzaPUoA8dKC/yU=,Gdv+tDJjQg9yOOv9C1g5m7hUe70=
0,-4,ActuD10RiaLJrgzaPUoA8dKC/yU=,d20wzjsyZyE1pjpPqVfC8ZzsIj8=
1,-10,ActuD10RiaLJrgzaPUoA8dKC/yU=,ecg1aBFOpDyA+0qiaQ/qa2lECSw=
15,-7,ActuD10RiaLJrgzaPUoA8dKC/yU=,Gdv+tDJjQg9yOOv9C1g5m7hUe70=
1,-4,ActuD10RiaLJrgzaPUoA8dKC/yU=,d20wzjsyZyE1pjpPqVfC8ZzsIj8=
2,-9,ActuD10RiaLJrgzaPUoA8dKC/yU=,ecg1aBFOpDyA+0qiaQ/qa2lECSw=
2,-10,ActuD10RiaLJrgzaPUoA8dKC/yU=,ecg1aBFOpDyA+0qiaQ/qa2lECSw=
15,-4,ActuD10RiaLJrgzaPUoA8dKC/yU=,0HojetSP3c3GWRvhCnVcYC7Jbbw=
3,-10,ActuD10RiaLJrgzaPUoA8dKC/yU=,ecg1aBFOpDyA+0qiaQ/qa2lECSw=
2,-4,ActuD10RiaLJrgzaPUoA8dKC/yU=,d20wzjsyZyE1pjpPqVfC8ZzsIj8=
1,-9,ActuD10RiaLJrgzaPUoA8dKC/yU=,ecg1aBFOpDyA+0qiaQ/qa2lECSw=
15,-6,ActuD10RiaLJrgzaPUoA8dKC/yU=,Gdv+tDJjQg9yOOv9C1g5m7hUe70=
0,-9,ActuD10RiaLJrgzaPUoA8dKC/yU=,ecg1aBFOpDyA+0qiaQ/qa2lECSw=
3,-4,ActuD10RiaLJrgzaPUoA8dKC/yU=,d20wzjsyZyE1pjpPqVfC8ZzsIj8=
3,-2,ActuD10RiaLJrgzaPUoA8dKC/yU=,d20wzjsyZyE1pjpPqVfC8ZzsIj8=
0,-3,ActuD10RiaLJrgzaPUoA8dKC/yU=,d20wzjsyZyE1pjpPqVfC8ZzsIj8=
15,-11,ActuD10RiaLJrgzaPUoA8dKC/yU=,4DFDBYNY4fT1zqsnwI5VWp4ysh0=
15,-10,ActuD10RiaLJrgzaPUoA8dKC/yU=,4DFDBYNY4fT1zqsnwI5VWp4ysh0=
1,-3,ActuD10RiaLJrgzaPUoA8dKC/yU=,d20wzjsyZyE1pjpPqVfC8ZzsIj8=
15,-9,ActuD10RiaLJrgzaPUoA8dKC/yU=,4DFDBYNY4fT1zqsnwI5VWp4ysh0=
15,-8,ActuD10RiaLJrgzaPUoA8dKC/yU=,Gdv+tDJjQg9yOOv9C1g5m7hUe70=
2,-3,ActuD10RiaLJrgzaPUoA8dKC/yU=,d20wzjsyZyE1pjpPqVfC8ZzsIj8=
3,-3,ActuD10RiaLJrgzaPUoA8dKC/yU=,d20wzjsyZyE1pjpPqVfC8ZzsIj8=
4,-2,ActuD10RiaLJrgzaPUoA8dKC/yU=,MGTwkSPZSYrBukGFQ4AorZYTNOo=
4,-4,ActuD10RiaLJrgzaPUoA8dKC/yU=,MGTwkSPZSYrBukGFQ4AorZYTNOo=
4,-1,ActuD10RiaLJrgzaPUoA8dKC/yU=,MGTwkSPZSYrBukGFQ4AorZYTNOo=
1,-1,ActuD10RiaLJrgzaPUoA8dKC/yU=,d20wzjsyZyE1pjpPqVfC8ZzsIj8=
2,-1,ActuD10RiaLJrgzaPUoA8dKC/yU=,d20wzjsyZyE1pjpPqVfC8ZzsIj8=
3,-1,ActuD10RiaLJrgzaPUoA8dKC/yU=,d20wzjsyZyE1pjpPqVfC8ZzsIj8=
4,-3,ActuD10RiaLJrgzaPUoA8dKC/yU=,MGTwkSPZSYrBukGFQ4AorZYTNOo=
4,-5,ActuD10RiaLJrgzaPUoA8dKC/yU=,NjORyIaePPtdObcHM6frjj9DQrE=
0,-2,ActuD10RiaLJrgzaPUoA8dKC/yU=,d20wzjsyZyE1pjpPqVfC8ZzsIj8=
1,-2,ActuD10RiaLJrgzaPUoA8dKC/yU=,d20wzjsyZyE1pjpPqVfC8ZzsIj8=
2,-2,ActuD10RiaLJrgzaPUoA8dKC/yU=,d20wzjsyZyE1pjpPqVfC8ZzsIj8=
10,-16,ActuD10RiaLJrgzaPUoA8dKC/yU=,j5n42CWjVvEEO2EbZKZhy3omoFQ=
7,-16,ActuD10RiaLJrgzaPUoA8dKC/yU=,9LByovQq8GZhZSmUJolMg8EZASw=
0,-1,ActuD10RiaLJrgzaPUoA8dKC/yU=,d20wzjsyZyE1pjpPqVfC8ZzsIj8=
8,-16,ActuD10RiaLJrgzaPUoA8dKC/yU=,j5n42CWjVvEEO2EbZKZhy3omoFQ=
9,-16,ActuD10RiaLJrgzaPUoA8dKC/yU=,j5n42CWjVvEEO2EbZKZhy3omoFQ=
15,-1,ActuD10RiaLJrgzaPUoA8dKC/yU=,0HojetSP3c3GWRvhCnVcYC7Jbbw=
14,-1,ActuD10RiaLJrgzaPUoA8dKC/yU=,0HojetSP3c3GWRvhCnVcYC7Jbbw=
4,-16,ActuD10RiaLJrgzaPUoA8dKC/yU=,9LByovQq8GZhZSmUJolMg8EZASw=
4,-15,ActuD10RiaLJrgzaPUoA8dKC/yU=,9LByovQq8GZhZSmUJolMg8EZASw=
4,-12,ActuD10RiaLJrgzaPUoA8dKC/yU=,82e6bJLwE190hLpSB6sF7YH9MW8=
4,-14,ActuD10RiaLJrgzaPUoA8dKC/yU=,9LByovQq8GZhZSmUJolMg8EZASw=
0,-15,ActuD10RiaLJrgzaPUoA8dKC/yU=,SX702ISTCfdAOPoSBQgofX9UioM=
1,-15,ActuD10RiaLJrgzaPUoA8dKC/yU=,SX702ISTCfdAOPoSBQgofX9UioM=
2,-15,ActuD10RiaLJrgzaPUoA8dKC/yU=,SX702ISTCfdAOPoSBQgofX9UioM=
3,-15,ActuD10RiaLJrgzaPUoA8dKC/yU=,SX702ISTCfdAOPoSBQgofX9UioM=
3,-12,ActuD10RiaLJrgzaPUoA8dKC/yU=,ecg1aBFOpDyA+0qiaQ/qa2lECSw=
0,-14,ActuD10RiaLJrgzaPUoA8dKC/yU=,SX702ISTCfdAOPoSBQgofX9UioM=
2,-12,ActuD10RiaLJrgzaPUoA8dKC/yU=,ecg1aBFOpDyA+0qiaQ/qa2lECSw=
1,-14,ActuD10RiaLJrgzaPUoA8dKC/yU=,SX702ISTCfdAOPoSBQgofX9UioM=
3,-16,ActuD10RiaLJrgzaPUoA8dKC/yU=,SX702ISTCfdAOPoSBQgofX9UioM=
2,-14,ActuD10RiaLJrgzaPUoA8dKC/yU=,SX702ISTCfdAOPoSBQgofX9UioM=
1,-12,ActuD10RiaLJrgzaPUoA8dKC/yU=,ecg1aBFOpDyA+0qiaQ/qa2lECSw=
0,-12,ActuD10RiaLJrgzaPUoA8dKC/yU=,ecg1aBFOpDyA+0qiaQ/qa2lECSw=
2,-16,ActuD10RiaLJrgzaPUoA8dKC/yU=,SX702ISTCfdAOPoSBQgofX9UioM=
4,-13,ActuD10RiaLJrgzaPUoA8dKC/yU=,9LByovQq8GZhZSmUJolMg8EZASw=
3,-14,ActuD10RiaLJrgzaPUoA8dKC/yU=,SX702ISTCfdAOPoSBQgofX9UioM=
1,-16,ActuD10RiaLJrgzaPUoA8dKC/yU=,SX702ISTCfdAOPoSBQgofX9UioM=
0,-13,ActuD10RiaLJrgzaPUoA8dKC/yU=,SX702ISTCfdAOPoSBQgofX9UioM=
0,-16,ActuD10RiaLJrgzaPUoA8dKC/yU=,SX702ISTCfdAOPoSBQgofX9UioM=
1,-13,ActuD10RiaLJrgzaPUoA8dKC/yU=,SX702ISTCfdAOPoSBQgofX9UioM=
2,-13,ActuD10RiaLJrgzaPUoA8dKC/yU=,SX702ISTCfdAOPoSBQgofX9UioM=
3,-13,ActuD10RiaLJrgzaPUoA8dKC/yU=,SX702ISTCfdAOPoSBQgofX9UioM=
14,-16,ActuD10RiaLJrgzaPUoA8dKC/yU=,H3HWPwR8+mdN6rO9Lc4RQbDCWIY=
15,-16,ActuD10RiaLJrgzaPUoA8dKC/yU=,H3HWPwR8+mdN6rO9Lc4RQbDCWIY=
11,-14,ActuD10RiaLJrgzaPUoA8dKC/yU=,j5n42CWjVvEEO2EbZKZhy3omoFQ=
13,-16,ActuD10RiaLJrgzaPUoA8dKC/yU=,H3HWPwR8+mdN6rO9Lc4RQbDCWIY=
12,-16,ActuD10RiaLJrgzaPUoA8dKC/yU=,H3HWPwR8+mdN6rO9Lc4RQbDCWIY=
15,-13,ActuD10RiaLJrgzaPUoA8dKC/yU=,H3HWPwR8+mdN6rO9Lc4RQbDCWIY=
11,-16,ActuD10RiaLJrgzaPUoA8dKC/yU=,j5n42CWjVvEEO2EbZKZhy3omoFQ=
14,-13,ActuD10RiaLJrgzaPUoA8dKC/yU=,H3HWPwR8+mdN6rO9Lc4RQbDCWIY=
15,-14,ActuD10RiaLJrgzaPUoA8dKC/yU=,H3HWPwR8+mdN6rO9Lc4RQbDCWIY=
13,-13,ActuD10RiaLJrgzaPUoA8dKC/yU=,H3HWPwR8+mdN6rO9Lc4RQbDCWIY=
11,-12,ActuD10RiaLJrgzaPUoA8dKC/yU=,kwhHQTZJdU1Wf+0nfbSyFyrkTaQ=
12,-13,ActuD10RiaLJrgzaPUoA8dKC/yU=,H3HWPwR8+mdN6rO9Lc4RQbDCWIY=
11,-13,ActuD10RiaLJrgzaPUoA8dKC/yU=,j5n42CWjVvEEO2EbZKZhy3omoFQ=
14,-14,ActuD10RiaLJrgzaPUoA8dKC/yU=,H3HWPwR8+mdN6rO9Lc4RQbDCWIY=
12,-14,ActuD10RiaLJrgzaPUoA8dKC/yU=,H3HWPwR8+mdN6rO9Lc4RQbDCWIY=
15,-15,ActuD10RiaLJrgzaPUoA8dKC/yU=,H3HWPwR8+mdN6rO9Lc4RQbDCWIY=
13,-14,ActuD10RiaLJrgzaPUoA8dKC/yU=,H3HWPwR8+mdN6rO9Lc4RQbDCWIY=
11,-15,ActuD10RiaLJrgzaPUoA8dKC/yU=,j5n42CWjVvEEO2EbZKZhy3omoFQ=
14,-15,ActuD10RiaLJrgzaPUoA8dKC/yU=,H3HWPwR8+mdN6rO9Lc4RQbDCWIY=
13,-15,ActuD10RiaLJrgzaPUoA8dKC/yU=,H3HWPwR8+mdN6rO9Lc4RQbDCWIY=
15,-12,ActuD10RiaLJrgzaPUoA8dKC/yU=,4DFDBYNY4fT1zqsnwI5VWp4ysh0=
12,-15,ActuD10RiaLJrgzaPUoA8dKC/yU=,H3HWPwR8+mdN6rO9Lc4RQbDCWIY=
12,-12,ActuD10RiaLJrgzaPUoA8dKC/yU=,4DFDBYNY4fT1zqsnwI5VWp4ysh0=
13,-12,ActuD10RiaLJrgzaPUoA8dKC/yU=,4DFDBYNY4fT1zqsnwI5VWp4ysh0=
14,-12,ActuD10RiaLJrgzaPUoA8dKC/yU=,4DFDBYNY4fT1zqsnwI5VWp4ysh0=
17,-3,5SMmowhxi4D136Q9DsO0r1gBZyk=,0HojetSP3c3GWRvhCnVcYC7Jbbw=
18,-3,5SMmowhxi4D136Q9DsO0r1gBZyk=,0HojetSP3c3GWRvhCnVcYC7Jbbw=
17,-11,5SMmowhxi4D136Q9DsO0r1gBZyk=,UDaabze83VenA9vafDn99cklJdg=
18,-10,5SMmowhxi4D136Q9DsO0r1gBZyk=,UDaabze83VenA9vafDn99cklJdg=
17,-10,5SMmowhxi4D136Q9DsO0r1gBZyk=,UDaabze83VenA9vafDn99cklJdg=
18,-11,5SMmowhxi4D136Q9DsO0r1gBZyk=,UDaabze83VenA9vafDn99cklJdg=
18,-2,5SMmowhxi4D136Q9DsO0r1gBZyk=,0HojetSP3c3GWRvhCnVcYC7Jbbw=
17,-2,5SMmowhxi4D136Q9DsO0r1gBZyk=,0HojetSP3c3GWRvhCnVcYC7Jbbw=
16,-11,5SMmowhxi4D136Q9DsO0r1gBZyk=,UDaabze83VenA9vafDn99cklJdg=
18,-14,5SMmowhxi4D136Q9DsO0r1gBZyk=,WKIY5ecdR0dtVfQ7DnL34igY/y8=
16,-10,5SMmowhxi4D136Q9DsO0r1gBZyk=,UDaabze83VenA9vafDn99cklJdg=
18,-12,5SMmowhxi4D136Q9DsO0r1gBZyk=,UDaabze83VenA9vafDn99cklJdg=
18,-13,5SMmowhxi4D136Q9DsO0r1gBZyk=,WKIY5ecdR0dtVfQ7DnL34igY/y8=
18,-15,5SMmowhxi4D136Q9DsO0r1gBZyk=,WKIY5ecdR0dtVfQ7DnL34igY/y8=
17,-15,5SMmowhxi4D136Q9DsO0r1gBZyk=,WKIY5ecdR0dtVfQ7DnL34igY/y8=
17,-13,5SMmowhxi4D136Q9DsO0r1gBZyk=,WKIY5ecdR0dtVfQ7DnL34igY/y8=
17,-14,5SMmowhxi4D136Q9DsO0r1gBZyk=,WKIY5ecdR0dtVfQ7DnL34igY/y8=
19,-2,5SMmowhxi4D136Q9DsO0r1gBZyk=,0HojetSP3c3GWRvhCnVcYC7Jbbw=
17,-12,5SMmowhxi4D136Q9DsO0r1gBZyk=,UDaabze83VenA9vafDn99cklJdg=
19,-3,5SMmowhxi4D136Q9DsO0r1gBZyk=,0HojetSP3c3GWRvhCnVcYC7Jbbw=
19,-11,5SMmowhxi4D136Q9DsO0r1gBZyk=,UDaabze83VenA9vafDn99cklJdg=
19,-10,5SMmowhxi4D136Q9DsO0r1gBZyk=,UDaabze83VenA9vafDn99cklJdg=
19,-14,5SMmowhxi4D136Q9DsO0r1gBZyk=,WKIY5ecdR0dtVfQ7DnL34igY/y8=
19,-13,5SMmowhxi4D136Q9DsO0r1gBZyk=,WKIY5ecdR0dtVfQ7DnL34igY/y8=
19,-12,5SMmowhxi4D136Q9DsO0r1gBZyk=,UDaabze83VenA9vafDn99cklJdg=
19,-15,5SMmowhxi4D136Q9DsO0r1gBZyk=,WKIY5ecdR0dtVfQ7DnL34igY/y8=
17,-1,5SMmowhxi4D136Q9DsO0r1gBZyk=,0HojetSP3c3GWRvhCnVcYC7Jbbw=
18,-1,5SMmowhxi4D136Q9DsO0r1gBZyk=,0HojetSP3c3GWRvhCnVcYC7Jbbw=
19,-1,5SMmowhxi4D136Q9DsO0r1gBZyk=,0HojetSP3c3GWRvhCnVcYC7Jbbw=
16,-2,5SMmowhxi4D136Q9DsO0r1gBZyk=,0HojetSP3c3GWRvhCnVcYC7Jbbw=
18,-16,5SMmowhxi4D136Q9DsO0r1gBZyk=,WKIY5ecdR0dtVfQ7DnL34igY/y8=
16,-1,5SMmowhxi4D136Q9DsO0r1gBZyk=,0HojetSP3c3GWRvhCnVcYC7Jbbw=
19,-16,5SMmowhxi4D136Q9DsO0r1gBZyk=,WKIY5ecdR0dtVfQ7DnL34igY/y8=
17,-16,5SMmowhxi4D136Q9DsO0r1gBZyk=,WKIY5ecdR0dtVfQ7DnL34igY/y8=
16,-3,5SMmowhxi4D136Q9DsO0r1gBZyk=,0HojetSP3c3GWRvhCnVcYC7Jbbw=
17,-8,5SMmowhxi4D136Q9DsO0r1gBZyk=,5vDSHrrKLfbxsIMal4rOJcJsN9s=
16,-5,5SMmowhxi4D136Q9DsO0r1gBZyk=,5vDSHrrKLfbxsIMal4rOJcJsN9s=
16,-9,5SMmowhxi4D136Q9DsO0r1gBZyk=,UDaabze83VenA9vafDn99cklJdg=
16,-8,5SMmowhxi4D136Q9DsO0r1gBZyk=,5vDSHrrKLfbxsIMal4rOJcJsN9s=
17,-5,5SMmowhxi4D136Q9DsO0r1gBZyk=,5vDSHrrKLfbxsIMal4rOJcJsN9s=
19,-6,5SMmowhxi4D136Q9DsO0r1gBZyk=,5vDSHrrKLfbxsIMal4rOJcJsN9s=
18,-5,5SMmowhxi4D136Q9DsO0r1gBZyk=,5vDSHrrKLfbxsIMal4rOJcJsN9s=
19,-8,5SMmowhxi4D136Q9DsO0r1gBZyk=,5vDSHrrKLfbxsIMal4rOJcJsN9s=
16,-7,5SMmowhxi4D136Q9DsO0r1gBZyk=,5vDSHrrKLfbxsIMal4rOJcJsN9s=
18,-6,5SMmowhxi4D136Q9DsO0r1gBZyk=,5vDSHrrKLfbxsIMal4rOJcJsN9s=
17,-7,5SMmowhxi4D136Q9DsO0r1gBZyk=,5vDSHrrKLfbxsIMal4rOJcJsN9s=
19,-9,5SMmowhxi4D136Q9DsO0r1gBZyk=,UDaabze83VenA9vafDn99cklJdg=
18,-8,5SMmowhxi4D136Q9DsO0r1gBZyk=,5vDSHrrKLfbxsIMal4rOJcJsN9s=
17,-6,5SMmowhxi4D136Q9DsO0r1gBZyk=,5vDSHrrKLfbxsIMal4rOJcJsN9s=
18,-7,5SMmowhxi4D136Q9DsO0r1gBZyk=,5vDSHrrKLfbxsIMal4rOJcJsN9s=
19,-4,5SMmowhxi4D136Q9DsO0r1gBZyk=,0HojetSP3c3GWRvhCnVcYC7Jbbw=
18,-9,5SMmowhxi4D136Q9DsO0r1gBZyk=,UDaabze83VenA9vafDn99cklJdg=
18,-4,5SMmowhxi4D136Q9DsO0r1gBZyk=,0HojetSP3c3GWRvhCnVcYC7Jbbw=
19,-5,5SMmowhxi4D136Q9DsO0r1gBZyk=,5vDSHrrKLfbxsIMal4rOJcJsN9s=
16,-6,5SMmowhxi4D136Q9DsO0r1gBZyk=,5vDSHrrKLfbxsIMal4rOJcJsN9s=
17,-9,5SMmowhxi4D136Q9DsO0r1gBZyk=,UDaabze83VenA9vafDn99cklJdg=
17,-4,5SMmowhxi4D136Q9DsO0r1gBZyk=,0HojetSP3c3GWRvhCnVcYC7Jbbw=
19,-7,5SMmowhxi4D136Q9DsO0r1gBZyk=,5vDSHrrKLfbxsIMal4rOJcJsN9s=
16,-4,5SMmowhxi4D136Q9DsO0r1gBZyk=,0HojetSP3c3GWRvhCnVcYC7Jbbw=
16,-16,5SMmowhxi4D136Q9DsO0r1gBZyk=,WKIY5ecdR0dtVfQ7DnL34igY/y8=
16,-13,5SMmowhxi4D136Q9DsO0r1gBZyk=,WKIY5ecdR0dtVfQ7DnL34igY/y8=
16,-12,5SMmowhxi4D136Q9DsO0r1gBZyk=,UDaabze83VenA9vafDn99cklJdg=
16,-15,5SMmowhxi4D136Q9DsO0r1gBZyk=,WKIY5ecdR0dtVfQ7DnL34igY/y8=
16,-14,5SMmowhxi4D136Q9DsO0r1gBZyk=,WKIY5ecdR0dtVfQ7DnL34igY/y8=
19,-20,5SMmowhxi4D136Q9DsO0r1gBZyk=,UDaabze83VenA9vafDn99cklJdg=
17,-18,5SMmowhxi4D136Q9DsO0r1gBZyk=,UDaabze83VenA9vafDn99cklJdg=
19,-19,5SMmowhxi4D136Q9DsO0r1gBZyk=,UDaabze83VenA9vafDn99cklJdg=
17,-20,5SMmowhxi4D136Q9DsO0r1gBZyk=,UDaabze83VenA9vafDn99cklJdg=
16,-17,5SMmowhxi4D136Q9DsO0r1gBZyk=,UDaabze83VenA9vafDn99cklJdg=
19,-18,5SMmowhxi4D136Q9DsO0r1gBZyk=,UDaabze83VenA9vafDn99cklJdg=
16,-20,5SMmowhxi4D136Q9DsO0r1gBZyk=,UDaabze83VenA9vafDn99cklJdg=
19,-17,5SMmowhxi4D136Q9DsO0r1gBZyk=,UDaabze83VenA9vafDn99cklJdg=
18,-17,5SMmowhxi4D136Q9DsO0r1gBZyk=,UDaabze83VenA9vafDn99cklJdg=
18,-18,5SMmowhxi4D136Q9DsO0r1gBZyk=,UDaabze83VenA9vafDn99cklJdg=
17,-17,5SMmowhxi4D136Q9DsO0r1gBZyk=,UDaabze83VenA9vafDn99cklJdg=
16,-18,5SMmowhxi4D136Q9DsO0r1gBZyk=,UDaabze83VenA9vafDn99cklJdg=
18,-19,5SMmowhxi4D136Q9DsO0r1gBZyk=,UDaabze83VenA9vafDn99cklJdg=
16,-19,5SMmowhxi4D136Q9DsO0r1gBZyk=,UDaabze83VenA9vafDn99cklJdg=
18,-20,5SMmowhxi4D136Q9DsO0r1gBZyk=,UDaabze83VenA9vafDn99cklJdg=
17,-19,5SMmowhxi4D136Q9DsO0r1gBZyk=,UDaabze83VenA9vafDn99cklJdg=
